split,metric,seed,n_groups,n_windows,E_D_R0,E_D_R1,E_I_R1,E_I_R0,Delta_data,Delta_data_ci_low,Delta_data_ci_high,Delta_data_crosses_zero,Delta_data_rel_pct,Delta_arch,Delta_arch_ci_low,Delta_arch_ci_high,Delta_arch_crosses_zero,Delta_arch_rel_pct
test_all,FDE_xy_2s_m,42,6,1296,0.09932024880144806,0.08992581067708823,0.09687526138496368,0.10316819360110883,0.009394438124359847,0.007972777532241685,0.010776975476426977,False,9.458733981970129,-0.006949450707875467,-0.008762160938507504,-0.004945501919736324,False,-7.727982272887181
test_all,FDE_xy_2s_m,43,6,1296,0.0981932430106086,0.08900035274953018,0.09956548820440181,0.11504709227659925,0.009192890261078411,0.007490518486558381,0.011585458788953264,False,9.36203956527358,-0.010565135454871623,-0.014108398392463493,-0.008072018654078297,False,-11.870891663322531
test_all,FDE_xy_2s_m,44,6,1296,0.09827244901257666,0.0891911813191062,0.09985488481659867,0.11274872275428027,0.009081267693470459,0.006304267338486169,0.011934454181437132,False,9.240909110047985,-0.01066370349749247,-0.014974231943426626,-0.007636937676933591,False,-11.956006569012818
test_all,ADE_xy_2s_m,42,6,1296,0.06283602020046297,0.05495285681291121,0.05492918853077907,0.06639501828670907,0.007883163387551758,0.006992176571055874,0.008767982768854196,False,12.54561215430648,2.3668282132150813e-05,-0.0014416057778228971,0.0013943388320598268,True,0.04307015777674717
test_all,ADE_xy_2s_m,43,6,1296,0.06248691994532541,0.05449104455078419,0.05634705189384099,0.07058176835675807,0.007995875394541215,0.007206624517676224,0.008667371420359293,False,12.79607860579049,-0.0018560073430567946,-0.0037823534787505414,-0.0003693821749776233,False,-3.4060777479261675
test_all,ADE_xy_2s_m,44,6,1296,0.06179246239273853,0.05255458908535989,0.05766237665904317,0.06988686433686668,0.009237873307378644,0.0073852998238543395,0.01075220857110685,False,14.949838458718261,-0.005107787573683284,-0.0067949826574869475,-0.0033136258296898786,False,-9.71901343455877
test_all,net_yaw_err_rad,42,6,1296,0.09683111209707447,0.0679239444767027,0.09211988524881093,0.09958389382529796,0.028907167620371776,0.024227284792481797,0.03313530751204086,False,29.85318147682943,-0.024195940772108224,-0.02790429006166938,-0.01848837879160653,False,-35.622107871558036
test_all,net_yaw_err_rad,43,6,1296,0.09799206770535081,0.07013955229137571,0.09061646823776733,0.10949590865383942,0.0278525154139751,0.024596346553594037,0.03110779717200235,False,28.42323472316548,-0.020476915946391613,-0.025661342477972676,-0.015542560182943303,False,-29.194534720332733
test_all,net_yaw_err_rad,44,6,1296,0.09508917216244128,0.0730078347617006,0.09123941750885799,0.10784436810664012,0.022081337400740687,0.017764681960530233,0.026847868244146058,False,23.221715888975282,-0.018231582747157398,-0.022736816887367065,-0.013874204774631478,False,-24.972090744323182
test_all,lead_MAE_vx@2.0s,42,6,1296,0.042508576065301895,0.04610191658139229,0.04884190484881401,0.04824312403798103,-0.0035933423787355423,-0.006421193480491638,-0.0007113326617400172,False,-8.45321747125905,-0.0027399796526879072,-0.004041795153170824,-0.0014595016837120056,False,-5.943309640610085
test_all,lead_MAE_vx@2.0s,43,6,1296,0.04427003487944603,0.043300073593854904,0.04698656126856804,0.057528913021087646,0.0009699643705971539,-0.0025302034337073565,0.004329511604737481,True,2.1910178594584644,-0.0036864876747131348,-0.005630024243146181,-0.0013404475757852197,False,-8.513813877758205
test_all,lead_MAE_vx@2.0s,44,6,1296,0.04383964464068413,0.041293252259492874,0.050627127289772034,0.05789751932024956,0.002546386793255806,0.0003131342527922243,0.004464125260710716,False,5.808411117668378,-0.009333872236311436,-0.012567572295665741,-0.006292523816227913,False,-22.603868006462676
test_all,lead_MAE_vy@2.0s,42,6,1296,0.058918729424476624,0.05330421403050423,0.056006234139204025,0.06391888111829758,0.005614513531327248,0.0025523643300402908,0.008675924502313137,False,9.529250861602607,-0.002702015219256282,-0.004821521695703268,-0.0006788447499275208,False,-5.069046169051491
test_all,lead_MAE_vy@2.0s,43,6,1296,0.06123793497681618,0.05396069958806038,0.06201772764325142,0.07268927246332169,0.007277232129126787,0.005360515788197517,0.00911378487944603,False,11.883536131454866,-0.008057028986513615,-0.00984192918986082,-0.00594465850153938,False,-14.931290824658534
test_all,lead_MAE_vy@2.0s,44,6,1296,0.05829548463225365,0.05177104473114014,0.06183036044239998,0.07112184911966324,0.006524443626403809,0.004600061569362879,0.008446874096989632,False,11.192022276788782,-0.010059316642582417,-0.01335987076163292,-0.007298958022147417,False,-19.43039143757469
test_all,lead_MAE_wz@2.0s,42,6,1296,0.09763636440038681,0.07779071480035782,0.09124448150396347,0.09159389138221741,0.019845642149448395,0.017094351211562754,0.022756770253181458,False,20.32607653032375,-0.013453756459057331,-0.017838379368185997,-0.009424143470823765,False,-17.294810175719643
test_all,lead_MAE_wz@2.0s,43,6,1296,0.097937673330307,0.08021332323551178,0.08981598168611526,0.10273700952529907,0.017724348232150078,0.01394593995064497,0.02150336382910609,False,18.097579439499757,-0.009602651931345463,-0.014166261069476604,-0.005393137689679861,False,-11.971392711347244
test_all,lead_MAE_wz@2.0s,44,6,1296,0.09829451888799667,0.08281783759593964,0.09454642981290817,0.09792722016572952,0.015476684086024761,0.011193677107803524,0.020672926679253578,False,15.745215766974685,-0.011728588491678238,-0.016961306147277356,-0.005720792803913355,False,-14.161911047352996
test_P0,FDE_xy_2s_m,42,6,432,0.08997959439396468,0.0789149719575519,0.07055027059296,0.08603155626921427,0.011064622436412777,0.008774292390846298,0.014154070814365911,False,12.296812972914367,0.008364701364591878,0.0035756213046970672,0.013228854829525466,False,10.59963801177199
test_P0,FDE_xy_2s_m,43,6,432,0.08706176316929555,0.08029284453235024,0.07257858630335694,0.09258790300559712,0.006768918636945322,0.004089590344268154,0.009369030770428109,False,7.7748467186253185,0.007714258228993298,0.004354810920640822,0.010821700414665398,False,9.607653426558079
test_P0,FDE_xy_2s_m,44,6,432,0.08792422267208945,0.07720117995798821,0.07322480899556233,0.09211456470063795,0.010723042714101252,0.0047607091056800594,0.017175258235302384,False,12.19577766879156,0.003976370962425882,-0.0005554469867138969,0.008992819601516353,True,5.150660863719657
test_P0,ADE_xy_2s_m,42,6,432,0.055737636001720686,0.04724512155542749,0.043630658764367995,0.05485865994823073,0.008492514446293188,0.007325157603126515,0.010196473323623325,False,15.23658887512024,0.0036144627910594967,0.0003760603082967479,0.006950681068881688,False,7.650446590171318
test_P0,ADE_xy_2s_m,43,6,432,0.05427235022892322,0.048136309379220664,0.04513264847588059,0.058255941696795134,0.006136040849702553,0.004497324932206522,0.007519978908437488,False,11.306016459247585,0.003003660903340077,0.0015294310937156604,0.004471943451214266,False,6.239906926966628
test_P0,ADE_xy_2s_m,44,6,432,0.05449797288594912,0.04559261980912197,0.0443722664312984,0.05759509021072129,0.008905353076827152,0.006844288889669124,0.010923014908068731,False,16.340705177170296,0.0012203533778235715,-0.0009803439892859974,0.0036567901655944297,True,2.676646753208528
test_P0,net_yaw_err_rad,42,6,432,0.09430296963049574,0.06948336064494688,0.05795444990712359,0.09651110438545844,0.02481960898554886,0.019686669840104667,0.03320635197279447,False,26.31901103729684,0.0115289107378233,0.004915338450725307,0.016600273158198633,False,16.592333230303723
test_P0,net_yaw_err_rad,43,6,432,0.09582363923149624,0.07107208547891812,0.06315402765154825,0.10099323929870045,0.024751553752578138,0.018120863341456572,0.033289975063197426,False,25.830321151529127,0.007918057827369882,0.002744694995551376,0.012104995809211145,False,11.140882913473236
test_P0,net_yaw_err_rad,44,6,432,0.09563506189531974,0.07058281173604114,0.05873634423104904,0.10162648901991848,0.025052250159278602,0.01754504988182415,0.03078772759032622,False,26.19567516639483,0.011846467504992098,0.007205624914813035,0.017896027346203713,False,16.783785193050097
test_P0,lead_MAE_vx@2.0s,42,6,432,0.041111722588539124,0.0443478561937809,0.039105284959077835,0.04614030942320824,-0.0032361347693949938,-0.006774630397558212,-2.444411393298651e-06,False,-7.871562088953051,0.005242573097348213,0.0028423078532796354,0.007333856076002121,False,11.821480331406422
test_P0,lead_MAE_vx@2.0s,43,6,432,0.042382657527923584,0.040193211287260056,0.03691188991069794,0.04828505590558052,0.0021894394885748625,-0.001093236729502678,0.006121429149061441,True,5.165885332066217,0.0032813239376991987,0.0019425004342338071,0.004535122890956695,False,8.1638760193796
test_P0,lead_MAE_vx@2.0s,44,6,432,0.04285097122192383,0.03650682047009468,0.039158742874860764,0.04904277250170708,0.006344152614474297,0.004055077256634831,0.008142146281898022,False,14.805154780782285,-0.002651924965903163,-0.0047827450092881914,-0.0007081124931573868,False,-7.26419044922179
test_P0,lead_MAE_vy@2.0s,42,6,432,0.043579500168561935,0.041811782866716385,0.04364290460944176,0.04942459240555763,0.0017677178839221597,-0.0008974311058409512,0.004681592341512442,True,4.056306008753593,-0.001831119298003614,-0.004102675803005695,0.00015089288353919983,True,-4.379433672657972
test_P0,lead_MAE_vy@2.0s,43,6,432,0.046403463929891586,0.04371432960033417,0.044119030237197876,0.05451318249106407,0.002689134329557419,0.0012391132244374604,0.004258561413735151,False,5.795115497455712,-0.0004047012480441481,-0.0033400084357708693,0.0025306057650595903,True,-0.9257862393045927
test_P0,lead_MAE_vy@2.0s,44,6,432,0.044438526034355164,0.041690438985824585,0.044462401419878006,0.05254235863685608,0.0027480863500386477,-8.26660543680191e-05,0.005801740207243704,True,6.184017777534112,-0.002771962434053421,-0.005228828173130751,0.00021124693739693612,True,-6.648916397824289
test_P0,lead_MAE_wz@2.0s,42,6,432,0.09081152081489563,0.08113320916891098,0.0799027681350708,0.08330649882555008,0.009678310714662075,0.006747438106685877,0.012811307795345783,False,10.657580258334978,0.001230444759130478,-0.001563663245178759,0.0042500206851400334,True,1.5165735113088141
test_P0,lead_MAE_wz@2.0s,43,6,432,0.09242469817399979,0.08201250433921814,0.07666844874620438,0.09292002767324448,0.010412187315523624,0.006744785234332085,0.013931010849773884,False,11.265589740873724,0.005344055127352476,0.0013532191514968872,0.009334891103208065,False,6.516146739341752
test_P0,lead_MAE_wz@2.0s,44,6,432,0.09413420408964157,0.08158456534147263,0.08059918135404587,0.08845005184412003,0.012549628503620625,0.007172251120209694,0.01800606311298903,False,13.331635004498406,0.0009853839874267578,-0.006232445256318897,0.00868772342801094,True,1.2078068729084086
test_P1,FDE_xy_2s_m,42,6,432,0.09320130196759557,0.08491784081963198,0.08135907640578256,0.09179316599994258,0.008283461147963583,0.005866327820908349,0.010639757404145939,False,8.887709691913527,0.003558764413849419,0.0020198391874321577,0.005349089633477368,False,4.190832432266313
test_P1,FDE_xy_2s_m,43,6,432,0.0925325649557186,0.0838129251878974,0.08646651418829195,0.09835765698363885,0.008719639767821195,0.006605514593475327,0.010976673063636342,False,9.423320073310377,-0.002653589000394548,-0.008107783219129791,0.0014520493307111776,True,-3.1660856537885484
test_P1,FDE_xy_2s_m,44,6,432,0.08993028718846259,0.08422998462732197,0.08314126256326583,0.09474954161667855,0.00570030256114062,0.004403796101287457,0.007781379848274911,False,6.338579292196376,0.0010887220640561357,-0.003226724006177214,0.004196877765563369,True,1.2925587828054563
test_P1,ADE_xy_2s_m,42,6,432,0.05803974410331425,0.05153535927023153,0.05084121244941155,0.06008790482795693,0.006504384833082724,0.005323988960039313,0.0077094089791157,False,11.20677724130645,0.0006941468208199707,-0.0007921335784465145,0.0022249867110999163,True,1.346933116697863
test_P1,ADE_xy_2s_m,43,6,432,0.05872854542844382,0.05178526476264509,0.052012193118213305,0.06313318818624584,0.006943280665798729,0.006116330792411111,0.007839995075488876,False,11.822667520786085,-0.00022692835556821384,-0.004251344243711459,0.0025417636095323506,True,-0.4382102835784029
test_P1,ADE_xy_2s_m,44,6,432,0.05731543947551709,0.04962396384299842,0.05013044637981493,0.06266007483563808,0.007691475632518663,0.005775865200713958,0.009606833744436062,False,13.419552746872263,-0.0005064825368165116,-0.0022606503799311047,0.000867546164375399,True,-1.020641032262022
test_P1,net_yaw_err_rad,42,6,432,0.08942819584571586,0.07631065148694745,0.07335490191879444,0.09366000504565906,0.013117544358768406,0.006878031033671131,0.0185620302698973,False,14.668242196677182,0.002955749568153001,-0.0020875726337174633,0.007187806507267196,True,3.8733119303254373
test_P1,net_yaw_err_rad,43,6,432,0.09299298939647611,0.07991283589150742,0.09312230625359902,0.09655274958145788,0.013080153504968701,0.008568531022549475,0.018611968693437467,False,14.065741503589475,-0.013209470362091599,-0.018171159150262756,-0.007262975107477536,False,-16.52984807099733
test_P1,net_yaw_err_rad,44,6,432,0.0896301590839238,0.0784052827303649,0.08640956067738566,0.10388365178783465,0.01122487635355889,0.006246973609556,0.016014417940264616,False,12.52354839965045,-0.008004277947020766,-0.012610177600840364,-0.0027886591653477153,False,-10.208850307379683
test_P1,lead_MAE_vx@2.0s,42,6,432,0.04907090589404106,0.049902867525815964,0.0508696623146534,0.05342448875308037,-0.0008319622720591724,-0.004129592329263687,0.002940285950899124,True,-1.695428802263465,-0.0009667929261922836,-0.0046800062991678715,0.0026532011572271566,True,-1.9373494432802647
test_P1,lead_MAE_vx@2.0s,43,6,432,0.04713684692978859,0.05059095099568367,0.048593178391456604,0.05823700129985809,-0.003454099176451564,-0.0069339401088654995,0.0002790200152958204,True,-7.32781125898498,0.001997770741581917,-0.0017000430962070823,0.004968142602592707,True,3.9488697133848363
test_P1,lead_MAE_vx@2.0s,44,6,432,0.0485764779150486,0.046535927802324295,0.05205212160944939,0.062230344861745834,0.002040550811216235,-0.0015730025479570031,0.005844399612396952,True,4.200697330886744,-0.005516197066754103,-0.009866570122539997,-0.001502482540672649,False,-11.853630790785672
test_P1,lead_MAE_vy@2.0s,42,6,432,0.053978610783815384,0.04924054443836212,0.05177851393818855,0.0594969242811203,0.004738066345453262,0.001572329070768319,0.007670877501368523,False,8.777673742714947,-0.0025379720609635115,-0.006742040568497032,0.0013058986514806747,True,-5.154232330108516
test_P1,lead_MAE_vy@2.0s,43,6,432,0.05564761534333229,0.051065582782030106,0.054580435156822205,0.06683886796236038,0.004582030698657036,0.0009551302646286786,0.008101089857518673,False,8.23401087429716,-0.003514845622703433,-0.005553473252803087,-0.0008506837184540927,False,-6.883003054535395
test_P1,lead_MAE_vy@2.0s,44,6,432,0.055452603846788406,0.049286145716905594,0.05649719014763832,0.06664054840803146,0.006166461389511824,0.003023771569132805,0.008468606509268284,False,11.120237755740591,-0.007211045827716589,-0.01307258103042841,-0.001686264559975826,False,-14.630979401668114
test_P1,lead_MAE_wz@2.0s,42,6,432,0.08898922801017761,0.07309991121292114,0.07716468721628189,0.07804557681083679,0.015889322385191917,0.010858196765184402,0.019105222076177597,False,17.855332314350083,-0.004064780194312334,-0.007701357360929251,0.0009848571062320837,True,-5.560581575089305
test_P1,lead_MAE_wz@2.0s,43,6,432,0.0904783234000206,0.07672377675771713,0.08434786647558212,0.08635593205690384,0.013754542917013168,0.0044517419300973415,0.020410423446446654,False,15.20203116076976,-0.00762408459559083,-0.01456692749634385,-0.0010387720845756248,False,-9.937055913796598
test_P1,lead_MAE_wz@2.0s,44,6,432,0.08837135881185532,0.07862461358308792,0.08336519449949265,0.08892541378736496,0.009746742434799671,0.0038030287891160698,0.014283537864685059,False,11.029300178070944,-0.004740579519420862,-0.010697838850319386,0.0006851603393442929,True,-6.0293835522780315
test_P1_purity08,FDE_xy_2s_m,42,6,135,0.03682558278498561,0.03458481317941368,0.030058340829498684,0.03492948496354245,0.0022407696055719273,-0.002014711325637799,0.006498679744949964,True,6.084817770991328,0.004526472349914992,0.00020496915762532154,0.008780421572747435,False,13.088034700182615
test_P1_purity08,FDE_xy_2s_m,43,6,135,0.03421462031295638,0.032462245500428484,0.030696592708563213,0.03511711184355545,0.0017523748125278938,-0.001955866245250355,0.005541386164786355,True,5.12171345611661,0.0017656527918652742,-0.0018195167455305715,0.004683479986754262,True,5.439096293698994
test_P1_purity08,FDE_xy_2s_m,44,6,135,0.03418805394489368,0.03312703825728281,0.03174674805229757,0.03237167613242697,0.0010610156876108597,-0.003908198656807524,0.006143852073705412,True,3.103469092803783,0.0013802902049852486,-0.004332911100188872,0.007381910773036303,True,4.166657442374278
test_P1_purity08,ADE_xy_2s_m,42,6,135,0.02701888212357846,0.02386439069979961,0.022289527344745822,0.026231295850920617,0.003154491423778848,0.0005477322149503687,0.005752413125095247,False,11.675136703846198,0.001574863355053793,-0.00047606055788159427,0.0034308378432075085,True,6.59921878947036
test_P1_purity08,ADE_xy_2s_m,43,6,135,0.025719273928909808,0.023438323462579496,0.023869117568544474,0.02709373982771682,0.0022809504663303098,0.0005269695759762457,0.004302476778121489,False,8.868642531025738,-0.0004307941059649804,-0.0023255460393847363,0.0018270730210172038,True,-1.8379902754254829
test_P1_purity08,ADE_xy_2s_m,44,6,135,0.025123599028919124,0.022356518285890723,0.02304525434805971,0.024436738077983244,0.0027670807430284004,0.000717538533565937,0.00489410516544102,False,11.013870822581135,-0.0006887360621689832,-0.0036305149552968907,0.002728240541024658,True,-3.0806946473577104
test_P1_purity08,net_yaw_err_rad,42,6,135,0.042287260661756365,0.03887162024884143,0.03544257625986794,0.045884205974360416,0.003415640412914934,-0.007187059248237693,0.016804424581558067,True,8.07723262151138,0.003429043988973486,-0.004146181833574601,0.009858328154050036,True,8.821458861303032
test_P1_purity08,net_yaw_err_rad,43,6,135,0.04335136617852983,0.034185393734620796,0.03496880208933178,0.04780827021133623,0.009165972443909032,0.002258166095161651,0.018509299018949113,False,21.143445413373307,-0.0007834083547109799,-0.005301891441030463,0.004474666160748468,True,-2.2916464288594507
test_P1_purity08,net_yaw_err_rad,44,6,135,0.04434467598145634,0.03713400394532148,0.03606263145622177,0.04470902091127527,0.00721067203613486,0.0009579372830687923,0.014467875674271788,False,16.26051352624643,0.0010713724890997068,-0.0056572771693517735,0.006691662090130218,True,2.885152085073469
test_P1_purity08,lead_MAE_vx@2.0s,42,6,135,0.022878773510456085,0.02621220052242279,0.022424550727009773,0.023417403921484947,-0.0033334263134747744,-0.009570709406398236,0.002477739739697409,True,-14.569951977326616,0.003787650726735592,-0.00012882056471426038,0.007585417025256902,True,14.449953270788956
test_P1_purity08,lead_MAE_vx@2.0s,43,6,135,0.022238714620471,0.028010020032525063,0.023138655349612236,0.02455666847527027,-0.005771305412054062,-0.0139750384259969,0.003261960344389081,True,-25.95161415822795,0.00487136235460639,0.0004927674308419228,0.00926776418928057,False,17.39149900267759
test_P1_purity08,lead_MAE_vx@2.0s,44,6,135,0.02204900234937668,0.024726325646042824,0.02466062270104885,0.0262630432844162,-0.0026773251593112946,-0.008373534306883812,0.004007855604868372,True,-12.14261360622052,6.570573896169662e-05,-0.00544428201392293,0.005818964913487434,True,0.2657319162671956
test_P1_purity08,lead_MAE_vy@2.0s,42,6,135,0.02012365311384201,0.023028112947940826,0.023018566891551018,0.02309665083885193,-0.002904459834098816,-0.009149077348411083,0.0038233455270528746,True,-14.433064502095743,9.546832188789267e-06,-0.002554979093838483,0.002820335328578949,True,0.041457292702930505
test_P1_purity08,lead_MAE_vy@2.0s,43,6,135,0.021695787087082863,0.02312539517879486,0.023204749450087547,0.0254856925457716,-0.0014296084409579635,-0.007742929318919778,0.004961098078638315,True,-6.58933660816167,-7.935272151371464e-05,-0.0026394843589514494,0.0024721489753574133,True,-0.3431410399701112
test_P1_purity08,lead_MAE_vy@2.0s,44,6,135,0.02147134579718113,0.023500703275203705,0.0202792901545763,0.025197340175509453,-0.002029356313869357,-0.011228406056761741,0.0069741434417665005,True,-9.4514630477228,0.003221414051949978,-0.004329546622466296,0.011472065933048725,True,13.707734675961754
test_P1_purity08,lead_MAE_wz@2.0s,42,6,135,0.044815272092819214,0.044455189257860184,0.04305426403880119,0.0423867404460907,0.0003600775671657175,-0.005047962535172701,0.006351767841260836,True,0.8034706704891634,0.0014009311562404037,-0.003459325758740306,0.00548020059941336,True,3.151333240568092
test_P1_purity08,lead_MAE_wz@2.0s,43,6,135,0.04402752220630646,0.048282161355018616,0.03970380127429962,0.04523250833153725,-0.004254634957760572,-0.01093165185302496,0.003004345484077919,True,-9.663580289219961,0.00857835728675127,0.0005471312324516475,0.01655370555818081,False,17.76713603120339
test_P1_purity08,lead_MAE_wz@2.0s,44,6,135,0.046502288430929184,0.047449901700019836,0.04552429914474487,0.04764204099774361,-0.0009476172854192555,-0.005397685361094773,0.0042337230406701565,True,-2.037786348572439,0.0019256019731983542,-0.006232082843780518,0.00899635029491037,True,4.058179056665041
test_P2,FDE_xy_2s_m,42,6,432,0.11478000877119364,0.1059407775162371,0.1387328307741135,0.13167810831529328,0.008839231254956554,0.004763031907067716,0.012814709900758862,False,7.701019846214663,-0.03279205325787641,-0.036976637469345416,-0.02839001636933597,False,-30.953192931636273
test_P2,FDE_xy_2s_m,43,6,432,0.1149850601464083,0.10290018440587478,0.13965428468031568,0.15418632062951124,0.01208487574053351,0.008199088200565769,0.016897939371705625,False,10.5099529670603,-0.03675410027444089,-0.0436580633931733,-0.03084252647350734,False,-35.71820642173944
test_P2,FDE_xy_2s_m,44,6,432,0.11695618128833703,0.10614152463412163,0.14320945136623545,0.15137678566823867,0.010814656654215377,0.007062398728691778,0.014647533234533485,False,9.246759371831358,-0.037067926732113815,-0.04500846356002916,-0.03015893457966694,False,-34.92311502014875
test_P2,ADE_xy_2s_m,42,6,432,0.07473035055295878,0.0660795404757704,0.07032331060513428,0.08423583156076449,0.008650810077188376,0.006962960592842331,0.010242484015178696,False,11.576033048390226,-0.004243770129363882,-0.007104684439160507,-0.0012042253165729978,False,-6.422214953083638
test_P2,ADE_xy_2s_m,43,6,432,0.07446899726316726,0.06355747108584307,0.07189750603608708,0.0903506238977303,0.0109115261773242,0.009667594905485263,0.012224217831140475,False,14.652441389486919,-0.008340034950244005,-0.011187493496544978,-0.005562049432645225,False,-13.122037122873634
test_P2,ADE_xy_2s_m,44,6,432,0.07355403467200973,0.06245366641157472,0.07849221115016783,0.08940425774471679,0.011100368260435001,0.00925666135500573,0.012799703158081812,False,15.091447138057728,-0.016038544738593105,-0.02079421520578785,-0.01202023893025859,False,-25.680709652653213
test_P2,net_yaw_err_rad,42,6,432,0.10677003599662556,0.05797505783056317,0.14505406035391263,0.10858075022112128,0.048794978166062396,0.03834533632470994,0.056654195064888606,False,45.70100376064737,-0.08707900252334945,-0.10157312649522351,-0.07123237389939525,False,-150.20080321065814
test_P2,net_yaw_err_rad,43,6,432,0.10514905484138515,0.05943596950624938,0.1155714627150437,0.13093496915886285,0.045713085335135774,0.04023101607379321,0.05035334981151423,False,43.47455657503805,-0.05613549320879433,-0.07016815658731491,-0.041099820709629364,False,-94.44700519757144
test_P2,net_yaw_err_rad,44,6,432,0.1000023969198049,0.0700321459409085,0.1285656925808466,0.1180040021954039,0.029970250978896395,0.02010979034689062,0.039013486112035894,False,29.96953263323327,-0.0585335466399381,-0.07516298849545032,-0.04139811991716046,False,-83.58096964403656
test_P2,lead_MAE_vx@2.0s,42,6,432,0.03734401986002922,0.044053271412849426,0.056550532579422,0.045162443071603775,-0.006709250155836344,-0.010750673711299896,-0.003208964026998736,False,-17.966063056370423,-0.012497265823185444,-0.01621677726507187,-0.00917710829526186,False,-28.36853069563467
test_P2,lead_MAE_vx@2.0s,43,6,432,0.043280165642499924,0.039118409156799316,0.05545150861144066,0.06606749445199966,0.004161757882684469,5.322570723365061e-05,0.007567551766987867,False,9.615854793766635,-0.01633310131728649,-0.020787490578368307,-0.011355587071739138,False,-41.75297940112571
test_P2,lead_MAE_vx@2.0s,44,6,432,0.04009795933961868,0.04083691164851189,0.0606684535741806,0.06242403760552406,-0.0007389569655060768,-0.005878311255946756,0.002908741356804967,True,-1.8428792329487758,-0.019831541925668716,-0.02478281226940453,-0.01454462856054306,False,-48.5627857864501
test_P2,lead_MAE_vy@2.0s,42,6,432,0.0791996493935585,0.06886105239391327,0.07258657366037369,0.08283799886703491,0.01033860258758068,0.005756870377808809,0.01492463517934084,False,13.053848933353414,-0.003725524293258786,-0.009404142387211323,0.001494720982736896,True,-5.410205281132315
test_P2,lead_MAE_vy@2.0s,43,6,432,0.08166413754224777,0.06709926575422287,0.08735096454620361,0.09671533852815628,0.014564868062734604,0.011781911365687847,0.01878408156335354,False,17.8350846541417,-0.020251691341400146,-0.02824880867265165,-0.013665220164693898,False,-30.1816884488421
test_P2,lead_MAE_vy@2.0s,44,6,432,0.07499536126852036,0.06433511525392532,0.08452555537223816,0.09418150037527084,0.01066023949533701,0.007768501993268728,0.013872810639441013,False,14.214531825732658,-0.020190434530377388,-0.027825698675587773,-0.01479741558432579,False,-31.383225864580222
test_P2,lead_MAE_wz@2.0s,42,6,432,0.1131102666258812,0.07914075255393982,0.1166890561580658,0.11343324184417725,0.03396951034665108,0.02750937081873417,0.040712397545576096,False,30.03220782690506,-0.037548307329416275,-0.04965503141283989,-0.025086963549256325,False,-47.44497129190747
test_P2,lead_MAE_wz@2.0s,43,6,432,0.1109078899025917,0.0818982943892479,0.10843511670827866,0.12893018126487732,0.029009604826569557,0.02073721089400351,0.03720640763640404,False,26.156484315090786,-0.026536813005805016,-0.03738125339150429,-0.014396059326827526,False,-32.40215587357694
test_P2,lead_MAE_wz@2.0s,44,6,432,0.112373948097229,0.08823408931493759,0.11966409534215927,0.11641944199800491,0.024139851331710815,0.016446856781840324,0.03412808105349541,False,21.481715059814714,-0.03143000602722168,-0.04387940838932991,-0.019335448741912842,False,-35.62115988417725
