split,variant,axis,lead_s,MAE,RMSE
test_all,command-copy,vx,0.25,0.09086693823337555,0.1695777326822281
test_all,command-copy,vx,0.5,0.050532057881355286,0.08869250118732452
test_all,command-copy,vx,1.0,0.061253201216459274,0.122248575091362
test_all,command-copy,vx,2.0,0.04562988877296448,0.09154786169528961
test_all,command-copy,vy,0.25,0.11269788444042206,0.20638935267925262
test_all,command-copy,vy,0.5,0.06934356689453125,0.1466742306947708
test_all,command-copy,vy,1.0,0.10687552392482758,0.22069726884365082
test_all,command-copy,vy,2.0,0.06772508472204208,0.15511494874954224
test_all,command-copy,wz,0.25,0.11227705329656601,0.18969090282917023
test_all,command-copy,wz,0.5,0.08368368446826935,0.12078941613435745
test_all,command-copy,wz,1.0,0.09068871289491653,0.14936339855194092
test_all,command-copy,wz,2.0,0.07309877127408981,0.11012987792491913
test_all,persistence,vx,0.25,0.26738038659095764,0.3768972158432007
test_all,persistence,vx,0.5,0.26883184909820557,0.3847644329071045
test_all,persistence,vx,1.0,0.27292895317077637,0.388649046421051
test_all,persistence,vx,2.0,0.25332513451576233,0.3773415982723236
test_all,persistence,vy,0.25,0.2577663064002991,0.3510374426841736
test_all,persistence,vy,0.5,0.27160516381263733,0.3744858503341675
test_all,persistence,vy,1.0,0.264877587556839,0.36984241008758545
test_all,persistence,vy,2.0,0.2488090842962265,0.36361563205718994
test_all,persistence,wz,0.25,0.2969428300857544,0.39489004015922546
test_all,persistence,wz,0.5,0.28669866919517517,0.38691264390945435
test_all,persistence,wz,1.0,0.2687583863735199,0.36964279413223267
test_all,persistence,wz,2.0,0.2626275420188904,0.3668666481971741
test_all,ridge_R0,vx,0.25,0.07469812508079425,0.10370350969167667
test_all,ridge_R0,vx,0.5,0.052967933914886425,0.07590586049526597
test_all,ridge_R0,vx,1.0,0.04946868174262291,0.07485443981108132
test_all,ridge_R0,vx,2.0,0.04199186352709705,0.06486182915295054
test_all,ridge_R0,vy,0.25,0.07658134428682123,0.11876741803664398
test_all,ridge_R0,vy,0.5,0.06325650152606288,0.1041373159243009
test_all,ridge_R0,vy,1.0,0.07171636568184585,0.11941434693383533
test_all,ridge_R0,vy,2.0,0.05711699483982592,0.09883427021451133
test_all,ridge_R0,wz,0.25,0.10107973571997443,0.1424684903265576
test_all,ridge_R0,wz,0.5,0.09810080455605998,0.13789706356668288
test_all,ridge_R0,wz,1.0,0.10938858313621878,0.15773798282177934
test_all,ridge_R0,wz,2.0,0.09580763023556715,0.13440361278390017
test_all,ridge_R1,vx,0.25,0.07032116861782807,0.09792509662354287
test_all,ridge_R1,vx,0.5,0.05027161753262197,0.07382100473448353
test_all,ridge_R1,vx,1.0,0.05070473391022099,0.07498372674738761
test_all,ridge_R1,vx,2.0,0.04126084056777439,0.06347713705437993
test_all,ridge_R1,vy,0.25,0.07545797221590661,0.1171573085562984
test_all,ridge_R1,vy,0.5,0.06131956348720634,0.10385272451387646
test_all,ridge_R1,vy,1.0,0.06944092908469386,0.11672182540182444
test_all,ridge_R1,vy,2.0,0.056526775135436906,0.09955937265619941
test_all,ridge_R1,wz,0.25,0.09456461961279415,0.13703871100026946
test_all,ridge_R1,wz,0.5,0.08577553816049856,0.12127710877067312
test_all,ridge_R1,wz,1.0,0.09298046063891408,0.13909551228433747
test_all,ridge_R1,wz,2.0,0.07884520549230155,0.1138962867595843
test_all,D_R0_seedmean,vx,0.25,0.07937559485435486,0.11679759621620178
test_all,D_R0_seedmean,vx,0.5,0.048463206738233566,0.07082249224185944
test_all,D_R0_seedmean,vx,1.0,0.04755721986293793,0.07235657423734665
test_all,D_R0_seedmean,vx,2.0,0.04213863983750343,0.06561210751533508
test_all,D_R0_seedmean,vy,0.25,0.08269160240888596,0.13990384340286255
test_all,D_R0_seedmean,vy,0.5,0.06165686994791031,0.10418390482664108
test_all,D_R0_seedmean,vy,1.0,0.07169516384601593,0.11937886476516724
test_all,D_R0_seedmean,vy,2.0,0.05751669779419899,0.10347245633602142
test_all,D_R0_seedmean,wz,0.25,0.11669620126485825,0.16707952320575714
test_all,D_R0_seedmean,wz,0.5,0.0942203626036644,0.13322429358959198
test_all,D_R0_seedmean,wz,1.0,0.10570834577083588,0.15370343625545502
test_all,D_R0_seedmean,wz,2.0,0.09704610705375671,0.13481995463371277
test_all,D_R0_s42,vx,0.25,0.0834847241640091,0.12222156673669815
test_all,D_R0_s42,vx,0.5,0.0486653596162796,0.07271137088537216
test_all,D_R0_s42,vx,1.0,0.0495903454720974,0.0748540461063385
test_all,D_R0_s42,vx,2.0,0.042508579790592194,0.06666771322488785
test_all,D_R0_s42,vy,0.25,0.08753378689289093,0.15153110027313232
test_all,D_R0_s42,vy,0.5,0.0661323070526123,0.10915743559598923
test_all,D_R0_s42,vy,1.0,0.07392510026693344,0.12328880280256271
test_all,D_R0_s42,vy,2.0,0.058918729424476624,0.10300684720277786
test_all,D_R0_s42,wz,0.25,0.11902043968439102,0.1721174120903015
test_all,D_R0_s42,wz,0.5,0.09592322260141373,0.1352601945400238
test_all,D_R0_s42,wz,1.0,0.10442999750375748,0.15214325487613678
test_all,D_R0_s42,wz,2.0,0.09763635694980621,0.1357751488685608
test_all,D_R0_s43,vx,0.25,0.08737801760435104,0.12920883297920227
test_all,D_R0_s43,vx,0.5,0.05038534477353096,0.07269568741321564
test_all,D_R0_s43,vx,1.0,0.050121888518333435,0.07431827485561371
test_all,D_R0_s43,vx,2.0,0.04427003860473633,0.06778160482645035
test_all,D_R0_s43,vy,0.25,0.0871846079826355,0.14482176303863525
test_all,D_R0_s43,vy,0.5,0.06241034343838692,0.1064799502491951
test_all,D_R0_s43,vy,1.0,0.07239654660224915,0.12032884359359741
test_all,D_R0_s43,vy,2.0,0.06123793497681618,0.10783077031373978
test_all,D_R0_s43,wz,0.25,0.12286737561225891,0.1754351556301117
test_all,D_R0_s43,wz,0.5,0.09559809416532516,0.1335156261920929
test_all,D_R0_s43,wz,1.0,0.10836657881736755,0.15821261703968048
test_all,D_R0_s43,wz,2.0,0.0979376807808876,0.13590191304683685
test_all,D_R0_s44,vx,0.25,0.07515575736761093,0.10812481492757797
test_all,D_R0_s44,vx,0.5,0.05092911794781685,0.07267510145902634
test_all,D_R0_s44,vx,1.0,0.049824271351099014,0.07463160902261734
test_all,D_R0_s44,vx,2.0,0.04383964464068413,0.06695214658975601
test_all,D_R0_s44,vy,0.25,0.08495178818702698,0.1331603080034256
test_all,D_R0_s44,vy,0.5,0.06090821698307991,0.10101998597383499
test_all,D_R0_s44,vy,1.0,0.07415027171373367,0.11982379108667374
test_all,D_R0_s44,vy,2.0,0.05829548463225365,0.104033924639225
test_all,D_R0_s44,wz,0.25,0.11407160758972168,0.16138955950737
test_all,D_R0_s44,wz,0.5,0.0962720587849617,0.13592422008514404
test_all,D_R0_s44,wz,1.0,0.10772007703781128,0.15463301539421082
test_all,D_R0_s44,wz,2.0,0.09829451888799667,0.13601160049438477
test_all,D_R1_seedmean,vx,0.25,0.06276065856218338,0.08649385720491409
test_all,D_R1_seedmean,vx,0.5,0.04352431371808052,0.06280691176652908
test_all,D_R1_seedmean,vx,1.0,0.04716750606894493,0.06626128405332565
test_all,D_R1_seedmean,vx,2.0,0.038658205419778824,0.05771224945783615
test_all,D_R1_seedmean,vy,0.25,0.06772823631763458,0.10634304583072662
test_all,D_R1_seedmean,vy,0.5,0.05340854451060295,0.08772051334381104
test_all,D_R1_seedmean,vy,1.0,0.06107933074235916,0.09896640479564667
test_all,D_R1_seedmean,vy,2.0,0.05111239105463028,0.08779820054769516
test_all,D_R1_seedmean,wz,0.25,0.10519088059663773,0.14914146065711975
test_all,D_R1_seedmean,wz,0.5,0.08591341972351074,0.1206703931093216
test_all,D_R1_seedmean,wz,1.0,0.09247944504022598,0.13690760731697083
test_all,D_R1_seedmean,wz,2.0,0.07874403893947601,0.11331258714199066
test_all,D_R1_s42,vx,0.25,0.06693163514137268,0.09234702587127686
test_all,D_R1_s42,vx,0.5,0.04731292277574539,0.0668005719780922
test_all,D_R1_s42,vx,1.0,0.0515216663479805,0.07101723551750183
test_all,D_R1_s42,vx,2.0,0.04610192030668259,0.06521313637495041
test_all,D_R1_s42,vy,0.25,0.07813707739114761,0.11862975358963013
test_all,D_R1_s42,vy,0.5,0.0628914162516594,0.09677040576934814
test_all,D_R1_s42,vy,1.0,0.06256595999002457,0.10052429139614105
test_all,D_R1_s42,vy,2.0,0.05330421403050423,0.09211757034063339
test_all,D_R1_s42,wz,0.25,0.11265481263399124,0.15768346190452576
test_all,D_R1_s42,wz,0.5,0.08614712208509445,0.12090262025594711
test_all,D_R1_s42,wz,1.0,0.09709955006837845,0.14049716293811798
test_all,D_R1_s42,wz,2.0,0.07779071480035782,0.11225640028715134
test_all,D_R1_s43,vx,0.25,0.07017496228218079,0.09706808626651764
test_all,D_R1_s43,vx,0.5,0.04742339998483658,0.0691550225019455
test_all,D_R1_s43,vx,1.0,0.04953828454017639,0.0693587064743042
test_all,D_R1_s43,vx,2.0,0.043300069868564606,0.06364333629608154
test_all,D_R1_s43,vy,0.25,0.07304918766021729,0.11559434980154037
test_all,D_R1_s43,vy,0.5,0.05620093271136284,0.09291163086891174
test_all,D_R1_s43,vy,1.0,0.06568944454193115,0.10492760688066483
test_all,D_R1_s43,vy,2.0,0.053960707038640976,0.0940961167216301
test_all,D_R1_s43,wz,0.25,0.11252783238887787,0.16008290648460388
test_all,D_R1_s43,wz,0.5,0.08755291998386383,0.12221729010343552
test_all,D_R1_s43,wz,1.0,0.09452227503061295,0.14005251228809357
test_all,D_R1_s43,wz,2.0,0.08021332323551178,0.11547999829053879
test_all,D_R1_s44,vx,0.25,0.0626775473356247,0.08631942421197891
test_all,D_R1_s44,vx,0.5,0.04438760504126549,0.062362320721149445
test_all,D_R1_s44,vx,1.0,0.05134734511375427,0.06995627284049988
test_all,D_R1_s44,vx,2.0,0.041293252259492874,0.059394024312496185
test_all,D_R1_s44,vy,0.25,0.06793011724948883,0.10050332546234131
test_all,D_R1_s44,vy,0.5,0.05326990410685539,0.08286572247743607
test_all,D_R1_s44,vy,1.0,0.06321345269680023,0.09971701353788376
test_all,D_R1_s44,vy,2.0,0.05177103355526924,0.0828363373875618
test_all,D_R1_s44,wz,0.25,0.10728077590465546,0.14785611629486084
test_all,D_R1_s44,wz,0.5,0.0903383418917656,0.125310480594635
test_all,D_R1_s44,wz,1.0,0.0948658138513565,0.13924890756607056
test_all,D_R1_s44,wz,2.0,0.08281783759593964,0.11722733825445175
test_all,I_R0_seedmean,vx,0.25,0.09528455883264542,0.14498336613178253
test_all,I_R0_seedmean,vx,0.5,0.05582127720117569,0.08100409060716629
test_all,I_R0_seedmean,vx,1.0,0.05920802801847458,0.08664301782846451
test_all,I_R0_seedmean,vx,2.0,0.04661228507757187,0.07101377844810486
test_all,I_R0_seedmean,vy,0.25,0.0961122214794159,0.1485673189163208
test_all,I_R0_seedmean,vy,0.5,0.0671592652797699,0.11012639105319977
test_all,I_R0_seedmean,vy,1.0,0.07900730520486832,0.1318323314189911
test_all,I_R0_seedmean,vy,2.0,0.06285957992076874,0.1075129583477974
test_all,I_R0_seedmean,wz,0.25,0.13032589852809906,0.19261698424816132
test_all,I_R0_seedmean,wz,0.5,0.10688051581382751,0.15043208003044128
test_all,I_R0_seedmean,wz,1.0,0.11542125046253204,0.16658462584018707
test_all,I_R0_seedmean,wz,2.0,0.09319138526916504,0.13334771990776062
test_all,I_R0_s42,vx,0.25,0.11193873733282089,0.16613879799842834
test_all,I_R0_s42,vx,0.5,0.06527382880449295,0.09318051487207413
test_all,I_R0_s42,vx,1.0,0.06303335726261139,0.09131256490945816
test_all,I_R0_s42,vx,2.0,0.04824313148856163,0.07372972369194031
test_all,I_R0_s42,vy,0.25,0.10289712250232697,0.1645602136850357
test_all,I_R0_s42,vy,0.5,0.06903088092803955,0.11299952119588852
test_all,I_R0_s42,vy,1.0,0.08233452588319778,0.13229413330554962
test_all,I_R0_s42,vy,2.0,0.06391888111829758,0.11283057928085327
test_all,I_R0_s42,wz,0.25,0.13075898587703705,0.1928490400314331
test_all,I_R0_s42,wz,0.5,0.11334521323442459,0.1617671102285385
test_all,I_R0_s42,wz,1.0,0.1171574518084526,0.17078933119773865
test_all,I_R0_s42,wz,2.0,0.09159389138221741,0.13306444883346558
test_all,I_R0_s43,vx,0.25,0.09814838320016861,0.146427720785141
test_all,I_R0_s43,vx,0.5,0.05860389769077301,0.08643783628940582
test_all,I_R0_s43,vx,1.0,0.07036473602056503,0.10083424299955368
test_all,I_R0_s43,vx,2.0,0.057528913021087646,0.08191949874162674
test_all,I_R0_s43,vy,0.25,0.10380083322525024,0.155575692653656
test_all,I_R0_s43,vy,0.5,0.07251337170600891,0.11356864124536514
test_all,I_R0_s43,vy,1.0,0.0849461704492569,0.13919730484485626
test_all,I_R0_s43,vy,2.0,0.07268927246332169,0.11572045832872391
test_all,I_R0_s43,wz,0.25,0.136710986495018,0.19692185521125793
test_all,I_R0_s43,wz,0.5,0.11512862145900726,0.16032636165618896
test_all,I_R0_s43,wz,1.0,0.12243814766407013,0.17761112749576569
test_all,I_R0_s43,wz,2.0,0.10273701697587967,0.1469472050666809
test_all,I_R0_s44,vx,0.25,0.09513193368911743,0.1454031616449356
test_all,I_R0_s44,vx,0.5,0.05991782248020172,0.08471506088972092
test_all,I_R0_s44,vx,1.0,0.06611555814743042,0.0957542359828949
test_all,I_R0_s44,vx,2.0,0.05789751559495926,0.08508716523647308
test_all,I_R0_s44,vy,0.25,0.1005091518163681,0.15163052082061768
test_all,I_R0_s44,vy,0.5,0.0815063938498497,0.13144057989120483
test_all,I_R0_s44,vy,1.0,0.08656291663646698,0.1422845721244812
test_all,I_R0_s44,vy,2.0,0.07112185657024384,0.11408358067274094
test_all,I_R0_s44,wz,0.25,0.13351121544837952,0.20082972943782806
test_all,I_R0_s44,wz,0.5,0.11096038669347763,0.1570049375295639
test_all,I_R0_s44,wz,1.0,0.11997468769550323,0.1709074229001999
test_all,I_R0_s44,wz,2.0,0.09792722016572952,0.1376378834247589
test_all,I_R1_seedmean,vx,0.25,0.07022149115800858,0.09805086255073547
test_all,I_R1_seedmean,vx,0.5,0.050527289509773254,0.07077528536319733
test_all,I_R1_seedmean,vx,1.0,0.05107933282852173,0.07298034429550171
test_all,I_R1_seedmean,vx,2.0,0.04347363859415054,0.06346230208873749
test_all,I_R1_seedmean,vy,0.25,0.07880106568336487,0.12953190505504608
test_all,I_R1_seedmean,vy,0.5,0.054391518235206604,0.08832398802042007
test_all,I_R1_seedmean,vy,1.0,0.05434468388557434,0.0848379135131836
test_all,I_R1_seedmean,vy,2.0,0.05428462475538254,0.08954814821481705
test_all,I_R1_seedmean,wz,0.25,0.11619807779788971,0.17493636906147003
test_all,I_R1_seedmean,wz,0.5,0.09235447645187378,0.1284274458885193
test_all,I_R1_seedmean,wz,1.0,0.10522755235433578,0.14985306560993195
test_all,I_R1_seedmean,wz,2.0,0.08786193281412125,0.1269441545009613
test_all,I_R1_s42,vx,0.25,0.07147174328565598,0.1006510779261589
test_all,I_R1_s42,vx,0.5,0.053236253559589386,0.07368388026952744
test_all,I_R1_s42,vx,1.0,0.06180529668927193,0.08959384262561798
test_all,I_R1_s42,vx,2.0,0.048841897398233414,0.0711214542388916
test_all,I_R1_s42,vy,0.25,0.08625735342502594,0.14019083976745605
test_all,I_R1_s42,vy,0.5,0.058820225298404694,0.09172357618808746
test_all,I_R1_s42,vy,1.0,0.06007811427116394,0.093346506357193
test_all,I_R1_s42,vy,2.0,0.05600623041391373,0.0894913300871849
test_all,I_R1_s42,wz,0.25,0.1210407242178917,0.18063227832317352
test_all,I_R1_s42,wz,0.5,0.09827211499214172,0.13674139976501465
test_all,I_R1_s42,wz,1.0,0.1102633997797966,0.1562187373638153
test_all,I_R1_s42,wz,2.0,0.09124448150396347,0.133110910654068
test_all,I_R1_s43,vx,0.25,0.07804916799068451,0.10852523893117905
test_all,I_R1_s43,vx,0.5,0.053219735622406006,0.07431337982416153
test_all,I_R1_s43,vx,1.0,0.05841216444969177,0.08268961310386658
test_all,I_R1_s43,vx,2.0,0.04698655754327774,0.06833558529615402
test_all,I_R1_s43,vy,0.25,0.08697627484798431,0.1341034173965454
test_all,I_R1_s43,vy,0.5,0.060485370457172394,0.0956411063671112
test_all,I_R1_s43,vy,1.0,0.06000880151987076,0.0920540913939476
test_all,I_R1_s43,vy,2.0,0.062017735093832016,0.1051790788769722
test_all,I_R1_s43,wz,0.25,0.11694034188985825,0.17565098404884338
test_all,I_R1_s43,wz,0.5,0.09759567677974701,0.1363588571548462
test_all,I_R1_s43,wz,1.0,0.10766135156154633,0.15279336273670197
test_all,I_R1_s43,wz,2.0,0.08981597423553467,0.12931682169437408
test_all,I_R1_s44,vx,0.25,0.07885833829641342,0.11348983645439148
test_all,I_R1_s44,vx,0.5,0.05957804247736931,0.08629288524389267
test_all,I_R1_s44,vx,1.0,0.052885089069604874,0.07496234774589539
test_all,I_R1_s44,vx,2.0,0.050627127289772034,0.07248211652040482
test_all,I_R1_s44,vy,0.25,0.08117230981588364,0.1325535923242569
test_all,I_R1_s44,vy,0.5,0.058375511318445206,0.09385114163160324
test_all,I_R1_s44,vy,1.0,0.06075478717684746,0.09315576404333115
test_all,I_R1_s44,vy,2.0,0.06183034926652908,0.09418804198503494
test_all,I_R1_s44,wz,0.25,0.12430174648761749,0.1851440817117691
test_all,I_R1_s44,wz,0.5,0.09502311050891876,0.13129106163978577
test_all,I_R1_s44,wz,1.0,0.11046306043863297,0.15817531943321228
test_all,I_R1_s44,wz,2.0,0.09454642236232758,0.1362905502319336
test_P0,command-copy,vx,0.25,0.07311438024044037,0.14697107672691345
test_P0,command-copy,vx,0.5,0.03993934020400047,0.07851529866456985
test_P0,command-copy,vx,1.0,0.06481528282165527,0.12382780015468597
test_P0,command-copy,vx,2.0,0.04507721960544586,0.09996862709522247
test_P0,command-copy,vy,0.25,0.10042738169431686,0.1840318739414215
test_P0,command-copy,vy,0.5,0.04831664636731148,0.09533875435590744
test_P0,command-copy,vy,1.0,0.10373242944478989,0.213524729013443
test_P0,command-copy,vy,2.0,0.045613471418619156,0.08426573872566223
test_P0,command-copy,wz,0.25,0.09279058873653412,0.13516493141651154
test_P0,command-copy,wz,0.5,0.0782068744301796,0.11152555048465729
test_P0,command-copy,wz,1.0,0.09449376165866852,0.15148742496967316
test_P0,command-copy,wz,2.0,0.07782150059938431,0.12598344683647156
test_P0,persistence,vx,0.25,0.13978725671768188,0.2415112853050232
test_P0,persistence,vx,0.5,0.14905424416065216,0.26364976167678833
test_P0,persistence,vx,1.0,0.15605773031711578,0.25263872742652893
test_P0,persistence,vx,2.0,0.12171544879674911,0.22035709023475647
test_P0,persistence,vy,0.25,0.21840010583400726,0.31208154559135437
test_P0,persistence,vy,0.5,0.24544179439544678,0.3538702130317688
test_P0,persistence,vy,1.0,0.21697619557380676,0.3199322819709778
test_P0,persistence,vy,2.0,0.21761560440063477,0.3350272476673126
test_P0,persistence,wz,0.25,0.22951389849185944,0.3275487422943115
test_P0,persistence,wz,0.5,0.23116475343704224,0.33191245794296265
test_P0,persistence,wz,1.0,0.23079918324947357,0.32978004217147827
test_P0,persistence,wz,2.0,0.19990818202495575,0.3038249909877777
test_P0,ridge_R0,vx,0.25,0.0575810962415777,0.08846410270079084
test_P0,ridge_R0,vx,0.5,0.043928829050058835,0.0690581704130026
test_P0,ridge_R0,vx,1.0,0.04786053345701754,0.07452285142158149
test_P0,ridge_R0,vx,2.0,0.04068107720470762,0.06399562500285726
test_P0,ridge_R0,vy,0.25,0.06808429604794713,0.11116317388562454
test_P0,ridge_R0,vy,0.5,0.04927676619548543,0.08295810453602519
test_P0,ridge_R0,vy,1.0,0.06987696593319948,0.11485097740573523
test_P0,ridge_R0,vy,2.0,0.04434054074931357,0.06914219200070082
test_P0,ridge_R0,wz,0.25,0.09782473646905838,0.12949717598546753
test_P0,ridge_R0,wz,0.5,0.09211256660646419,0.12700656767102284
test_P0,ridge_R0,wz,1.0,0.10516661106570793,0.15064906330144495
test_P0,ridge_R0,wz,2.0,0.09064823946583714,0.13241713599986615
test_P0,ridge_R1,vx,0.25,0.05462320609559981,0.08419444295385045
test_P0,ridge_R1,vx,0.5,0.040183193379962796,0.06706952290886282
test_P0,ridge_R1,vx,1.0,0.04751386253521777,0.07314709501630927
test_P0,ridge_R1,vx,2.0,0.03900480582633876,0.06250585304484456
test_P0,ridge_R1,vy,0.25,0.06828200001443668,0.11119514389984936
test_P0,ridge_R1,vy,0.5,0.047992497195154735,0.08183610971355411
test_P0,ridge_R1,vy,1.0,0.06640769408468289,0.1108749913612972
test_P0,ridge_R1,vy,2.0,0.04467425344429068,0.0692562832860743
test_P0,ridge_R1,wz,0.25,0.09098053434336661,0.12281337459469938
test_P0,ridge_R1,wz,0.5,0.08222322793083897,0.11236762787211765
test_P0,ridge_R1,wz,1.0,0.09405810893123884,0.14006811202747713
test_P0,ridge_R1,wz,2.0,0.07987575509592573,0.12273422118209917
test_P0,D_R0_seedmean,vx,0.25,0.05920427292585373,0.09322038292884827
test_P0,D_R0_seedmean,vx,0.5,0.041543666273355484,0.06578250974416733
test_P0,D_R0_seedmean,vx,1.0,0.046880993992090225,0.07253284752368927
test_P0,D_R0_seedmean,vx,2.0,0.04092972353100777,0.06589676439762115
test_P0,D_R0_seedmean,vy,0.25,0.06339165568351746,0.09975120425224304
test_P0,D_R0_seedmean,vy,0.5,0.04848987236618996,0.07944059371948242
test_P0,D_R0_seedmean,vy,1.0,0.068897545337677,0.11377078294754028
test_P0,D_R0_seedmean,vy,2.0,0.04306190833449364,0.06824646890163422
test_P0,D_R0_seedmean,wz,0.25,0.09804848581552505,0.1301368921995163
test_P0,D_R0_seedmean,wz,0.5,0.08813244849443436,0.12087998539209366
test_P0,D_R0_seedmean,wz,1.0,0.1042250320315361,0.14976045489311218
test_P0,D_R0_seedmean,wz,2.0,0.09175380319356918,0.1328856348991394
test_P0,D_R0_s42,vx,0.25,0.06509250402450562,0.09917457401752472
test_P0,D_R0_s42,vx,0.5,0.04126160964369774,0.06748205423355103
test_P0,D_R0_s42,vx,1.0,0.04867987334728241,0.07566951215267181
test_P0,D_R0_s42,vx,2.0,0.041111722588539124,0.06755316257476807
test_P0,D_R0_s42,vy,0.25,0.06525173783302307,0.10197137296199799
test_P0,D_R0_s42,vy,0.5,0.05149262025952339,0.08074478060007095
test_P0,D_R0_s42,vy,1.0,0.0714975968003273,0.1165364608168602
test_P0,D_R0_s42,vy,2.0,0.043579503893852234,0.069181889295578
test_P0,D_R0_s42,wz,0.25,0.09902521222829819,0.13087818026542664
test_P0,D_R0_s42,wz,0.5,0.0898662880063057,0.12296172976493835
test_P0,D_R0_s42,wz,1.0,0.1001124382019043,0.14485013484954834
test_P0,D_R0_s42,wz,2.0,0.09081152826547623,0.1322581022977829
test_P0,D_R0_s43,vx,0.25,0.062108851969242096,0.10065431147813797
test_P0,D_R0_s43,vx,0.5,0.04463699087500572,0.06809704750776291
test_P0,D_R0_s43,vx,1.0,0.04891539365053177,0.07275287061929703
test_P0,D_R0_s43,vx,2.0,0.042382653802633286,0.06668894737958908
test_P0,D_R0_s43,vy,0.25,0.06601857393980026,0.10277055948972702
test_P0,D_R0_s43,vy,0.5,0.04960327595472336,0.08213592320680618
test_P0,D_R0_s43,vy,1.0,0.06996893882751465,0.1169201135635376
test_P0,D_R0_s43,vy,2.0,0.04640346020460129,0.07065288722515106
test_P0,D_R0_s43,wz,0.25,0.09916424006223679,0.13135822117328644
test_P0,D_R0_s43,wz,0.5,0.08956169337034225,0.12150007486343384
test_P0,D_R0_s43,wz,1.0,0.10848645865917206,0.15578210353851318
test_P0,D_R0_s43,wz,2.0,0.09242469072341919,0.13339635729789734
test_P0,D_R0_s44,vx,0.25,0.058832764625549316,0.0881822481751442
test_P0,D_R0_s44,vx,0.5,0.04367736354470253,0.06720636039972305
test_P0,D_R0_s44,vx,1.0,0.048571307212114334,0.07429353892803192
test_P0,D_R0_s44,vx,2.0,0.04285097122192383,0.06774251163005829
test_P0,D_R0_s44,vy,0.25,0.06800675392150879,0.10209697484970093
test_P0,D_R0_s44,vy,0.5,0.048411279916763306,0.0790921151638031
test_P0,D_R0_s44,vy,1.0,0.06915661692619324,0.11138585209846497
test_P0,D_R0_s44,vy,2.0,0.04443852975964546,0.06996745616197586
test_P0,D_R0_s44,wz,0.25,0.10117246210575104,0.1347823590040207
test_P0,D_R0_s44,wz,0.5,0.0891871377825737,0.12253256887197495
test_P0,D_R0_s44,wz,1.0,0.10666747391223907,0.15190951526165009
test_P0,D_R0_s44,wz,2.0,0.09413420408964157,0.1357743740081787
test_P0,D_R1_seedmean,vx,0.25,0.04637383669614792,0.06618619710206985
test_P0,D_R1_seedmean,vx,0.5,0.03744887560606003,0.05904926359653473
test_P0,D_R1_seedmean,vx,1.0,0.04221634566783905,0.06372053921222687
test_P0,D_R1_seedmean,vx,2.0,0.0350445918738842,0.0560406856238842
test_P0,D_R1_seedmean,vy,0.25,0.05490615591406822,0.08363159000873566
test_P0,D_R1_seedmean,vy,0.5,0.043481264263391495,0.06860507279634476
test_P0,D_R1_seedmean,vy,1.0,0.0574030801653862,0.09549356251955032
test_P0,D_R1_seedmean,vy,2.0,0.040863484144210815,0.060823436826467514
test_P0,D_R1_seedmean,wz,0.25,0.09515286237001419,0.12682078778743744
test_P0,D_R1_seedmean,wz,0.5,0.0827980488538742,0.11169327795505524
test_P0,D_R1_seedmean,wz,1.0,0.09489460289478302,0.13962221145629883
test_P0,D_R1_seedmean,wz,2.0,0.08047579228878021,0.12207826226949692
test_P0,D_R1_s42,vx,0.25,0.050508785992860794,0.07028891891241074
test_P0,D_R1_s42,vx,0.5,0.0407976470887661,0.06166226416826248
test_P0,D_R1_s42,vx,1.0,0.04643726348876953,0.0676971897482872
test_P0,D_R1_s42,vx,2.0,0.0443478599190712,0.06543601304292679
test_P0,D_R1_s42,vy,0.25,0.06402190774679184,0.09318362176418304
test_P0,D_R1_s42,vy,0.5,0.05093913525342941,0.07490929216146469
test_P0,D_R1_s42,vy,1.0,0.057322993874549866,0.09366325289011002
test_P0,D_R1_s42,vy,2.0,0.041811782866716385,0.06339943408966064
test_P0,D_R1_s42,wz,0.25,0.10198668390512466,0.13406260311603546
test_P0,D_R1_s42,wz,0.5,0.08276702463626862,0.11224430054426193
test_P0,D_R1_s42,wz,1.0,0.09694524854421616,0.1407521367073059
test_P0,D_R1_s42,wz,2.0,0.08113321661949158,0.12266785651445389
test_P0,D_R1_s43,vx,0.25,0.0522271953523159,0.07586690783500671
test_P0,D_R1_s43,vx,0.5,0.040035098791122437,0.06317227333784103
test_P0,D_R1_s43,vx,1.0,0.04577942565083504,0.06683333218097687
test_P0,D_R1_s43,vx,2.0,0.040193215012550354,0.06177152693271637
test_P0,D_R1_s43,vy,0.25,0.0595460906624794,0.09171856194734573
test_P0,D_R1_s43,vy,0.5,0.04707403481006622,0.07469617575407028
test_P0,D_R1_s43,vy,1.0,0.0634966790676117,0.10198741406202316
test_P0,D_R1_s43,vy,2.0,0.04371432960033417,0.06563376635313034
test_P0,D_R1_s43,wz,0.25,0.09884676337242126,0.13156403601169586
test_P0,D_R1_s43,wz,0.5,0.0823640450835228,0.11085748672485352
test_P0,D_R1_s43,wz,1.0,0.09767786413431168,0.14424751698970795
test_P0,D_R1_s43,wz,2.0,0.08201250433921814,0.12475143373012543
test_P0,D_R1_s44,vx,0.25,0.04812495782971382,0.06817225366830826
test_P0,D_R1_s44,vx,0.5,0.03938868269324303,0.06016797572374344
test_P0,D_R1_s44,vx,1.0,0.04690461605787277,0.06772823631763458
test_P0,D_R1_s44,vx,2.0,0.03650682047009468,0.05585002526640892
test_P0,D_R1_s44,vy,0.25,0.05802413448691368,0.08381515741348267
test_P0,D_R1_s44,vy,0.5,0.04510430991649628,0.06785742938518524
test_P0,D_R1_s44,vy,1.0,0.058517251163721085,0.09825357049703598
test_P0,D_R1_s44,vy,2.0,0.041690438985824585,0.05889273062348366
test_P0,D_R1_s44,wz,0.25,0.09987635165452957,0.1314619928598404
test_P0,D_R1_s44,wz,0.5,0.08799093216657639,0.11724615097045898
test_P0,D_R1_s44,wz,1.0,0.09644608944654465,0.14138740301132202
test_P0,D_R1_s44,wz,2.0,0.08158458024263382,0.12247950583696365
test_P0,I_R0_seedmean,vx,0.25,0.060890886932611465,0.099800705909729
test_P0,I_R0_seedmean,vx,0.5,0.04518205299973488,0.07117842882871628
test_P0,I_R0_seedmean,vx,1.0,0.04942299425601959,0.07607880979776382
test_P0,I_R0_seedmean,vx,2.0,0.0425761453807354,0.06744052469730377
test_P0,I_R0_seedmean,vy,0.25,0.0730990543961525,0.11011022329330444
test_P0,I_R0_seedmean,vy,0.5,0.051100824028253555,0.08414459228515625
test_P0,I_R0_seedmean,vy,1.0,0.06920450180768967,0.1195577010512352
test_P0,I_R0_seedmean,vy,2.0,0.04704595357179642,0.07213447242975235
test_P0,I_R0_seedmean,wz,0.25,0.1040988638997078,0.1400609314441681
test_P0,I_R0_seedmean,wz,0.5,0.09684228897094727,0.13056336343288422
test_P0,I_R0_seedmean,wz,1.0,0.10403133183717728,0.15281374752521515
test_P0,I_R0_seedmean,wz,2.0,0.08479706197977066,0.12554076313972473
test_P0,I_R0_s42,vx,0.25,0.0675627663731575,0.09990320354700089
test_P0,I_R0_s42,vx,0.5,0.051918789744377136,0.07865618169307709
test_P0,I_R0_s42,vx,1.0,0.053245481103658676,0.0822233185172081
test_P0,I_R0_s42,vx,2.0,0.04614030942320824,0.0721202865242958
test_P0,I_R0_s42,vy,0.25,0.07590855658054352,0.11740770936012268
test_P0,I_R0_s42,vy,0.5,0.052814170718193054,0.08552706241607666
test_P0,I_R0_s42,vy,1.0,0.07393059134483337,0.12503719329833984
test_P0,I_R0_s42,vy,2.0,0.04942459613084793,0.07553518563508987
test_P0,I_R0_s42,wz,0.25,0.10430976003408432,0.14076216518878937
test_P0,I_R0_s42,wz,0.5,0.09866788983345032,0.13164423406124115
test_P0,I_R0_s42,wz,1.0,0.10644849389791489,0.1585133820772171
test_P0,I_R0_s42,wz,2.0,0.08330649137496948,0.12284770607948303
test_P0,I_R0_s43,vx,0.25,0.06518279016017914,0.10573665052652359
test_P0,I_R0_s43,vx,0.5,0.04799971729516983,0.07622573524713516
test_P0,I_R0_s43,vx,1.0,0.05818052589893341,0.08662041276693344
test_P0,I_R0_s43,vx,2.0,0.04828505590558052,0.07176195830106735
test_P0,I_R0_s43,vy,0.25,0.07655083388090134,0.11047293990850449
test_P0,I_R0_s43,vy,0.5,0.055642206221818924,0.0868983194231987
test_P0,I_R0_s43,vy,1.0,0.07189639657735825,0.12128231674432755
test_P0,I_R0_s43,vy,2.0,0.05451318621635437,0.08241439610719681
test_P0,I_R0_s43,wz,0.25,0.10809414833784103,0.1445339322090149
test_P0,I_R0_s43,wz,0.5,0.1012563705444336,0.13533911108970642
test_P0,I_R0_s43,wz,1.0,0.10521627217531204,0.156147301197052
test_P0,I_R0_s43,wz,2.0,0.09292002022266388,0.13471296429634094
test_P0,I_R0_s44,vx,0.25,0.06761986017227173,0.1111835241317749
test_P0,I_R0_s44,vx,0.5,0.047928422689437866,0.07283507287502289
test_P0,I_R0_s44,vx,1.0,0.05227994546294212,0.08013185113668442
test_P0,I_R0_s44,vx,2.0,0.04904277250170708,0.07631027698516846
test_P0,I_R0_s44,vy,0.25,0.07907117158174515,0.12025195360183716
test_P0,I_R0_s44,vy,0.5,0.05645423382520676,0.09341389685869217
test_P0,I_R0_s44,vy,1.0,0.07567054033279419,0.1270710974931717
test_P0,I_R0_s44,vy,2.0,0.05254235863685608,0.07634460926055908
test_P0,I_R0_s44,wz,0.25,0.10790742933750153,0.14658385515213013
test_P0,I_R0_s44,wz,0.5,0.09932561963796616,0.13417482376098633
test_P0,I_R0_s44,wz,1.0,0.10691790282726288,0.15311788022518158
test_P0,I_R0_s44,wz,2.0,0.08845005184412003,0.13177286088466644
test_P0,I_R1_seedmean,vx,0.25,0.05117214098572731,0.07399396598339081
test_P0,I_R1_seedmean,vx,0.5,0.03917721286416054,0.05958525463938713
test_P0,I_R1_seedmean,vx,1.0,0.037338025867938995,0.0532645657658577
test_P0,I_R1_seedmean,vx,2.0,0.034105248749256134,0.05181344598531723
test_P0,I_R1_seedmean,vy,0.25,0.058121126145124435,0.08366668224334717
test_P0,I_R1_seedmean,vy,0.5,0.04327370598912239,0.06614682823419571
test_P0,I_R1_seedmean,vy,1.0,0.05177300423383713,0.08384194225072861
test_P0,I_R1_seedmean,vy,2.0,0.0407569445669651,0.05857850983738899
test_P0,I_R1_seedmean,wz,0.25,0.09202560037374496,0.12387443333864212
test_P0,I_R1_seedmean,wz,0.5,0.07962863892316818,0.10692893713712692
test_P0,I_R1_seedmean,wz,1.0,0.09201240539550781,0.13174238801002502
test_P0,I_R1_seedmean,wz,2.0,0.07637210190296173,0.11593043059110641
test_P0,I_R1_s42,vx,0.25,0.05493423715233803,0.07907734811306
test_P0,I_R1_s42,vx,0.5,0.04300714284181595,0.062357790768146515
test_P0,I_R1_s42,vx,1.0,0.04114120453596115,0.05778993293642998
test_P0,I_R1_s42,vx,2.0,0.03910528123378754,0.05814636871218681
test_P0,I_R1_s42,vy,0.25,0.060326218605041504,0.08682990074157715
test_P0,I_R1_s42,vy,0.5,0.0473787859082222,0.06808502972126007
test_P0,I_R1_s42,vy,1.0,0.05275397747755051,0.08576051145792007
test_P0,I_R1_s42,vy,2.0,0.04364290088415146,0.06110451743006706
test_P0,I_R1_s42,wz,0.25,0.09477720409631729,0.1295051872730255
test_P0,I_R1_s42,wz,0.5,0.08097071200609207,0.11010149121284485
test_P0,I_R1_s42,wz,1.0,0.09416753053665161,0.13394877314567566
test_P0,I_R1_s42,wz,2.0,0.0799027755856514,0.11644438654184341
test_P0,I_R1_s43,vx,0.25,0.05648964270949364,0.08241676539182663
test_P0,I_R1_s43,vx,0.5,0.041809506714344025,0.06295974552631378
test_P0,I_R1_s43,vx,1.0,0.04249517247080803,0.059804584830999374
test_P0,I_R1_s43,vx,2.0,0.03691188991069794,0.05509010702371597
test_P0,I_R1_s43,vy,0.25,0.0622205026447773,0.08770708739757538
test_P0,I_R1_s43,vy,0.5,0.0462176576256752,0.07038163393735886
test_P0,I_R1_s43,vy,1.0,0.05444669350981712,0.08792677521705627
test_P0,I_R1_s43,vy,2.0,0.044119030237197876,0.0648050308227539
test_P0,I_R1_s43,wz,0.25,0.09166745841503143,0.12378568947315216
test_P0,I_R1_s43,wz,0.5,0.08480990678071976,0.11375203728675842
test_P0,I_R1_s43,wz,1.0,0.09430184215307236,0.13498371839523315
test_P0,I_R1_s43,wz,2.0,0.07666845619678497,0.11794106662273407
test_P0,I_R1_s44,vx,0.25,0.054285597056150436,0.07684604823589325
test_P0,I_R1_s44,vx,0.5,0.04344664141535759,0.0643293485045433
test_P0,I_R1_s44,vx,1.0,0.04198015481233597,0.05862780660390854
test_P0,I_R1_s44,vx,2.0,0.039158742874860764,0.05731132999062538
test_P0,I_R1_s44,vy,0.25,0.06086724251508713,0.08865129202604294
test_P0,I_R1_s44,vy,0.5,0.04770989716053009,0.07218747586011887
test_P0,I_R1_s44,vy,1.0,0.05528423190116882,0.08767097443342209
test_P0,I_R1_s44,vy,2.0,0.044462401419878006,0.06334780156612396
test_P0,I_R1_s44,wz,0.25,0.09460150450468063,0.12742142379283905
test_P0,I_R1_s44,wz,0.5,0.08366445451974869,0.11109908670186996
test_P0,I_R1_s44,wz,1.0,0.09623674303293228,0.1370231807231903
test_P0,I_R1_s44,wz,2.0,0.08059918135404587,0.12259368598461151
test_P1,command-copy,vx,0.25,0.09380977600812912,0.1661074310541153
test_P1,command-copy,vx,0.5,0.057207074016332626,0.09730508923530579
test_P1,command-copy,vx,1.0,0.07991734147071838,0.16338767111301422
test_P1,command-copy,vx,2.0,0.054024554789066315,0.11141624301671982
test_P1,command-copy,vy,0.25,0.09956974536180496,0.1770034283399582
test_P1,command-copy,vy,0.5,0.07321054488420486,0.1448201686143875
test_P1,command-copy,vy,1.0,0.08700861781835556,0.16701239347457886
test_P1,command-copy,vy,2.0,0.06044609099626541,0.12570582330226898
test_P1,command-copy,wz,0.25,0.09662362933158875,0.1515139639377594
test_P1,command-copy,wz,0.5,0.08715467154979706,0.1173141747713089
test_P1,command-copy,wz,1.0,0.08161110430955887,0.12037322670221329
test_P1,command-copy,wz,2.0,0.06929868459701538,0.09333602339029312
test_P1,persistence,vx,0.25,0.2133474349975586,0.2979132831096649
test_P1,persistence,vx,0.5,0.21448491513729095,0.3094431161880493
test_P1,persistence,vx,1.0,0.21751505136489868,0.3133276402950287
test_P1,persistence,vx,2.0,0.2165818065404892,0.31903332471847534
test_P1,persistence,vy,0.25,0.2215476632118225,0.3141319155693054
test_P1,persistence,vy,0.5,0.23650749027729034,0.34133076667785645
test_P1,persistence,vy,1.0,0.24219052493572235,0.3466261327266693
test_P1,persistence,vy,2.0,0.205326110124588,0.3144272565841675
test_P1,persistence,wz,0.25,0.3004496991634369,0.400839626789093
test_P1,persistence,wz,0.5,0.27332377433776855,0.3789147138595581
test_P1,persistence,wz,1.0,0.2348155826330185,0.3410794138908386
test_P1,persistence,wz,2.0,0.2689669728279114,0.3742111623287201
test_P1,ridge_R0,vx,0.25,0.07106709959778913,0.10197484489490642
test_P1,ridge_R0,vx,0.5,0.05433095256766846,0.07805253943782221
test_P1,ridge_R0,vx,1.0,0.05848793676425171,0.08987197293593815
test_P1,ridge_R0,vx,2.0,0.04624418493692318,0.07570732652550358
test_P1,ridge_R0,vy,0.25,0.07214601531526921,0.11128534059082061
test_P1,ridge_R0,vy,0.5,0.06255410840436648,0.10308538633854186
test_P1,ridge_R0,vy,1.0,0.059582642189617965,0.09740277001969781
test_P1,ridge_R0,vy,2.0,0.053229379319368136,0.09216107424043597
test_P1,ridge_R0,wz,0.25,0.09079625927763049,0.11940966352334761
test_P1,ridge_R0,wz,0.5,0.09420199687181326,0.13049303307882842
test_P1,ridge_R0,wz,1.0,0.10386213989217319,0.14384399752017618
test_P1,ridge_R0,wz,2.0,0.08822184304891184,0.11831818761051888
test_P1,ridge_R1,vx,0.25,0.06739233725222614,0.09852218523274231
test_P1,ridge_R1,vx,0.5,0.0517419139143829,0.07633197062980017
test_P1,ridge_R1,vx,1.0,0.0575718574711005,0.08797317625235034
test_P1,ridge_R1,vx,2.0,0.046665477001473776,0.07454870648235687
test_P1,ridge_R1,vy,0.25,0.07059631605600021,0.1092768272110401
test_P1,ridge_R1,vy,0.5,0.06155919423710513,0.10308810422794841
test_P1,ridge_R1,vy,1.0,0.05810003533888081,0.09591347036984951
test_P1,ridge_R1,vy,2.0,0.053146927813127326,0.09205263798969085
test_P1,ridge_R1,wz,0.25,0.08578678608229139,0.11152962810023066
test_P1,ridge_R1,wz,0.5,0.08853027315817441,0.12087242032088287
test_P1,ridge_R1,wz,1.0,0.09055525216906508,0.12671069457440232
test_P1,ridge_R1,wz,2.0,0.07576147468471632,0.10162231766444829
test_P1,D_R0_seedmean,vx,0.25,0.07230399549007416,0.10723327100276947
test_P1,D_R0_seedmean,vx,0.5,0.05235318839550018,0.07413618266582489
test_P1,D_R0_seedmean,vx,1.0,0.05519585683941841,0.08681979030370712
test_P1,D_R0_seedmean,vx,2.0,0.047045715153217316,0.07682126760482788
test_P1,D_R0_seedmean,vy,0.25,0.08359865099191666,0.13694068789482117
test_P1,D_R0_seedmean,vy,0.5,0.06032996624708176,0.1011383906006813
test_P1,D_R0_seedmean,vy,1.0,0.05799156799912453,0.09376941621303558
test_P1,D_R0_seedmean,vy,2.0,0.05313162878155708,0.09325277805328369
test_P1,D_R0_seedmean,wz,0.25,0.10408183932304382,0.1415518820285797
test_P1,D_R0_seedmean,wz,0.5,0.0933896154165268,0.12821432948112488
test_P1,D_R0_seedmean,wz,1.0,0.10068902373313904,0.13931816816329956
test_P1,D_R0_seedmean,wz,2.0,0.08838199824094772,0.11656822264194489
test_P1,D_R0_s42,vx,0.25,0.07431660592556,0.1101134791970253
test_P1,D_R0_s42,vx,0.5,0.052379537373781204,0.07659459859132767
test_P1,D_R0_s42,vx,1.0,0.056997060775756836,0.08886785805225372
test_P1,D_R0_s42,vx,2.0,0.04907090216875076,0.07904881238937378
test_P1,D_R0_s42,vy,0.25,0.09075141698122025,0.15286487340927124
test_P1,D_R0_s42,vy,0.5,0.06331919878721237,0.10320266336202621
test_P1,D_R0_s42,vy,1.0,0.05776803940534592,0.09431528300046921
test_P1,D_R0_s42,vy,2.0,0.053978610783815384,0.09285187721252441
test_P1,D_R0_s42,wz,0.25,0.10542775690555573,0.14511798322200775
test_P1,D_R0_s42,wz,0.5,0.09582725912332535,0.131004199385643
test_P1,D_R0_s42,wz,1.0,0.10328549891710281,0.1433202177286148
test_P1,D_R0_s42,wz,2.0,0.0889892429113388,0.11711994558572769
test_P1,D_R0_s43,vx,0.25,0.07533246278762817,0.1111110970377922
test_P1,D_R0_s43,vx,0.5,0.05408935248851776,0.07558735460042953
test_P1,D_R0_s43,vx,1.0,0.05741898715496063,0.0895872637629509
test_P1,D_R0_s43,vx,2.0,0.04713685065507889,0.077000692486763
test_P1,D_R0_s43,vy,0.25,0.08963019400835037,0.1433677226305008
test_P1,D_R0_s43,vy,0.5,0.06082993000745773,0.10322494804859161
test_P1,D_R0_s43,vy,1.0,0.06077394261956215,0.09687602519989014
test_P1,D_R0_s43,vy,2.0,0.05564761906862259,0.09646342694759369
test_P1,D_R0_s43,wz,0.25,0.1093950942158699,0.14960038661956787
test_P1,D_R0_s43,wz,0.5,0.09321469068527222,0.12603333592414856
test_P1,D_R0_s43,wz,1.0,0.10122904926538467,0.1399787813425064
test_P1,D_R0_s43,wz,2.0,0.0904783234000206,0.12074661254882812
test_P1,D_R0_s44,vx,0.25,0.07328780740499496,0.10841961205005646
test_P1,D_R0_s44,vx,0.5,0.05514990910887718,0.07624509185552597
test_P1,D_R0_s44,vx,1.0,0.056518763303756714,0.08681263774633408
test_P1,D_R0_s44,vx,2.0,0.0485764779150486,0.077576644718647
test_P1,D_R0_s44,vy,0.25,0.08367633819580078,0.12550628185272217
test_P1,D_R0_s44,vy,0.5,0.060873668640851974,0.10028300434350967
test_P1,D_R0_s44,vy,1.0,0.06143350899219513,0.09681686758995056
test_P1,D_R0_s44,vy,2.0,0.055452607572078705,0.09506596624851227
test_P1,D_R0_s44,wz,0.25,0.10256786644458771,0.13771505653858185
test_P1,D_R0_s44,wz,0.5,0.09716848284006119,0.13362732529640198
test_P1,D_R0_s44,wz,1.0,0.10064045339822769,0.13862374424934387
test_P1,D_R0_s44,wz,2.0,0.08837135881185532,0.11500471830368042
test_P1,D_R1_seedmean,vx,0.25,0.06428609043359756,0.08939743787050247
test_P1,D_R1_seedmean,vx,0.5,0.048296261578798294,0.0666353851556778
test_P1,D_R1_seedmean,vx,1.0,0.04958099499344826,0.07088132202625275
test_P1,D_R1_seedmean,vx,2.0,0.044689420610666275,0.06616084277629852
test_P1,D_R1_seedmean,vy,0.25,0.06696092337369919,0.10206522792577744
test_P1,D_R1_seedmean,vy,0.5,0.054606374353170395,0.08843345195055008
test_P1,D_R1_seedmean,vy,1.0,0.05157940462231636,0.08122100681066513
test_P1,D_R1_seedmean,vy,2.0,0.0477256141602993,0.07854968309402466
test_P1,D_R1_seedmean,wz,0.25,0.0964035615324974,0.12568439543247223
test_P1,D_R1_seedmean,wz,0.5,0.0886118933558464,0.11877598613500595
test_P1,D_R1_seedmean,wz,1.0,0.09247862547636032,0.12804187834262848
test_P1,D_R1_seedmean,wz,2.0,0.07467631995677948,0.099187932908535
test_P1,D_R1_s42,vx,0.25,0.0691312924027443,0.09768382459878922
test_P1,D_R1_s42,vx,0.5,0.051782045513391495,0.0713932067155838
test_P1,D_R1_s42,vx,1.0,0.054479580372571945,0.07611262053251266
test_P1,D_R1_s42,vx,2.0,0.049902867525815964,0.07066141813993454
test_P1,D_R1_s42,vy,0.25,0.07741899788379669,0.11621135473251343
test_P1,D_R1_s42,vy,0.5,0.06399161368608475,0.09658358991146088
test_P1,D_R1_s42,vy,1.0,0.05263020470738411,0.08391895145177841
test_P1,D_R1_s42,vy,2.0,0.049240536987781525,0.08373160660266876
test_P1,D_R1_s42,wz,0.25,0.09974854439496994,0.13117200136184692
test_P1,D_R1_s42,wz,0.5,0.08737391978502274,0.11789850890636444
test_P1,D_R1_s42,wz,1.0,0.09719773381948471,0.1307133585214615
test_P1,D_R1_s42,wz,2.0,0.07309991121292114,0.09793341159820557
test_P1,D_R1_s43,vx,0.25,0.071622334420681,0.098135806620121
test_P1,D_R1_s43,vx,0.5,0.05087018013000488,0.07157958298921585
test_P1,D_R1_s43,vx,1.0,0.054666485637426376,0.07814061641693115
test_P1,D_R1_s43,vx,2.0,0.05059095844626427,0.07401401549577713
test_P1,D_R1_s43,vy,0.25,0.07249437272548676,0.11009850353002548
test_P1,D_R1_s43,vy,0.5,0.057850103825330734,0.0931650772690773
test_P1,D_R1_s43,vy,1.0,0.0546499527990818,0.08622869104146957
test_P1,D_R1_s43,vy,2.0,0.051065586507320404,0.08538679033517838
test_P1,D_R1_s43,wz,0.25,0.10518237203359604,0.1392928510904312
test_P1,D_R1_s43,wz,0.5,0.09400106221437454,0.12489182502031326
test_P1,D_R1_s43,wz,1.0,0.09467963874340057,0.13147102296352386
test_P1,D_R1_s43,wz,2.0,0.07672377675771713,0.10150400549173355
test_P1,D_R1_s44,vx,0.25,0.0629509761929512,0.0879763513803482
test_P1,D_R1_s44,vx,0.5,0.049290355294942856,0.06571334600448608
test_P1,D_R1_s44,vx,1.0,0.05058715492486954,0.06939718127250671
test_P1,D_R1_s44,vx,2.0,0.046535924077034,0.06690504401922226
test_P1,D_R1_s44,vy,0.25,0.06453173607587814,0.09320241957902908
test_P1,D_R1_s44,vy,0.5,0.054072242230176926,0.08454612642526627
test_P1,D_R1_s44,vy,1.0,0.05449485778808594,0.08114905655384064
test_P1,D_R1_s44,vy,2.0,0.049286145716905594,0.07347173243761063
test_P1,D_R1_s44,wz,0.25,0.09974506497383118,0.12780292332172394
test_P1,D_R1_s44,wz,0.5,0.089959517121315,0.11965078115463257
test_P1,D_R1_s44,wz,1.0,0.0946165919303894,0.12985356152057648
test_P1,D_R1_s44,wz,2.0,0.07862462103366852,0.10276595503091812
test_P1,I_R0_seedmean,vx,0.25,0.08360623568296432,0.12521614134311676
test_P1,I_R0_seedmean,vx,0.5,0.05396305024623871,0.07893998920917511
test_P1,I_R0_seedmean,vx,1.0,0.06358601152896881,0.0959959477186203
test_P1,I_R0_seedmean,vx,2.0,0.051333144307136536,0.08199097216129303
test_P1,I_R0_seedmean,vy,0.25,0.09298446774482727,0.14182405173778534
test_P1,I_R0_seedmean,vy,0.5,0.06188194081187248,0.10438460856676102
test_P1,I_R0_seedmean,vy,1.0,0.06554919481277466,0.10167395323514938
test_P1,I_R0_seedmean,vy,2.0,0.05793080851435661,0.09823884069919586
test_P1,I_R0_seedmean,wz,0.25,0.11861272901296616,0.1687249392271042
test_P1,I_R0_seedmean,wz,0.5,0.0985298827290535,0.13363906741142273
test_P1,I_R0_seedmean,wz,1.0,0.1078217402100563,0.14948730170726776
test_P1,I_R0_seedmean,wz,2.0,0.07973035424947739,0.11050602048635483
test_P1,I_R0_s42,vx,0.25,0.0961613655090332,0.13612793385982513
test_P1,I_R0_s42,vx,0.5,0.060649316757917404,0.0865946114063263
test_P1,I_R0_s42,vx,1.0,0.06926857680082321,0.10129445046186447
test_P1,I_R0_s42,vx,2.0,0.05342448502779007,0.08453945815563202
test_P1,I_R0_s42,vy,0.25,0.10396317392587662,0.1585814207792282
test_P1,I_R0_s42,vy,0.5,0.06441159546375275,0.10520420968532562
test_P1,I_R0_s42,vy,1.0,0.06844333559274673,0.10076786577701569
test_P1,I_R0_s42,vy,2.0,0.0594969242811203,0.09942097961902618
test_P1,I_R0_s42,wz,0.25,0.11890760809183121,0.16962796449661255
test_P1,I_R0_s42,wz,0.5,0.10275791585445404,0.13833539187908173
test_P1,I_R0_s42,wz,1.0,0.1106906309723854,0.15575124323368073
test_P1,I_R0_s42,wz,2.0,0.07804557681083679,0.10930988937616348
test_P1,I_R0_s43,vx,0.25,0.08705827593803406,0.12638330459594727
test_P1,I_R0_s43,vx,0.5,0.05662718415260315,0.08298473060131073
test_P1,I_R0_s43,vx,1.0,0.06793853640556335,0.09879323840141296
test_P1,I_R0_s43,vx,2.0,0.05823700502514839,0.08648186922073364
test_P1,I_R0_s43,vy,0.25,0.09204956144094467,0.1381075084209442
test_P1,I_R0_s43,vy,0.5,0.0663156509399414,0.10720071941614151
test_P1,I_R0_s43,vy,1.0,0.07027577608823776,0.10806870460510254
test_P1,I_R0_s43,vy,2.0,0.06683887541294098,0.10817405581474304
test_P1,I_R0_s43,wz,0.25,0.12270940095186234,0.1714753806591034
test_P1,I_R0_s43,wz,0.5,0.10059238225221634,0.13692396879196167
test_P1,I_R0_s43,wz,1.0,0.1173715591430664,0.1588364839553833
test_P1,I_R0_s43,wz,2.0,0.08635593205690384,0.11737625300884247
test_P1,I_R0_s44,vx,0.25,0.08419954031705856,0.13085709512233734
test_P1,I_R0_s44,vx,0.5,0.05739341303706169,0.08161579817533493
test_P1,I_R0_s44,vx,1.0,0.06781118363142014,0.10044026374816895
test_P1,I_R0_s44,vx,2.0,0.06223034858703613,0.09400711953639984
test_P1,I_R0_s44,vy,0.25,0.09924933314323425,0.14530742168426514
test_P1,I_R0_s44,vy,0.5,0.06854142993688583,0.11478614062070847
test_P1,I_R0_s44,vy,1.0,0.07118391245603561,0.11048121005296707
test_P1,I_R0_s44,vy,2.0,0.06664054840803146,0.10330694168806076
test_P1,I_R0_s44,wz,0.25,0.12245532870292664,0.17493492364883423
test_P1,I_R0_s44,wz,0.5,0.10832510888576508,0.14480742812156677
test_P1,I_R0_s44,wz,1.0,0.10620738565921783,0.14605823159217834
test_P1,I_R0_s44,wz,2.0,0.08892541378736496,0.119235560297966
test_P1,I_R1_seedmean,vx,0.25,0.07227327674627304,0.09932355582714081
test_P1,I_R1_seedmean,vx,0.5,0.049982670694589615,0.06881990283727646
test_P1,I_R1_seedmean,vx,1.0,0.05250576511025429,0.07430940866470337
test_P1,I_R1_seedmean,vx,2.0,0.04651491716504097,0.0690060555934906
test_P1,I_R1_seedmean,vy,0.25,0.08179735392332077,0.1253620982170105
test_P1,I_R1_seedmean,vy,0.5,0.05595254898071289,0.09047450125217438
test_P1,I_R1_seedmean,vy,1.0,0.04831593856215477,0.07423102110624313
test_P1,I_R1_seedmean,vy,2.0,0.04917721077799797,0.0785956084728241
test_P1,I_R1_seedmean,wz,0.25,0.10638553649187088,0.144426167011261
test_P1,I_R1_seedmean,wz,0.5,0.09642037004232407,0.1284342110157013
test_P1,I_R1_seedmean,wz,1.0,0.10474344342947006,0.14593330025672913
test_P1,I_R1_seedmean,wz,2.0,0.07723736763000488,0.1077432706952095
test_P1,I_R1_s42,vx,0.25,0.07407066226005554,0.10241592675447464
test_P1,I_R1_s42,vx,0.5,0.05495638772845268,0.0747121199965477
test_P1,I_R1_s42,vx,1.0,0.06434059888124466,0.08819062262773514
test_P1,I_R1_s42,vx,2.0,0.0508696585893631,0.07431425154209137
test_P1,I_R1_s42,vy,0.25,0.08854328840970993,0.13288584351539612
test_P1,I_R1_s42,vy,0.5,0.05859873816370964,0.09442555904388428
test_P1,I_R1_s42,vy,1.0,0.05364036187529564,0.07810650020837784
test_P1,I_R1_s42,vy,2.0,0.05177852138876915,0.07839493453502655
test_P1,I_R1_s42,wz,0.25,0.11215238273143768,0.15319757163524628
test_P1,I_R1_s42,wz,0.5,0.10072792321443558,0.13466528058052063
test_P1,I_R1_s42,wz,1.0,0.10716624557971954,0.14752614498138428
test_P1,I_R1_s42,wz,2.0,0.07716468721628189,0.10946444422006607
test_P1,I_R1_s43,vx,0.25,0.08405204862356186,0.11230071634054184
test_P1,I_R1_s43,vx,0.5,0.05520494654774666,0.07644064724445343
test_P1,I_R1_s43,vx,1.0,0.05538780614733696,0.07804626226425171
test_P1,I_R1_s43,vx,2.0,0.048593178391456604,0.07345994561910629
test_P1,I_R1_s43,vy,0.25,0.08830012381076813,0.13026659190654755
test_P1,I_R1_s43,vy,0.5,0.06026126816868782,0.09328494966030121
test_P1,I_R1_s43,vy,1.0,0.055285971611738205,0.08302230387926102
test_P1,I_R1_s43,vy,2.0,0.054580431431531906,0.08863002806901932
test_P1,I_R1_s43,wz,0.25,0.10894473642110825,0.1475546658039093
test_P1,I_R1_s43,wz,0.5,0.10300689190626144,0.13804228603839874
test_P1,I_R1_s43,wz,1.0,0.1092500314116478,0.150050550699234
test_P1,I_R1_s43,wz,2.0,0.08434786647558212,0.11783652752637863
test_P1,I_R1_s44,vx,0.25,0.07327601313591003,0.101810522377491
test_P1,I_R1_s44,vx,0.5,0.054708752781152725,0.07554183155298233
test_P1,I_R1_s44,vx,1.0,0.056272514164447784,0.07938310503959656
test_P1,I_R1_s44,vx,2.0,0.052052125334739685,0.07448181509971619
test_P1,I_R1_s44,vy,0.25,0.08162592351436615,0.12605758011341095
test_P1,I_R1_s44,vy,0.5,0.05981595441699028,0.09576910734176636
test_P1,I_R1_s44,vy,1.0,0.05079568177461624,0.07919982820749283
test_P1,I_R1_s44,vy,2.0,0.05649719387292862,0.08564519137144089
test_P1,I_R1_s44,wz,0.25,0.1105852946639061,0.14755576848983765
test_P1,I_R1_s44,wz,0.5,0.09329686313867569,0.12384498119354248
test_P1,I_R1_s44,wz,1.0,0.10757401585578918,0.15357938408851624
test_P1,I_R1_s44,wz,2.0,0.08336519449949265,0.11272023618221283
test_P2,command-copy,vx,0.25,0.10567665100097656,0.19255556166172028
test_P2,command-copy,vx,0.5,0.054449766874313354,0.08925329148769379
test_P2,command-copy,vx,1.0,0.039026983082294464,0.05296492204070091
test_P2,command-copy,vx,2.0,0.037787895649671555,0.05230419710278511
test_P2,command-copy,vy,0.25,0.13809651136398315,0.25018343329429626
test_P2,command-copy,vy,0.5,0.08650350570678711,0.1856815367937088
test_P2,command-copy,vy,1.0,0.1298855096101761,0.26951050758361816
test_P2,command-copy,vy,2.0,0.09711569547653198,0.22198934853076935
test_P2,command-copy,wz,0.25,0.14741694927215576,0.25830578804016113
test_P2,command-copy,wz,0.5,0.08568950742483139,0.1325506865978241
test_P2,command-copy,wz,1.0,0.09596127271652222,0.17172688245773315
test_P2,command-copy,wz,2.0,0.07217613607645035,0.10863850265741348
test_P2,persistence,vx,0.25,0.44900646805763245,0.5282750129699707
test_P2,persistence,vx,0.5,0.4429563581943512,0.5280764698982239
test_P2,persistence,vx,1.0,0.4452141523361206,0.539577305316925
test_P2,persistence,vx,2.0,0.4216782748699188,0.5261373519897461
test_P2,persistence,vy,0.25,0.33335113525390625,0.4166630208492279
test_P2,persistence,vy,0.5,0.33286622166633606,0.42306989431381226
test_P2,persistence,vy,1.0,0.33546605706214905,0.43340960144996643
test_P2,persistence,vy,2.0,0.3234855532646179,0.4307449162006378
test_P2,persistence,wz,0.25,0.3608648478984833,0.4470501244068146
test_P2,persistence,wz,0.5,0.3556074798107147,0.44199761748313904
test_P2,persistence,wz,1.0,0.34066036343574524,0.4299038350582123
test_P2,persistence,wz,2.0,0.3190075159072876,0.41404083371162415
test_P2,ridge_R0,vx,0.25,0.09544617940301592,0.11848412260348956
test_P2,ridge_R0,vx,0.5,0.06064402012693199,0.08014904340724374
test_P2,ridge_R0,vx,1.0,0.04205757500659949,0.056382041244453736
test_P2,ridge_R0,vx,2.0,0.03905032843966036,0.052859543452947896
test_P2,ridge_R0,vy,0.25,0.08951372149724734,0.13257232178148004
test_P2,ridge_R0,vy,0.5,0.07793862997833674,0.12257690532468356
test_P2,ridge_R0,vy,1.0,0.08568948892272008,0.1417790962812936
test_P2,ridge_R0,vy,2.0,0.07378106445079606,0.1266109497108848
test_P2,ridge_R0,wz,0.25,0.11461821141323443,0.17281095415746964
test_P2,ridge_R0,wz,0.5,0.10798785018990252,0.1545564638158335
test_P2,ridge_R0,wz,1.0,0.11913699845077523,0.17679812718992427
test_P2,ridge_R0,wz,2.0,0.10855280819195251,0.15053073427791658
test_P2,ridge_R1,vx,0.25,0.08894796250565823,0.1094195980565029
test_P2,ridge_R1,vx,0.5,0.05888974530352021,0.0776127024176762
test_P2,ridge_R1,vx,1.0,0.04702848172434471,0.061464628702438295
test_P2,ridge_R1,vx,2.0,0.03811223887551063,0.05122059627537836
test_P2,ridge_R1,vy,0.25,0.08749560057728296,0.1298911846594965
test_P2,ridge_R1,vy,0.5,0.07440699902935911,0.1226044823018479
test_P2,ridge_R1,vy,1.0,0.08381505783051786,0.13920954014594775
test_P2,ridge_R1,vy,2.0,0.07175914414889271,0.12832024437175107
test_P2,ridge_R1,wz,0.25,0.10692653841272447,0.16975524149295773
test_P2,ridge_R1,wz,0.5,0.08657311339248229,0.12995301284497462
test_P2,ridge_R1,wz,1.0,0.09432802081643829,0.14955938113825382
test_P2,ridge_R1,wz,2.0,0.08089838669626255,0.11630265653111235
test_P2,D_R0_seedmean,vx,0.25,0.10661984235048294,0.1439976990222931
test_P2,D_R0_seedmean,vx,0.5,0.05149364471435547,0.07227778434753418
test_P2,D_R0_seedmean,vx,1.0,0.04059455171227455,0.0539240688085556
test_P2,D_R0_seedmean,vx,2.0,0.03844139724969864,0.05168244242668152
test_P2,D_R0_seedmean,vy,0.25,0.10108880698680878,0.17325754463672638
test_P2,D_R0_seedmean,vy,0.5,0.07615713030099869,0.12658372521400452
test_P2,D_R0_seedmean,vy,1.0,0.0881972685456276,0.14497508108615875
test_P2,D_R0_seedmean,vy,2.0,0.07635828852653503,0.13698932528495789
test_P2,D_R0_seedmean,wz,0.25,0.14795859158039093,0.21627405285835266
test_P2,D_R0_seedmean,wz,0.5,0.1011364609003067,0.14897768199443817
test_P2,D_R0_seedmean,wz,1.0,0.11221283674240112,0.1704021841287613
test_P2,D_R0_seedmean,wz,2.0,0.11100159585475922,0.1525861620903015
test_P2,D_R0_s42,vx,0.25,0.11104992032051086,0.15117475390434265
test_P2,D_R0_s42,vx,0.5,0.052358221262693405,0.07376045733690262
test_P2,D_R0_s42,vx,1.0,0.04310055449604988,0.05645451694726944
test_P2,D_R0_s42,vx,2.0,0.03734401986002922,0.05021818354725838
test_P2,D_R0_s42,vy,0.25,0.10659914463758469,0.18739959597587585
test_P2,D_R0_s42,vy,0.5,0.08358953893184662,0.13629266619682312
test_P2,D_R0_s42,vy,1.0,0.09251175075769424,0.15206967294216156
test_P2,D_R0_s42,vy,2.0,0.0791996568441391,0.13573381304740906
test_P2,D_R0_s42,wz,0.25,0.15260635316371918,0.22513097524642944
test_P2,D_R0_s42,wz,0.5,0.1020716205239296,0.15034198760986328
test_P2,D_R0_s42,wz,1.0,0.10989058762788773,0.16709235310554504
test_P2,D_R0_s42,wz,2.0,0.1131102591753006,0.1552264243364334
test_P2,D_R0_s43,vx,0.25,0.12469390034675598,0.16615530848503113
test_P2,D_R0_s43,vx,0.5,0.0524345338344574,0.07418958842754364
test_P2,D_R0_s43,vx,1.0,0.04404183849692345,0.05702388286590576
test_P2,D_R0_s43,vx,2.0,0.043280165642499924,0.058357905596494675
test_P2,D_R0_s43,vy,0.25,0.1059110015630722,0.17833878099918365
test_P2,D_R0_s43,vy,0.5,0.07680052518844604,0.12889020144939423
test_P2,D_R0_s43,vy,1.0,0.08644910901784897,0.14276811480522156
test_P2,D_R0_s43,vy,2.0,0.08166413009166718,0.14347665011882782
test_P2,D_R0_s43,wz,0.25,0.16002872586250305,0.22955457866191864
test_P2,D_R0_s43,wz,0.5,0.10401016473770142,0.15109802782535553
test_P2,D_R0_s43,wz,1.0,0.11538311094045639,0.1767243891954422
test_P2,D_R0_s43,wz,2.0,0.1109078973531723,0.15176799893379211
test_P2,D_R0_s44,vx,0.25,0.09334903210401535,0.12466131895780563
test_P2,D_R0_s44,vx,0.5,0.05395953729748726,0.0742630884051323
test_P2,D_R0_s44,vx,1.0,0.044382210820913315,0.06044438108801842
test_P2,D_R0_s44,vx,2.0,0.040097955614328384,0.053303398191928864
test_P2,D_R0_s44,vy,0.25,0.10314373672008514,0.16438032686710358
test_P2,D_R0_s44,vy,0.5,0.07344292104244232,0.11959492415189743
test_P2,D_R0_s44,vy,1.0,0.09185819327831268,0.14591847360134125
test_P2,D_R0_s44,vy,2.0,0.07499536126852036,0.13614840805530548
test_P2,D_R0_s44,wz,0.25,0.13847821950912476,0.2025071084499359
test_P2,D_R0_s44,wz,0.5,0.10246043652296066,0.15018506348133087
test_P2,D_R0_s44,wz,1.0,0.11585649102926254,0.17158739268779755
test_P2,D_R0_s44,wz,2.0,0.11237393319606781,0.1543911099433899
test_P2,D_R1_seedmean,vx,0.25,0.0776401236653328,0.10037094354629517
test_P2,D_R1_seedmean,vx,0.5,0.04483029991388321,0.06250481307506561
test_P2,D_R1_seedmean,vx,1.0,0.04970841854810715,0.0639331042766571
test_P2,D_R1_seedmean,vx,2.0,0.036240994930267334,0.04974016547203064
test_P2,D_R1_seedmean,vy,0.25,0.08131583780050278,0.12850573658943176
test_P2,D_R1_seedmean,vy,0.5,0.062140483409166336,0.1027483344078064
test_P2,D_R1_seedmean,vy,1.0,0.0742570236325264,0.116900734603405
test_P2,D_R1_seedmean,vy,2.0,0.06474686414003372,0.11513099819421768
test_P2,D_R1_seedmean,wz,0.25,0.12401266396045685,0.18667662143707275
test_P2,D_R1_seedmean,wz,0.5,0.08632761985063553,0.130766823887825
test_P2,D_R1_seedmean,wz,1.0,0.0900641456246376,0.14262215793132782
test_P2,D_R1_seedmean,wz,2.0,0.0810742974281311,0.11737342178821564
test_P2,D_R1_s42,vx,0.25,0.081168994307518,0.10537231713533401
test_P2,D_R1_s42,vx,0.5,0.049361713230609894,0.06699118763208389
test_P2,D_R1_s42,vx,1.0,0.05364454165101051,0.06894972175359726
test_P2,D_R1_s42,vx,2.0,0.04405326768755913,0.059016112238168716
test_P2,D_R1_s42,vy,0.25,0.0929509773850441,0.1415175199508667
test_P2,D_R1_s42,vy,0.5,0.07375742495059967,0.11469414085149765
test_P2,D_R1_s42,vy,1.0,0.07774819433689117,0.12041457742452621
test_P2,D_R1_s42,vy,2.0,0.06886105239391327,0.1201070100069046
test_P2,D_R1_s42,wz,0.25,0.13622207939624786,0.19852399826049805
test_P2,D_R1_s42,wz,0.5,0.08829862624406815,0.13172997534275055
test_P2,D_R1_s42,wz,1.0,0.0971451848745346,0.14939135313034058
test_P2,D_R1_s42,wz,2.0,0.07914075255393982,0.11474047601222992
test_P2,D_R1_s43,vx,0.25,0.0867001935839653,0.11352282017469406
test_P2,D_R1_s43,vx,0.5,0.05136701092123985,0.0723375752568245
test_P2,D_R1_s43,vx,1.0,0.04816777631640434,0.06211940571665764
test_P2,D_R1_s43,vx,2.0,0.039118409156799316,0.05345848202705383
test_P2,D_R1_s43,vy,0.25,0.08711088448762894,0.13982588052749634
test_P2,D_R1_s43,vy,0.5,0.06367505341768265,0.10788033157587051
test_P2,D_R1_s43,vy,1.0,0.07892545312643051,0.12325895577669144
test_P2,D_R1_s43,vy,2.0,0.06709926575422287,0.1223239153623581
test_P2,D_R1_s43,wz,0.25,0.13355843722820282,0.20041978359222412
test_P2,D_R1_s43,wz,0.5,0.08628712594509125,0.13008500635623932
test_P2,D_R1_s43,wz,1.0,0.09121250361204147,0.14405936002731323
test_P2,D_R1_s43,wz,2.0,0.0818982943892479,0.11891113966703415
test_P2,D_R1_s44,vx,0.25,0.07697896659374237,0.09984862804412842
test_P2,D_R1_s44,vx,0.5,0.04448479786515236,0.06106335669755936
test_P2,D_R1_s44,vx,1.0,0.05655134469270706,0.07265712320804596
test_P2,D_R1_s44,vx,2.0,0.040836915373802185,0.0546543188393116
test_P2,D_R1_s44,vy,0.25,0.08123383671045303,0.12079156935214996
test_P2,D_R1_s44,vy,0.5,0.06064358726143837,0.09405999630689621
test_P2,D_R1_s44,vy,1.0,0.07662723958492279,0.11656960099935532
test_P2,D_R1_s44,vy,2.0,0.06433511525392532,0.10824831575155258
test_P2,D_R1_s44,wz,0.25,0.12221207469701767,0.17878645658493042
test_P2,D_R1_s44,wz,0.5,0.09306274354457855,0.13800117373466492
test_P2,D_R1_s44,wz,1.0,0.09353332966566086,0.14600419998168945
test_P2,D_R1_s44,wz,2.0,0.08823408931493759,0.12515178322792053
test_P2,I_R0_seedmean,vx,0.25,0.14136238396167755,0.19345664978027344
test_P2,I_R0_seedmean,vx,0.5,0.06831847876310349,0.0915825217962265
test_P2,I_R0_seedmean,vx,1.0,0.0646120086312294,0.08670058101415634
test_P2,I_R0_seedmean,vx,2.0,0.045929621905088425,0.06211838871240616
test_P2,I_R0_seedmean,vy,0.25,0.12224940955638885,0.18432848155498505
test_P2,I_R0_seedmean,vy,0.5,0.08849630504846573,0.13566574454307556
test_P2,I_R0_seedmean,vy,1.0,0.10226871073246002,0.16585363447666168
test_P2,I_R0_seedmean,vy,2.0,0.08360324800014496,0.14079420268535614
test_P2,I_R0_seedmean,wz,0.25,0.168260857462883,0.25143566727638245
test_P2,I_R0_seedmean,wz,0.5,0.12526942789554596,0.18161217868328094
test_P2,I_R0_seedmean,wz,1.0,0.13441137969493866,0.1937861442565918
test_P2,I_R0_seedmean,wz,2.0,0.1150495707988739,0.15928734838962555
test_P2,I_R0_s42,vx,0.25,0.17208890616893768,0.23302502930164337
test_P2,I_R0_s42,vx,0.5,0.08325294405221939,0.11118588596582413
test_P2,I_R0_s42,vx,1.0,0.0665864571928978,0.08940055966377258
test_P2,I_R0_s42,vx,2.0,0.045162443071603775,0.0629311203956604
test_P2,I_R0_s42,vy,0.25,0.12879373133182526,0.20567113161087036
test_P2,I_R0_s42,vy,0.5,0.0898725688457489,0.14115318655967712
test_P2,I_R0_s42,vy,1.0,0.10462480038404465,0.16344377398490906
test_P2,I_R0_s42,vy,2.0,0.08283800631761551,0.15034329891204834
test_P2,I_R0_s42,wz,0.25,0.16906480491161346,0.25097671151161194
test_P2,I_R0_s42,wz,0.5,0.13861030340194702,0.20503225922584534
test_P2,I_R0_s42,wz,1.0,0.1343313306570053,0.1952466517686844
test_P2,I_R0_s42,wz,2.0,0.11343323439359665,0.16149070858955383
test_P2,I_R0_s43,vx,0.25,0.14220935106277466,0.19280588626861572
test_P2,I_R0_s43,vx,0.5,0.07118257135152817,0.0985783264040947
test_P2,I_R0_s43,vx,1.0,0.08497552573680878,0.1150643602013588
test_P2,I_R0_s43,vx,2.0,0.06606749445199966,0.08662598580121994
test_P2,I_R0_s43,vy,0.25,0.1427980214357376,0.2033061981201172
test_P2,I_R0_s43,vy,0.5,0.09558507800102234,0.14017072319984436
test_P2,I_R0_s43,vy,1.0,0.11268137395381927,0.17816834151744843
test_P2,I_R0_s43,vy,2.0,0.09671534597873688,0.14724455773830414
test_P2,I_R0_s43,wz,0.25,0.17932146787643433,0.25698137283325195
test_P2,I_R0_s43,wz,0.5,0.14353634417057037,0.20012003183364868
test_P2,I_R0_s43,wz,1.0,0.1447262167930603,0.21219465136528015
test_P2,I_R0_s43,wz,2.0,0.12893018126487732,0.18126454949378967
test_P2,I_R0_s44,vx,0.25,0.13358353078365326,0.18423929810523987
test_P2,I_R0_s44,vx,0.5,0.07443509250879288,0.09779895842075348
test_P2,I_R0_s44,vx,1.0,0.078240305185318,0.10485266149044037
test_P2,I_R0_s44,vx,2.0,0.06242404133081436,0.08402200043201447
test_P2,I_R0_s44,vy,0.25,0.12320848554372787,0.1827586591243744
test_P2,I_R0_s44,vy,0.5,0.11951950192451477,0.17298319935798645
test_P2,I_R0_s44,vy,1.0,0.11283723264932632,0.1799519956111908
test_P2,I_R0_s44,vy,2.0,0.09418149292469025,0.15014469623565674
test_P2,I_R0_s44,wz,0.25,0.1701626479625702,0.2625073790550232
test_P2,I_R0_s44,wz,0.5,0.12522844970226288,0.1870284527540207
test_P2,I_R0_s44,wz,1.0,0.14680446684360504,0.2070038616657257
test_P2,I_R0_s44,wz,2.0,0.11641944944858551,0.158903568983078
test_P2,I_R1_seedmean,vx,0.25,0.08722644299268723,0.11620763689279556
test_P2,I_R1_seedmean,vx,0.5,0.0624234676361084,0.08210033178329468
test_P2,I_R1_seedmean,vx,1.0,0.06338644027709961,0.0872790515422821
test_P2,I_R1_seedmean,vx,2.0,0.04980337992310524,0.06808812916278839
test_P2,I_R1_seedmean,vy,0.25,0.09648674726486206,0.1661921590566635
test_P2,I_R1_seedmean,vy,0.5,0.06395300477743149,0.10412497073411942
test_P2,I_R1_seedmean,vy,1.0,0.06294821947813034,0.0951443761587143
test_P2,I_R1_seedmean,vy,2.0,0.07291856408119202,0.12019484490156174
test_P2,I_R1_seedmean,wz,0.25,0.15018951892852783,0.2358098030090332
test_P2,I_R1_seedmean,wz,0.5,0.10101364552974701,0.14680461585521698
test_P2,I_R1_seedmean,wz,1.0,0.11892642080783844,0.16945680975914001
test_P2,I_R1_seedmean,wz,2.0,0.10998167842626572,0.15263332426548004
test_P2,I_R1_s42,vx,0.25,0.08541511744260788,0.11683659255504608
test_P2,I_R1_s42,vx,0.5,0.061738066375255585,0.08256085962057114
test_P2,I_R1_s42,vx,1.0,0.07992982864379883,0.11385656148195267
test_P2,I_R1_s42,vx,2.0,0.056550536304712296,0.07918746769428253
test_P2,I_R1_s42,vy,0.25,0.10992007702589035,0.18374964594841003
test_P2,I_R1_s42,vy,0.5,0.07048976421356201,0.10811705887317657
test_P2,I_R1_s42,vy,1.0,0.0738271102309227,0.11260517686605453
test_P2,I_R1_s42,vy,2.0,0.07258658111095428,0.1189236044883728
test_P2,I_R1_s42,wz,0.25,0.1561991423368454,0.24009346961975098
test_P2,I_R1_s42,wz,0.5,0.11311931908130646,0.16074147820472717
test_P2,I_R1_s42,wz,1.0,0.129461407661438,0.18305353820323944
test_P2,I_R1_s42,wz,2.0,0.1166890561580658,0.16618633270263672
test_P2,I_R1_s43,vx,0.25,0.0936100110411644,0.12622985243797302
test_P2,I_R1_s43,vx,0.5,0.06264729797840118,0.08221932500600815
test_P2,I_R1_s43,vx,1.0,0.07734896242618561,0.10412967205047607
test_P2,I_R1_s43,vx,2.0,0.05545150488615036,0.07468221336603165
test_P2,I_R1_s43,vy,0.25,0.110388845205307,0.17113842070102692
test_P2,I_R1_s43,vy,0.5,0.07498499006032944,0.11740677058696747
test_P2,I_R1_s43,vy,1.0,0.07028375566005707,0.10390797257423401
test_P2,I_R1_s43,vy,2.0,0.08735095709562302,0.1453704535961151
test_P2,I_R1_s43,wz,0.25,0.15021364390850067,0.235513836145401
test_P2,I_R1_s43,wz,0.5,0.1049690917134285,0.15422673523426056
test_P2,I_R1_s43,wz,1.0,0.1194424256682396,0.17118756473064423
test_P2,I_R1_s43,wz,2.0,0.10843510925769806,0.14957569539546967
test_P2,I_R1_s44,vx,0.25,0.10902233421802521,0.1495683342218399
test_P2,I_R1_s44,vx,0.5,0.0805787667632103,0.11177729070186615
test_P2,I_R1_s44,vx,1.0,0.06039302051067352,0.08436727523803711
test_P2,I_R1_s44,vx,2.0,0.0606684535741806,0.08323418349027634
test_P2,I_R1_s44,vy,0.25,0.1010252982378006,0.17018279433250427
test_P2,I_R1_s44,vy,0.5,0.06759795546531677,0.10972883552312851
test_P2,I_R1_s44,vy,1.0,0.07619132101535797,0.10989220440387726
test_P2,I_R1_s44,vy,2.0,0.08452554792165756,0.12355121970176697
test_P2,I_R1_s44,wz,0.25,0.16771863400936127,0.2546114921569824
test_P2,I_R1_s44,wz,0.5,0.1081019788980484,0.15501853823661804
test_P2,I_R1_s44,wz,1.0,0.12757036089897156,0.18081532418727875
test_P2,I_R1_s44,wz,2.0,0.11966408789157867,0.16729873418807983
