split,metric,seed,group_id,E_D_R0,E_D_R1,E_I_R1,Delta_data,Delta_arch
test_all,FDE_xy_2s_m,42,G18,0.103154412755137,0.09139071635168523,0.09412968985568909,0.011763696403451762,-0.002738973504003858
test_all,FDE_xy_2s_m,42,G19,0.09355683012097321,0.08532215625249026,0.09585217425161106,0.00823467386848295,-0.010530017999120803
test_all,FDE_xy_2s_m,42,G20,0.10392229704146078,0.0938275600051868,0.10083203709644802,0.010094737036273976,-0.007004477091261216
test_all,FDE_xy_2s_m,42,G21,0.09489672455033579,0.08661612393551149,0.09358774567323326,0.008280600614824302,-0.00697162173772177
test_all,FDE_xy_2s_m,42,G22,0.09979751504398832,0.08842312929949007,0.09663392953921666,0.011374385744498242,-0.00821080023972659
test_all,FDE_xy_2s_m,42,G23,0.10059371329679333,0.09397517821816548,0.10021599189358404,0.006618535078627849,-0.006240813675418566
test_all,FDE_xy_2s_m,43,G18,0.10063663321945845,0.0932862392818832,0.10161352418703073,0.00735039393757525,-0.00832728490514753
test_all,FDE_xy_2s_m,43,G19,0.09493227161087761,0.08557852875069852,0.09467422064444163,0.009353742860179093,-0.00909569189374311
test_all,FDE_xy_2s_m,43,G20,0.10037220485730669,0.09263354851478771,0.10303589184340527,0.007738656342518982,-0.010402343328617558
test_all,FDE_xy_2s_m,43,G21,0.09381328256425182,0.08485220139826094,0.0946070733252377,0.008961081165990883,-0.009754871926976758
test_all,FDE_xy_2s_m,43,G22,0.10091782557895172,0.08599926400818594,0.10501680551958648,0.014918561570765779,-0.019017541511400532
test_all,FDE_xy_2s_m,43,G23,0.09848724023280528,0.0916523345433648,0.09844541370670905,0.006834905689440479,-0.006793079163344248
test_all,FDE_xy_2s_m,44,G18,0.10061349277480873,0.09486328690951451,0.10149709511826986,0.0057502058652942195,-0.006633808208755351
test_all,FDE_xy_2s_m,44,G19,0.09734958974852158,0.08394596727650384,0.0955225134607905,0.013403622472017734,-0.011576546184286662
test_all,FDE_xy_2s_m,44,G20,0.10355320410059189,0.0969365261797446,0.1041097150004938,0.006616677920847289,-0.007173188820749202
test_all,FDE_xy_2s_m,44,G21,0.09424898858585219,0.08130248291172876,0.08881794720443928,0.012946505674123435,-0.007515464292710522
test_all,FDE_xy_2s_m,44,G22,0.09847056404818787,0.08663788997058901,0.10713510896669437,0.01183267407759886,-0.020497218996105362
test_all,FDE_xy_2s_m,44,G23,0.0953988548174977,0.09146093466655648,0.1020469291489042,0.003937920150941215,-0.010585994482347719
test_all,ADE_xy_2s_m,42,G18,0.06477465553927703,0.05503306203322776,0.05441566541224629,0.009741593506049265,0.0006173966209814738
test_all,ADE_xy_2s_m,42,G19,0.06254187771103979,0.0545047156202009,0.05583871284669365,0.008037162090838892,-0.0013339972264927516
test_all,ADE_xy_2s_m,42,G20,0.06507101881583874,0.05730972993448539,0.055327388135486544,0.0077612888813533495,0.001982341798998845
test_all,ADE_xy_2s_m,42,G21,0.05756177983800539,0.04919084903365093,0.05228602413481636,0.008370930804354457,-0.003095175101165429
test_all,ADE_xy_2s_m,42,G22,0.06304451377834026,0.055736369170242606,0.05383894368428867,0.007308144608097658,0.001897425485953938
test_all,ADE_xy_2s_m,42,G23,0.06402227552027662,0.05794241508565969,0.05786839697114286,0.006079860434616925,7.401811451682866e-05
test_all,ADE_xy_2s_m,43,G18,0.06556319202692128,0.05722617081945859,0.058537385761591613,0.008337021207462686,-0.0013112149421330224
test_all,ADE_xy_2s_m,43,G19,0.06259739290144171,0.05483144181511112,0.05492480913146455,0.0077659510863305956,-9.336731635343348e-05
test_all,ADE_xy_2s_m,43,G20,0.06370738629386753,0.05574623634817416,0.05591062363275229,0.007961149945693372,-0.0001643872845781269
test_all,ADE_xy_2s_m,43,G21,0.05797884201196785,0.04946408173831363,0.05258290759660671,0.00851476027365422,-0.003118825858293074
test_all,ADE_xy_2s_m,43,G22,0.06266540791701476,0.05347637624244496,0.059533280494352865,0.009189031674569803,-0.006056904251907906
test_all,ADE_xy_2s_m,43,G23,0.062409298520739356,0.05620196034120274,0.056593304746277946,0.0062073381795366145,-0.00039134440507520435
test_all,ADE_xy_2s_m,44,G18,0.06320086048463983,0.05467098524536112,0.06157073180560748,0.008529875239278707,-0.0068997465602463615
test_all,ADE_xy_2s_m,44,G19,0.06314887547919054,0.05173386140826559,0.056444243007987234,0.011415014070924955,-0.004710381599721647
test_all,ADE_xy_2s_m,44,G20,0.0636811084231193,0.055053927967321704,0.05613625911997354,0.0086271804557976,-0.0010823311526518345
test_all,ADE_xy_2s_m,44,G21,0.05908005180101691,0.04790049930013766,0.05313349998374875,0.01117955250087925,-0.005233000683611093
test_all,ADE_xy_2s_m,44,G22,0.06251974849172616,0.05205827223453677,0.06027752340407922,0.010461476257189392,-0.008219251169542453
test_all,ADE_xy_2s_m,44,G23,0.05912412967673843,0.053909988356536466,0.05841200263286278,0.005214141320201961,-0.004502014276326315
test_all,net_yaw_err_rad,42,G18,0.1012173772291539,0.06588161052598109,0.09038531612926211,0.035335766703172816,-0.024503705603281023
test_all,net_yaw_err_rad,42,G19,0.09153741018698931,0.06156516845306184,0.08638051789603042,0.02997224173392747,-0.02481534944296858
test_all,net_yaw_err_rad,42,G20,0.09235260155410686,0.06571525398693565,0.09536711650686908,0.02663734756717122,-0.02965186251993343
test_all,net_yaw_err_rad,42,G21,0.09532293395777405,0.06834706095566988,0.09290296337588787,0.026975873002104175,-0.02455590242021799
test_all,net_yaw_err_rad,42,G22,0.10533002685826857,0.06970830189540438,0.09910923606049137,0.0356217249628642,-0.02940093416508699
test_all,net_yaw_err_rad,42,G23,0.09522632279615412,0.07632627104316338,0.08857416152432472,0.01890005175299074,-0.012247890481161344
test_all,net_yaw_err_rad,43,G18,0.10083289490581525,0.06829389899320193,0.09191536794551886,0.03253899591261332,-0.023621468952316926
test_all,net_yaw_err_rad,43,G19,0.09214504440204557,0.062452952899234256,0.08208231695024942,0.029692091502811317,-0.019629364051015168
test_all,net_yaw_err_rad,43,G20,0.09610742277318148,0.06989292564119548,0.08966644400272944,0.026214497131985995,-0.01977351836153396
test_all,net_yaw_err_rad,43,G21,0.09615294842451813,0.07299826026724919,0.08423619637782125,0.02315468815726894,-0.011237936110572055
test_all,net_yaw_err_rad,43,G22,0.1048289726708351,0.07199787138484004,0.10359508941609102,0.03283110128599506,-0.031597218031250984
test_all,net_yaw_err_rad,43,G23,0.09788512305570933,0.07520140456253338,0.09220339473419396,0.02268371849317595,-0.017001990171660583
test_all,net_yaw_err_rad,44,G18,0.09840615039967007,0.06911382957278639,0.09374820497813979,0.029292320826883683,-0.024634375405353404
test_all,net_yaw_err_rad,44,G19,0.087224525973013,0.06973086394626342,0.08276752620475127,0.017493662026749582,-0.013036662258487847
test_all,net_yaw_err_rad,44,G20,0.09434314019188801,0.07550010958389235,0.09307598448754757,0.018843030607995664,-0.017575874903655225
test_all,net_yaw_err_rad,44,G21,0.09430747130439461,0.07164910734656958,0.08452814930440043,0.02265836395782503,-0.01287904195783085
test_all,net_yaw_err_rad,44,G22,0.10405828869165933,0.07490732827859993,0.10233292492472075,0.029150960413059396,-0.02742559664612082
test_all,net_yaw_err_rad,44,G23,0.09219545641402267,0.0771457698420919,0.09098371515358815,0.015049686571930773,-0.01383794531149625
test_all,lead_MAE_vx@2.0s,42,G18,0.04314439371228218,0.04136563092470169,0.044023506343364716,0.0017787627875804901,-0.002657875418663025
test_all,lead_MAE_vx@2.0s,42,G19,0.04248996078968048,0.04576616734266281,0.04957712069153786,-0.0032762065529823303,-0.0038109533488750458
test_all,lead_MAE_vx@2.0s,42,G20,0.04240768030285835,0.0509004145860672,0.054139040410518646,-0.008492734283208847,-0.0032386258244514465
test_all,lead_MAE_vx@2.0s,42,G21,0.0414704866707325,0.04671115800738335,0.04719192907214165,-0.005240671336650848,-0.0004807710647583008
test_all,lead_MAE_vx@2.0s,42,G22,0.046862080693244934,0.046678878366947174,0.05186748504638672,0.00018320232629776,-0.005188606679439545
test_all,lead_MAE_vx@2.0s,42,G23,0.03867686167359352,0.045189268887043,0.04625231400132179,-0.006512407213449478,-0.0010630451142787933
test_all,lead_MAE_vx@2.0s,43,G18,0.042513832449913025,0.04537343978881836,0.04755103960633278,-0.0028596073389053345,-0.0021775998175144196
test_all,lead_MAE_vx@2.0s,43,G19,0.048121143132448196,0.04392719268798828,0.04283315688371658,0.004193950444459915,0.001094035804271698
test_all,lead_MAE_vx@2.0s,43,G20,0.04656532034277916,0.03982796519994736,0.04618453234434128,0.006737355142831802,-0.006356567144393921
test_all,lead_MAE_vx@2.0s,43,G21,0.04455407336354256,0.040795352309942245,0.04629530385136604,0.0037587210536003113,-0.005499951541423798
test_all,lead_MAE_vx@2.0s,43,G22,0.04565253108739853,0.04648260399699211,0.052870821207761765,-0.0008300729095935822,-0.006388217210769653
test_all,lead_MAE_vx@2.0s,43,G23,0.03821332007646561,0.043393880128860474,0.04618450626730919,-0.005180560052394867,-0.002790626138448715
test_all,lead_MAE_vx@2.0s,44,G18,0.044361457228660583,0.043406933546066284,0.047033149749040604,0.0009545236825942993,-0.0036262162029743195
test_all,lead_MAE_vx@2.0s,44,G19,0.04515652358531952,0.04020118713378906,0.047008201479911804,0.0049553364515304565,-0.006807014346122742
test_all,lead_MAE_vx@2.0s,44,G20,0.044958192855119705,0.04050906375050545,0.05417146533727646,0.004449129104614258,-0.013662401586771011
test_all,lead_MAE_vx@2.0s,44,G21,0.04366049915552139,0.040593329817056656,0.05480379983782768,0.003067169338464737,-0.014210470020771027
test_all,lead_MAE_vx@2.0s,44,G22,0.045288920402526855,0.04061003029346466,0.05190008506178856,0.004678890109062195,-0.011290054768323898
test_all,lead_MAE_vx@2.0s,44,G23,0.03961224853992462,0.04243897646665573,0.0488460548222065,-0.0028267279267311096,-0.006407078355550766
test_all,lead_MAE_vy@2.0s,42,G18,0.05443364009261131,0.0529889315366745,0.055923935025930405,0.0014447085559368134,-0.002935003489255905
test_all,lead_MAE_vy@2.0s,42,G19,0.05646252632141113,0.05067823454737663,0.05687907710671425,0.0057842917740345,-0.006200842559337616
test_all,lead_MAE_vy@2.0s,42,G20,0.06144707649946213,0.05072791501879692,0.056350741535425186,0.010719161480665207,-0.005622826516628265
test_all,lead_MAE_vy@2.0s,42,G21,0.058888718485832214,0.05292730778455734,0.053667496889829636,0.005961410701274872,-0.0007401891052722931
test_all,lead_MAE_vy@2.0s,42,G22,0.06710880249738693,0.05767304077744484,0.059441812336444855,0.009435761719942093,-0.0017687715590000153
test_all,lead_MAE_vy@2.0s,42,G23,0.05517161265015602,0.05482986569404602,0.05377432331442833,0.0003417469561100006,0.001055542379617691
test_all,lead_MAE_vy@2.0s,43,G18,0.05559518188238144,0.050791118294000626,0.059972334653139114,0.004804063588380814,-0.009181216359138489
test_all,lead_MAE_vy@2.0s,43,G19,0.06147349253296852,0.05440958961844444,0.06585988402366638,0.007063902914524078,-0.011450294405221939
test_all,lead_MAE_vy@2.0s,43,G20,0.0625918060541153,0.0531698502600193,0.06082579866051674,0.009421955794095993,-0.0076559484004974365
test_all,lead_MAE_vy@2.0s,43,G21,0.06209729239344597,0.05346497893333435,0.06207231804728508,0.008632313460111618,-0.00860733911395073
test_all,lead_MAE_vy@2.0s,43,G22,0.06854158639907837,0.05842352658510208,0.06627840548753738,0.010118059813976288,-0.007854878902435303
test_all,lead_MAE_vy@2.0s,43,G23,0.057128261774778366,0.05350516363978386,0.0570976585149765,0.003623098134994507,-0.003592494875192642
test_all,lead_MAE_vy@2.0s,44,G18,0.05530128628015518,0.04919874295592308,0.06094055622816086,0.0061025433242321014,-0.011741813272237778
test_all,lead_MAE_vy@2.0s,44,G19,0.05751978978514671,0.04971136897802353,0.06705740839242935,0.007808420807123184,-0.017346039414405823
test_all,lead_MAE_vy@2.0s,44,G20,0.06244242191314697,0.05245149880647659,0.060698289424180984,0.00999092310667038,-0.008246790617704391
test_all,lead_MAE_vy@2.0s,44,G21,0.056842174381017685,0.05272364243865013,0.06179339066147804,0.004118531942367554,-0.009069748222827911
test_all,lead_MAE_vy@2.0s,44,G22,0.06361206620931625,0.055254239588975906,0.06456826627254486,0.008357826620340347,-0.009314026683568954
test_all,lead_MAE_vy@2.0s,44,G23,0.05405516177415848,0.05128674581646919,0.055924225598573685,0.0027684159576892853,-0.004637479782104492
test_all,lead_MAE_wz@2.0s,42,G18,0.0985560491681099,0.07374947518110275,0.08412906527519226,0.02480657398700714,-0.010379590094089508
test_all,lead_MAE_wz@2.0s,42,G19,0.11121134459972382,0.08628936856985092,0.1000155434012413,0.024921976029872894,-0.01372617483139038
test_all,lead_MAE_wz@2.0s,42,G20,0.10213316977024078,0.08312848210334778,0.10328363627195358,0.019004687666893005,-0.020155154168605804
test_all,lead_MAE_wz@2.0s,42,G21,0.08943105489015579,0.07146763056516647,0.07784086465835571,0.01796342432498932,-0.0063732340931892395
test_all,lead_MAE_wz@2.0s,42,G22,0.09337972104549408,0.07709244638681412,0.08706525713205338,0.016287274658679962,-0.009972810745239258
test_all,lead_MAE_wz@2.0s,42,G23,0.0911068245768547,0.07501690834760666,0.0951324850320816,0.016089916229248047,-0.020115576684474945
test_all,lead_MAE_wz@2.0s,43,G18,0.09799248725175858,0.0739472508430481,0.08404994755983353,0.02404523640871048,-0.010102696716785431
test_all,lead_MAE_wz@2.0s,43,G19,0.11608055233955383,0.09218084067106247,0.09608229249715805,0.023899711668491364,-0.003901451826095581
test_all,lead_MAE_wz@2.0s,43,G20,0.09891365468502045,0.0840475857257843,0.10244020074605942,0.014866068959236145,-0.018392615020275116
test_all,lead_MAE_wz@2.0s,43,G21,0.09216367453336716,0.07390309125185013,0.076322540640831,0.01826058328151703,-0.0024194493889808655
test_all,lead_MAE_wz@2.0s,43,G22,0.09017240256071091,0.07817525416612625,0.0880337655544281,0.011997148394584656,-0.00985851138830185
test_all,lead_MAE_wz@2.0s,43,G23,0.09230327606201172,0.07902593165636063,0.09196712076663971,0.013277344405651093,-0.012941189110279083
test_all,lead_MAE_wz@2.0s,44,G18,0.09901741147041321,0.07907511293888092,0.08813390135765076,0.019942298531532288,-0.009058788418769836
test_all,lead_MAE_wz@2.0s,44,G19,0.11453854292631149,0.08812104910612106,0.10120496153831482,0.02641749382019043,-0.013083912432193756
test_all,lead_MAE_wz@2.0s,44,G20,0.10339418053627014,0.09305890649557114,0.1043950542807579,0.010335274040699005,-0.011336147785186768
test_all,lead_MAE_wz@2.0s,44,G21,0.08809541910886765,0.07584990561008453,0.07537275552749634,0.012245513498783112,0.0004771500825881958
test_all,lead_MAE_wz@2.0s,44,G22,0.0939813032746315,0.07947379350662231,0.10176198929548264,0.014507509768009186,-0.02228819578886032
test_all,lead_MAE_wz@2.0s,44,G23,0.09074026346206665,0.08132825046777725,0.0964098870754242,0.009412012994289398,-0.015081636607646942
test_P0,FDE_xy_2s_m,42,G18,0.09190415418188223,0.08053505149313826,0.06437013170954907,0.01136910268874397,0.016164919783589193
test_P0,FDE_xy_2s_m,42,G19,0.08887518853087421,0.07050912255797276,0.07016734080537683,0.018366065972901455,0.00034178175259592936
test_P0,FDE_xy_2s_m,42,G20,0.09637019122375531,0.087154483463108,0.07495445663423317,0.009215707760647313,0.012200026828874833
test_P0,FDE_xy_2s_m,42,G21,0.07987431775046029,0.0708945838330235,0.06809144680804256,0.008979733917436797,0.002803137024980931
test_P0,FDE_xy_2s_m,42,G22,0.10050544063545054,0.09262683336293252,0.076912354009576,0.007878607272518018,0.015714479353356528
test_P0,FDE_xy_2s_m,42,G23,0.08234827404136542,0.07176975703513631,0.06880589359098246,0.01057851700622911,0.0029638634441538497
test_P0,FDE_xy_2s_m,43,G18,0.09199901792664601,0.08803907853685217,0.0741834112103738,0.003959939389793846,0.01385566732647836
test_P0,FDE_xy_2s_m,43,G19,0.08575758994578013,0.07565558985639138,0.06711838970036513,0.010102000089388746,0.008537200156026256
test_P0,FDE_xy_2s_m,43,G20,0.0945742598373378,0.084522116877692,0.0778632501293659,0.010052142959645807,0.006658866748326095
test_P0,FDE_xy_2s_m,43,G21,0.07794485737900719,0.07096877862283164,0.06955243414508644,0.006976078756175549,0.0014163444777452044
test_P0,FDE_xy_2s_m,43,G22,0.09863910328279069,0.08965942638472375,0.0786480259193821,0.008979676898066932,0.011011400465341659
test_P0,FDE_xy_2s_m,43,G23,0.07345575064421153,0.07291207691561048,0.06810600671556827,0.000543673728601049,0.0048060702000422145
test_P0,FDE_xy_2s_m,44,G18,0.08967789012513529,0.08141740762165475,0.06796130180156842,0.008260482503480535,0.013456105820086328
test_P0,FDE_xy_2s_m,44,G19,0.0917618095331897,0.06740115786043328,0.07107841912753407,0.024360651672756417,-0.003677261267100787
test_P0,FDE_xy_2s_m,44,G20,0.09454211401540778,0.09015337091786478,0.07917231730969365,0.004388743097543002,0.010981053608171129
test_P0,FDE_xy_2s_m,44,G21,0.07842079612495534,0.06458680884399459,0.06450765082452675,0.013833987280960747,7.915801946783985e-05
test_P0,FDE_xy_2s_m,44,G22,0.10057626363384177,0.08829219055556996,0.08577435647163288,0.012284073078271812,0.002517834083937076
test_P0,FDE_xy_2s_m,44,G23,0.07256646260000692,0.07135614394841192,0.07085480843841821,0.001210318651595002,0.0005013355099937056
test_P0,ADE_xy_2s_m,42,G18,0.059074767941982,0.05056215582445593,0.043746172506157845,0.008512612117526068,0.006815983318298087
test_P0,ADE_xy_2s_m,42,G19,0.05588467638697175,0.043585572594352015,0.04434644626133774,0.012299103792619732,-0.0007608736669857258
test_P0,ADE_xy_2s_m,42,G20,0.05911229741852732,0.05185875075085023,0.04645882292308278,0.007253546667677087,0.005399927827767451
test_P0,ADE_xy_2s_m,42,G21,0.04845103030939662,0.039719275305674116,0.04159141379497014,0.008731755003722502,-0.0018721384892960227
test_P0,ADE_xy_2s_m,42,G22,0.061718628299540036,0.05457391807199739,0.044592498650000735,0.007144710227542643,0.009981419421996658
test_P0,ADE_xy_2s_m,42,G23,0.05018441565390635,0.04317105678523525,0.04104859845065872,0.007013358868671098,0.002122458334576534
test_P0,ADE_xy_2s_m,43,G18,0.06023813872411935,0.05363162881344512,0.048551390817794075,0.006606509910674234,0.005080237995651042
test_P0,ADE_xy_2s_m,43,G19,0.05311878058005445,0.045743671424556626,0.04295773143464643,0.007375109155497828,0.0027859399899101966
test_P0,ADE_xy_2s_m,43,G20,0.05871539718085249,0.050137181454345266,0.04738692503493643,0.008578215726507223,0.0027502564194088336
test_P0,ADE_xy_2s_m,43,G21,0.047629947964923494,0.041620914034426804,0.04119865480618394,0.0060090339304966905,0.0004222592282428633
test_P0,ADE_xy_2s_m,43,G22,0.060154105659503666,0.05443698681004697,0.048869492656714725,0.0057171188494567,0.005567494153332242
test_P0,ADE_xy_2s_m,43,G23,0.045777731264085846,0.043247473738503205,0.04183169610500792,0.002530257525582641,0.001415777633495284
test_P0,ADE_xy_2s_m,44,G18,0.05785597023434557,0.049079640316343646,0.04469132072210238,0.008776329918001924,0.004388319594241269
test_P0,ADE_xy_2s_m,44,G19,0.05461837841783598,0.043186519451883815,0.04482091542067635,0.011431858965952169,-0.001634395968792536
test_P0,ADE_xy_2s_m,44,G20,0.05891773975293597,0.05265240117520353,0.046636020151489085,0.0062653385777324405,0.006016381023714441
test_P0,ADE_xy_2s_m,44,G21,0.04946608892201391,0.03854795622502248,0.03868950460817877,0.010918132696991427,-0.0001415483831562897
test_P0,ADE_xy_2s_m,44,G22,0.06215011019766584,0.0506020602621033,0.049819852562400437,0.011548049935562535,0.0007822076997028651
test_P0,ADE_xy_2s_m,44,G23,0.04397954979089749,0.03948714142417507,0.041575985122943394,0.00449240836672242,-0.002088843698768321
test_P0,net_yaw_err_rad,42,G18,0.08335407610219489,0.06316478275564602,0.05158083385483931,0.02018929334654887,0.01158394890080671
test_P0,net_yaw_err_rad,42,G19,0.08807984634263871,0.06619663905816332,0.04829116859954495,0.02188320728447539,0.017905470458618372
test_P0,net_yaw_err_rad,42,G20,0.09289491912952347,0.06782734801527113,0.057764510056788114,0.02506757111425234,0.010062837958483013
test_P0,net_yaw_err_rad,42,G21,0.08213567057423966,0.06383671119824107,0.06719012006942648,0.018298959375998597,-0.0033534088711854176
test_P0,net_yaw_err_rad,42,G22,0.11335042684862352,0.06932853040028696,0.05535747582592126,0.04402189644833657,0.013971054574365697
test_P0,net_yaw_err_rad,42,G23,0.10600287878575425,0.08654615244207282,0.06754259103622139,0.019456726343681424,0.019003561405851438
test_P0,net_yaw_err_rad,43,G18,0.08588667247871247,0.06568372237638363,0.061314914274488624,0.020202950102328837,0.004368808101895008
test_P0,net_yaw_err_rad,43,G19,0.08732860133084329,0.059833799935955646,0.05044589221729861,0.027494801394887643,0.009387907718657038
test_P0,net_yaw_err_rad,43,G20,0.09412740678297066,0.07469283673142652,0.06062324666749595,0.019434570051544142,0.014069590063930562
test_P0,net_yaw_err_rad,43,G21,0.08344214742747783,0.06972102216483715,0.05978479033728945,0.013721125262640674,0.0099362318275477
test_P0,net_yaw_err_rad,43,G22,0.11501409067658644,0.06958006666779208,0.07286045569639318,0.04543402400879436,-0.0032803890286011023
test_P0,net_yaw_err_rad,43,G23,0.10914291669238689,0.08692106499711372,0.07389486671632363,0.022221851695273173,0.013026198280790088
test_P0,net_yaw_err_rad,44,G18,0.08911385496058857,0.061483638597160786,0.04966317198704928,0.027630216363427787,0.011820466610111505
test_P0,net_yaw_err_rad,44,G19,0.08742596777363075,0.057488226086500935,0.0509413371730556,0.029937741687129815,0.006546888913445334
test_P0,net_yaw_err_rad,44,G20,0.0935691213801167,0.08464837174657684,0.05950312784004078,0.008920749633539851,0.02514524390653606
test_P0,net_yaw_err_rad,44,G21,0.0870661700480721,0.0652075580123892,0.0577332104052554,0.0218586120356829,0.007474347607133801
test_P0,net_yaw_err_rad,44,G22,0.10973449148887188,0.07448000692049324,0.05981072765013846,0.03525448456837864,0.01466927927035478
test_P0,net_yaw_err_rad,44,G23,0.10690076572063845,0.08018906905312582,0.0747664903307547,0.02671169666751262,0.005422578722371119
test_P0,lead_MAE_vx@2.0s,42,G18,0.03770342841744423,0.035035740584135056,0.03306920453906059,0.0026676878333091736,0.001966536045074463
test_P0,lead_MAE_vx@2.0s,42,G19,0.03987555950880051,0.04471029341220856,0.03916911408305168,-0.0048347339034080505,0.005541179329156876
test_P0,lead_MAE_vx@2.0s,42,G20,0.04333934560418129,0.05408449470996857,0.04595156013965607,-0.010745149105787277,0.0081329345703125
test_P0,lead_MAE_vx@2.0s,42,G21,0.03971245512366295,0.045237623155117035,0.03691016882658005,-0.005525168031454086,0.008327454328536987
test_P0,lead_MAE_vx@2.0s,42,G22,0.04413602128624916,0.04557960480451584,0.04456014186143875,-0.0014435835182666779,0.0010194629430770874
test_P0,lead_MAE_vx@2.0s,42,G23,0.041903525590896606,0.04143938794732094,0.03497151657938957,0.00046413764357566833,0.006467871367931366
test_P0,lead_MAE_vx@2.0s,43,G18,0.03614622354507446,0.03919582813978195,0.034503500908613205,-0.003049604594707489,0.004692327231168747
test_P0,lead_MAE_vx@2.0s,43,G19,0.04360613226890564,0.04078676551580429,0.03517189621925354,0.002819366753101349,0.005614869296550751
test_P0,lead_MAE_vx@2.0s,43,G20,0.04849087446928024,0.03850236162543297,0.03632254898548126,0.009988512843847275,0.002179812639951706
test_P0,lead_MAE_vx@2.0s,43,G21,0.04163804277777672,0.03608163446187973,0.03539607301354408,0.005556408315896988,0.0006855614483356476
test_P0,lead_MAE_vx@2.0s,43,G22,0.042426060885190964,0.043502576649188995,0.04104752838611603,-0.0010765157639980316,0.0024550482630729675
test_P0,lead_MAE_vx@2.0s,43,G23,0.041988592594861984,0.04309012368321419,0.0390297994017601,-0.0011015310883522034,0.004060324281454086
test_P0,lead_MAE_vx@2.0s,44,G18,0.040412187576293945,0.03455650806427002,0.03416496515274048,0.005855679512023926,0.000391542911529541
test_P0,lead_MAE_vx@2.0s,44,G19,0.04354677349328995,0.0343557633459568,0.03919636085629463,0.009191010147333145,-0.00484059751033783
test_P0,lead_MAE_vx@2.0s,44,G20,0.04666060209274292,0.04079185798764229,0.04047168791294098,0.005868744105100632,0.0003201700747013092
test_P0,lead_MAE_vx@2.0s,44,G21,0.041669804602861404,0.03328551724553108,0.03760266676545143,0.008384287357330322,-0.004317149519920349
test_P0,lead_MAE_vx@2.0s,44,G22,0.04081746190786362,0.03968336433172226,0.04574700817465782,0.0011340975761413574,-0.006063643842935562
test_P0,lead_MAE_vx@2.0s,44,G23,0.04399900138378143,0.036367904394865036,0.037769775837659836,0.007631096988916397,-0.0014018714427947998
test_P0,lead_MAE_vy@2.0s,42,G18,0.0326562263071537,0.0309634730219841,0.03644990921020508,0.0016927532851696014,-0.005486436188220978
test_P0,lead_MAE_vy@2.0s,42,G19,0.0424727201461792,0.04354487359523773,0.046876437962055206,-0.0010721534490585327,-0.0033315643668174744
test_P0,lead_MAE_vy@2.0s,42,G20,0.05192720517516136,0.04382317513227463,0.04503076523542404,0.008104030042886734,-0.001207590103149414
test_P0,lead_MAE_vy@2.0s,42,G21,0.04290170222520828,0.04185934737324715,0.04119719937443733,0.0010423548519611359,0.0006621479988098145
test_P0,lead_MAE_vy@2.0s,42,G22,0.04998365417122841,0.046156637370586395,0.04984001815319061,0.0038270168006420135,-0.0036833807826042175
test_P0,lead_MAE_vy@2.0s,42,G23,0.041535504162311554,0.044523198157548904,0.042463090270757675,-0.0029876939952373505,0.0020601078867912292
test_P0,lead_MAE_vy@2.0s,43,G18,0.039797354489564896,0.03527606278657913,0.03591518849134445,0.0045212917029857635,-0.0006391257047653198
test_P0,lead_MAE_vy@2.0s,43,G19,0.04789099469780922,0.047571901232004166,0.04289507493376732,0.0003190934658050537,0.004676826298236847
test_P0,lead_MAE_vy@2.0s,43,G20,0.051304690539836884,0.04549245536327362,0.05136437714099884,0.005812235176563263,-0.00587192177772522
test_P0,lead_MAE_vy@2.0s,43,G21,0.04518231004476547,0.04247797653079033,0.038552992045879364,0.0027043335139751434,0.003924984484910965
test_P0,lead_MAE_vy@2.0s,43,G22,0.04928941652178764,0.04740060120820999,0.048781462013721466,0.001888815313577652,-0.0013808608055114746
test_P0,lead_MAE_vy@2.0s,43,G23,0.044956009835004807,0.04406697303056717,0.047205083072185516,0.0008890368044376373,-0.003138110041618347
test_P0,lead_MAE_vy@2.0s,44,G18,0.03583771735429764,0.031756650656461716,0.0361584834754467,0.004081066697835922,-0.004401832818984985
test_P0,lead_MAE_vy@2.0s,44,G19,0.044630710035562515,0.047081395983695984,0.04268316924571991,-0.0024506859481334686,0.004398226737976074
test_P0,lead_MAE_vy@2.0s,44,G20,0.05397563800215721,0.044581785798072815,0.047771260142326355,0.009393852204084396,-0.00318947434425354
test_P0,lead_MAE_vy@2.0s,44,G21,0.042962390929460526,0.04187733307480812,0.04791900888085365,0.0010850578546524048,-0.006041675806045532
test_P0,lead_MAE_vy@2.0s,44,G22,0.04881570115685463,0.04436466470360756,0.04584835469722748,0.00445103645324707,-0.0014836899936199188
test_P0,lead_MAE_vy@2.0s,44,G23,0.040408991277217865,0.04048079997301102,0.04639412835240364,-7.180869579315186e-05,-0.005913328379392624
test_P0,lead_MAE_wz@2.0s,42,G18,0.0887368768453598,0.07333070784807205,0.07642703503370285,0.01540616899728775,-0.0030963271856307983
test_P0,lead_MAE_wz@2.0s,42,G19,0.09531295299530029,0.08858524262905121,0.08960076421499252,0.0067277103662490845,-0.0010155215859413147
test_P0,lead_MAE_wz@2.0s,42,G20,0.10334239900112152,0.09155791252851486,0.08540758490562439,0.011784486472606659,0.006150327622890472
test_P0,lead_MAE_wz@2.0s,42,G21,0.06588463485240936,0.06044025719165802,0.059945836663246155,0.005444377660751343,0.0004944205284118652
test_P0,lead_MAE_wz@2.0s,42,G22,0.0944666862487793,0.0818357840180397,0.07533331215381622,0.012630902230739594,0.00650247186422348
test_P0,lead_MAE_wz@2.0s,42,G23,0.0971255898475647,0.09104937314987183,0.09270207583904266,0.006076216697692871,-0.0016527026891708374
test_P0,lead_MAE_wz@2.0s,43,G18,0.09057007730007172,0.07405683398246765,0.0622204951941967,0.016513243317604065,0.01183633878827095
test_P0,lead_MAE_wz@2.0s,43,G19,0.09977713972330093,0.08808249980211258,0.08816906809806824,0.011694639921188354,-8.656829595565796e-05
test_P0,lead_MAE_wz@2.0s,43,G20,0.09834588319063187,0.09196460992097855,0.09106745570898056,0.00638127326965332,0.0008971542119979858
test_P0,lead_MAE_wz@2.0s,43,G21,0.07400812208652496,0.05992541089653969,0.05629054829478264,0.014082711189985275,0.0036348626017570496
test_P0,lead_MAE_wz@2.0s,43,G22,0.09331963956356049,0.08262012153863907,0.07975684106349945,0.010699518024921417,0.002863280475139618
test_P0,lead_MAE_wz@2.0s,43,G23,0.09852731227874756,0.0954255759716034,0.08250631392002106,0.003101736307144165,0.012919262051582336
test_P0,lead_MAE_wz@2.0s,44,G18,0.08812730759382248,0.07469720393419266,0.07583335041999817,0.013430103659629822,-0.0011361464858055115
test_P0,lead_MAE_wz@2.0s,44,G19,0.10186070948839188,0.08304718136787415,0.08400729298591614,0.01881352812051773,-0.0009601116180419922
test_P0,lead_MAE_wz@2.0s,44,G20,0.10970094799995422,0.10310009121894836,0.08750734478235245,0.006600856781005859,0.015592746436595917
test_P0,lead_MAE_wz@2.0s,44,G21,0.07070380449295044,0.062222760170698166,0.05460236594080925,0.008481044322252274,0.007620394229888916
test_P0,lead_MAE_wz@2.0s,44,G22,0.09815335273742676,0.07456976920366287,0.08893425017595291,0.023583583533763885,-0.014364480972290039
test_P0,lead_MAE_wz@2.0s,44,G23,0.09625908732414246,0.09187042713165283,0.09271052479743958,0.004388660192489624,-0.0008400976657867432
test_P1,FDE_xy_2s_m,42,G18,0.09597616584644518,0.08507129664947571,0.08112074900428916,0.010904869196969466,0.003950547645186556
test_P1,FDE_xy_2s_m,42,G19,0.08756027682561712,0.08339651335841244,0.07948602712986773,0.004163763467204679,0.003910486228544716
test_P1,FDE_xy_2s_m,42,G20,0.08570891858239786,0.07472507518000576,0.07321170833689435,0.010983843402392099,0.0015133668431114161
test_P1,FDE_xy_2s_m,42,G21,0.08421155160193207,0.07988927130751781,0.07216660394785065,0.004322280294414255,0.00772266735966716
test_P1,FDE_xy_2s_m,42,G22,0.09188840080508129,0.08025039726389588,0.07918589695118046,0.01163800354118541,0.001064500312715419
test_P1,FDE_xy_2s_m,42,G23,0.11386249814409988,0.10617449115848429,0.10298347306461304,0.007688006985615586,0.003191018093871248
test_P1,FDE_xy_2s_m,43,G18,0.09814566023003904,0.08795183098656861,0.0907218944428182,0.010193829243470426,-0.002770063456249583
test_P1,FDE_xy_2s_m,43,G19,0.08983866185734019,0.08425138729569007,0.08120523658187526,0.0055872745616501185,0.0030461507138148103
test_P1,FDE_xy_2s_m,43,G20,0.08123188059256689,0.0743602859835429,0.07749750974004879,0.006871594609023993,-0.003137223756505894
test_P1,FDE_xy_2s_m,43,G21,0.0820194138074369,0.07621357378402971,0.0769158171987723,0.0058058400234071855,-0.0007022434147425927
test_P1,FDE_xy_2s_m,43,G22,0.08876350723804319,0.07589922935982545,0.09116108363177147,0.012864277878217742,-0.015261854271946027
test_P1,FDE_xy_2s_m,43,G23,0.11519626600888541,0.10420124371772771,0.10129754353446571,0.010995022291157702,0.002903700183261998
test_P1,FDE_xy_2s_m,44,G18,0.09328895028082994,0.08884540312350397,0.08815653717020813,0.004443547157325964,0.0006888659532958419
test_P1,FDE_xy_2s_m,44,G19,0.08702112112271561,0.08292511108330408,0.08003601731062275,0.004096010039411527,0.002889093772681331
test_P1,FDE_xy_2s_m,44,G20,0.0844443485586593,0.07864080547097038,0.07433788066343056,0.00580354308768892,0.004302924807539826
test_P1,FDE_xy_2s_m,44,G21,0.08237563701732861,0.07178715946899297,0.06946992913179363,0.01058847754833564,0.0023172303371993414
test_P1,FDE_xy_2s_m,44,G22,0.08317000413000228,0.07857364011144141,0.08792396903203088,0.004596364018560867,-0.00935032892058947
test_P1,FDE_xy_2s_m,44,G23,0.10928166202123983,0.10460778850571903,0.09892324207150908,0.004673873515520802,0.005684546434209944
test_P1,ADE_xy_2s_m,42,G18,0.06081037020867175,0.051690327651146166,0.05027702917560381,0.009120042557525583,0.0014132984755423558
test_P1,ADE_xy_2s_m,42,G19,0.06166284876210161,0.05537723869430265,0.05152607982070918,0.006285610067798958,0.0038511588735934757
test_P1,ADE_xy_2s_m,42,G20,0.05403023705026163,0.046851019660619025,0.046446244454658635,0.0071792173896426045,0.0004047752059603907
test_P1,ADE_xy_2s_m,42,G21,0.0512341645570708,0.04542863860896609,0.0439545992249908,0.005805525948104705,0.0014740393839752924
test_P1,ADE_xy_2s_m,42,G22,0.05574145892966843,0.049267648621801136,0.050419427112721286,0.006473810307867298,-0.0011517784909201509
test_P1,ADE_xy_2s_m,42,G23,0.06475938511211128,0.060597282384554085,0.062423894907785625,0.004162102727557196,-0.0018266125232315397
test_P1,ADE_xy_2s_m,43,G18,0.0638222255469268,0.05599579231773599,0.05494245934334296,0.007826433229190813,0.0010533329743930356
test_P1,ADE_xy_2s_m,43,G19,0.06248683077432931,0.056264955306490054,0.05203539344490136,0.006221875467839255,0.004229561861588696
test_P1,ADE_xy_2s_m,43,G20,0.05313442378578254,0.04774593489541693,0.046918131385643366,0.005388488890365611,0.0008278035097735656
test_P1,ADE_xy_2s_m,43,G21,0.05201599906532881,0.04552721949391506,0.04484645990565365,0.00648877957141375,0.0006807595882614148
test_P1,ADE_xy_2s_m,43,G22,0.05428697108001977,0.045619066942859395,0.05512348258584747,0.008667904137160377,-0.009504415642988075
test_P1,ADE_xy_2s_m,43,G23,0.0666248223182757,0.05955861961945313,0.05820723204389105,0.00706620269882257,0.0013513875755620797
test_P1,ADE_xy_2s_m,44,G18,0.05931324781540878,0.0519318252340834,0.051386142924020835,0.007381422581325382,0.0005456823100625646
test_P1,ADE_xy_2s_m,44,G19,0.06104896493755975,0.051336599401479624,0.05072477055066685,0.009712365536080125,0.0006118288508127762
test_P1,ADE_xy_2s_m,44,G20,0.053084168848563006,0.04496918167160487,0.043929491896293575,0.008114987176958133,0.0010396897753112977
test_P1,ADE_xy_2s_m,44,G21,0.05342341328630618,0.04206348246821988,0.04408736935013301,0.011359930818086304,-0.0020238868819131284
test_P1,ADE_xy_2s_m,44,G22,0.053498347969139506,0.04787930656177083,0.05210878224469574,0.005619041407368679,-0.0042294756829249144
test_P1,ADE_xy_2s_m,44,G23,0.06352449399612532,0.059563387720831966,0.05854612131307963,0.0039611062752933565,0.0010172664077523347
test_P1,net_yaw_err_rad,42,G18,0.09686855974723585,0.07270789754794452,0.07114609095899344,0.024160662199291333,0.0015618065889510813
test_P1,net_yaw_err_rad,42,G19,0.08433282222138663,0.07071739090370194,0.06821892513029197,0.013615431317684695,0.0024984657734099663
test_P1,net_yaw_err_rad,42,G20,0.07230344536462023,0.07213393858142404,0.062063925450476946,0.00016950678319618828,0.010070013130947096
test_P1,net_yaw_err_rad,42,G21,0.08939146803459153,0.0725740638251106,0.08141979097854346,0.016817404209480927,-0.008845727153432861
test_P1,net_yaw_err_rad,42,G22,0.09931881678323062,0.08703588752641374,0.08136194005522739,0.012282929256816885,0.0056739474711863525
test_P1,net_yaw_err_rad,42,G23,0.09435406292323023,0.08269473053708983,0.07591873893923345,0.011659332386140406,0.006775991597856371
test_P1,net_yaw_err_rad,43,G18,0.10039706889397672,0.0745804884661791,0.08931760385651917,0.025816580427797622,-0.014737115390340075
test_P1,net_yaw_err_rad,43,G19,0.09059868599840204,0.0757370848188262,0.08677174252405243,0.014861601179575842,-0.011034657705226228
test_P1,net_yaw_err_rad,43,G20,0.08051705088615159,0.07409846739998709,0.07456494205851211,0.006418583486164503,-0.0004664746585250207
test_P1,net_yaw_err_rad,43,G21,0.09092290249847995,0.07967049600039092,0.09855549539012524,0.011252406498089035,-0.018884999389734328
test_P1,net_yaw_err_rad,43,G22,0.0996895415060321,0.09249967827933848,0.10475844785366809,0.007189863226693613,-0.0122587695743296
test_P1,net_yaw_err_rad,43,G23,0.09583268659581437,0.08289080038432278,0.10476560583871712,0.012941886211491588,-0.02187480545439434
test_P1,net_yaw_err_rad,44,G18,0.09217886948641131,0.07431565614145559,0.0853932787267695,0.01786321334495572,-0.011077622585313904
test_P1,net_yaw_err_rad,44,G19,0.081914824866163,0.07880457720162355,0.08005589247803149,0.003110247664539448,-0.001251315276407941
test_P1,net_yaw_err_rad,44,G20,0.0785235952353105,0.07464466573017287,0.07251086274805453,0.0038789295051376294,0.002133802982118335
test_P1,net_yaw_err_rad,44,G21,0.09208639040298294,0.07424605128552583,0.08576272432886374,0.01784033911745711,-0.011516673043337908
test_P1,net_yaw_err_rad,44,G22,0.10453061516877968,0.08900484376166645,0.09997018990695485,0.015525771407113226,-0.010965346145288393
test_P1,net_yaw_err_rad,44,G23,0.08854665934389534,0.07941590226174514,0.09476441587563993,0.009130757082150207,-0.01534851361389479
test_P1,lead_MAE_vx@2.0s,42,G18,0.051468998193740845,0.04781992733478546,0.050704438239336014,0.0036490708589553833,-0.0028845109045505524
test_P1,lead_MAE_vx@2.0s,42,G19,0.049622341990470886,0.052569448947906494,0.051008839160203934,-0.002947106957435608,0.0015606097877025604
test_P1,lead_MAE_vx@2.0s,42,G20,0.04771198332309723,0.05342869460582733,0.05539738014340401,-0.0057167112827301025,-0.0019686855375766754
test_P1,lead_MAE_vx@2.0s,42,G21,0.04411996901035309,0.046644944697618484,0.04055046662688255,-0.002524975687265396,0.006094478070735931
test_P1,lead_MAE_vx@2.0s,42,G22,0.056056275963783264,0.04911945015192032,0.058025505393743515,0.0069368258118629456,-0.008906055241823196
test_P1,lead_MAE_vx@2.0s,42,G23,0.04544585570693016,0.049834731966257095,0.049531325697898865,-0.004388876259326935,0.0003034062683582306
test_P1,lead_MAE_vx@2.0s,43,G18,0.048572514206171036,0.05562311410903931,0.052129555493593216,-0.007050599902868271,0.0034935586154460907
test_P1,lead_MAE_vx@2.0s,43,G19,0.05372607707977295,0.05052471160888672,0.0479988195002079,0.0032013654708862305,0.0025258921086788177
test_P1,lead_MAE_vx@2.0s,43,G20,0.0492972694337368,0.046851687133312225,0.045906905084848404,0.002445582300424576,0.0009447820484638214
test_P1,lead_MAE_vx@2.0s,43,G21,0.04395575821399689,0.04844557121396065,0.04149957001209259,-0.00448981299996376,0.006946001201868057
test_P1,lead_MAE_vx@2.0s,43,G22,0.04902791231870651,0.0545976348221302,0.061469946056604385,-0.005569722503423691,-0.006872311234474182
test_P1,lead_MAE_vx@2.0s,43,G23,0.03824157267808914,0.04750297963619232,0.042554277926683426,-0.00926140695810318,0.004948701709508896
test_P1,lead_MAE_vx@2.0s,44,G18,0.05107485502958298,0.05428308993577957,0.056675512343645096,-0.0032082349061965942,-0.0023924224078655243
test_P1,lead_MAE_vx@2.0s,44,G19,0.05048973485827446,0.04417482390999794,0.043784502893686295,0.00631491094827652,0.0003903210163116455
test_P1,lead_MAE_vx@2.0s,44,G20,0.04932684078812599,0.04458104074001312,0.05888037011027336,0.004745800048112869,-0.014299329370260239
test_P1,lead_MAE_vx@2.0s,44,G21,0.04260503500699997,0.043531402945518494,0.05431957542896271,-0.0009263679385185242,-0.010788172483444214
test_P1,lead_MAE_vx@2.0s,44,G22,0.05354325473308563,0.04516194760799408,0.05132942646741867,0.008381307125091553,-0.006167478859424591
test_P1,lead_MAE_vx@2.0s,44,G23,0.044419143348932266,0.047483254224061966,0.047323353588581085,-0.0030641108751296997,0.00015990063548088074
test_P1,lead_MAE_vy@2.0s,42,G18,0.04977951943874359,0.048998329788446426,0.05354754626750946,0.0007811896502971649,-0.004549216479063034
test_P1,lead_MAE_vy@2.0s,42,G19,0.057604413479566574,0.04701076075434685,0.04665505513548851,0.010593652725219727,0.0003557056188583374
test_P1,lead_MAE_vy@2.0s,42,G20,0.05453048646450043,0.04753563925623894,0.058103688061237335,0.00699484720826149,-0.010568048804998398
test_P1,lead_MAE_vy@2.0s,42,G21,0.05165726691484451,0.048348039388656616,0.04245069622993469,0.0033092275261878967,0.005897343158721924
test_P1,lead_MAE_vy@2.0s,42,G22,0.058816466480493546,0.051364243030548096,0.05724215507507324,0.00745222344994545,-0.0058779120445251465
test_P1,lead_MAE_vy@2.0s,42,G23,0.05148349702358246,0.05218623951077461,0.05267194285988808,-0.0007027424871921539,-0.00048570334911346436
test_P1,lead_MAE_vy@2.0s,43,G18,0.044610586017370224,0.04562188684940338,0.051156431436538696,-0.0010113008320331573,-0.005534544587135315
test_P1,lead_MAE_vy@2.0s,43,G19,0.06070955470204353,0.05261262133717537,0.05442175641655922,0.008096933364868164,-0.00180913507938385
test_P1,lead_MAE_vy@2.0s,43,G20,0.059992484748363495,0.05026539787650108,0.05648648738861084,0.009727086871862411,-0.0062210895121097565
test_P1,lead_MAE_vy@2.0s,43,G21,0.05718788877129555,0.04847027361392975,0.05417541787028313,0.008717615157365799,-0.005705144256353378
test_P1,lead_MAE_vy@2.0s,43,G22,0.05986495688557625,0.056244757026433945,0.06017858535051346,0.0036201998591423035,-0.0039338283240795135
test_P1,lead_MAE_vy@2.0s,43,G23,0.05152023956179619,0.053178589791059494,0.05106392130255699,-0.0016583502292633057,0.0021146684885025024
test_P1,lead_MAE_vy@2.0s,44,G18,0.05234403908252716,0.04530239850282669,0.05640832707285881,0.00704164057970047,-0.01110592857003212
test_P1,lead_MAE_vy@2.0s,44,G19,0.05559362471103668,0.04674973338842392,0.06570674479007721,0.008843891322612762,-0.01895701140165329
test_P1,lead_MAE_vy@2.0s,44,G20,0.06064177304506302,0.05131937563419342,0.0551438108086586,0.009322397410869598,-0.0038244351744651794
test_P1,lead_MAE_vy@2.0s,44,G21,0.05272277817130089,0.04712331295013428,0.04988297447562218,0.005599465221166611,-0.0027596615254878998
test_P1,lead_MAE_vy@2.0s,44,G22,0.06040767952799797,0.05297025665640831,0.062125060707330704,0.007437422871589661,-0.009154804050922394
test_P1,lead_MAE_vy@2.0s,44,G23,0.051005758345127106,0.05225180834531784,0.04971624165773392,-0.0012460500001907349,0.0025355666875839233
test_P1,lead_MAE_wz@2.0s,42,G18,0.08449111878871918,0.06750163435935974,0.07083971798419952,0.016989484429359436,-0.0033380836248397827
test_P1,lead_MAE_wz@2.0s,42,G19,0.11993161588907242,0.09978431463241577,0.10869336128234863,0.020147301256656647,-0.008909046649932861
test_P1,lead_MAE_wz@2.0s,42,G20,0.09053071588277817,0.07087130844593048,0.07950537651777267,0.019659407436847687,-0.008634068071842194
test_P1,lead_MAE_wz@2.0s,42,G21,0.08539266139268875,0.0689215213060379,0.07478165626525879,0.01647114008665085,-0.005860134959220886
test_P1,lead_MAE_wz@2.0s,42,G22,0.07439754158258438,0.0703878253698349,0.062474217265844345,0.004009716212749481,0.007913608103990555
test_P1,lead_MAE_wz@2.0s,42,G23,0.07919173687696457,0.06113285571336746,0.06669381260871887,0.018058881163597107,-0.00556095689535141
test_P1,lead_MAE_wz@2.0s,43,G18,0.0839790403842926,0.06846049427986145,0.07728254795074463,0.015518546104431152,-0.008822053670883179
test_P1,lead_MAE_wz@2.0s,43,G19,0.13085965812206268,0.11409526318311691,0.11572938412427902,0.01676439493894577,-0.0016341209411621094
test_P1,lead_MAE_wz@2.0s,43,G20,0.09340580552816391,0.0684790313243866,0.08986619114875793,0.024926774203777313,-0.021387159824371338
test_P1,lead_MAE_wz@2.0s,43,G21,0.08869724720716476,0.07109018415212631,0.07920337468385696,0.017607063055038452,-0.008113190531730652
test_P1,lead_MAE_wz@2.0s,43,G22,0.06779792159795761,0.07548366487026215,0.07048483937978745,-0.007685743272304535,0.004998825490474701
test_P1,lead_MAE_wz@2.0s,43,G23,0.07813026010990143,0.06273403763771057,0.07352084666490555,0.015396222472190857,-0.010786809027194977
test_P1,lead_MAE_wz@2.0s,44,G18,0.08734159171581268,0.07209642976522446,0.07852426171302795,0.015245161950588226,-0.006427831947803497
test_P1,lead_MAE_wz@2.0s,44,G19,0.12346933782100677,0.10745684802532196,0.11076106876134872,0.016012489795684814,-0.003304220736026764
test_P1,lead_MAE_wz@2.0s,44,G20,0.08531264215707779,0.07739533483982086,0.0841081440448761,0.007917307317256927,-0.006712809205055237
test_P1,lead_MAE_wz@2.0s,44,G21,0.0824955552816391,0.07122144103050232,0.07001391053199768,0.01127411425113678,0.0012075304985046387
test_P1,lead_MAE_wz@2.0s,44,G22,0.0752122774720192,0.07909270375967026,0.07488087564706802,-0.003880426287651062,0.004211828112602234
test_P1,lead_MAE_wz@2.0s,44,G23,0.07639673352241516,0.06448492407798767,0.0819028988480568,0.01191180944442749,-0.017417974770069122
test_P1_purity08,FDE_xy_2s_m,42,G18,0.041710191873942946,0.03265039678900746,0.037008289875509796,0.009059795084935485,-0.004357893086502335
test_P1_purity08,FDE_xy_2s_m,42,G19,0.02302621397207864,0.02354577234821965,0.018334167855942725,-0.0005195583761410105,0.005211604492276926
test_P1_purity08,FDE_xy_2s_m,42,G20,0.031422256651594864,0.026266045576359635,0.02465230127611005,0.005156211075235229,0.001613744300249586
test_P1_purity08,FDE_xy_2s_m,42,G21,0.04332090779684005,0.04784323569785698,0.035849775595380155,-0.004522327901016927,0.011993460102476823
test_P1_purity08,FDE_xy_2s_m,42,G22,0.03951302259221193,0.03140239241634956,0.027840674248849163,0.008110630175862367,0.0035617181675003974
test_P1_purity08,FDE_xy_2s_m,42,G23,0.04196090382324519,0.04580103624868877,0.03666483612520021,-0.0038401324254435792,0.009136200123488557
test_P1_purity08,FDE_xy_2s_m,43,G18,0.041189857410633086,0.03182892400751992,0.037655604253664716,0.00936093340311317,-0.0058266802461448
test_P1_purity08,FDE_xy_2s_m,43,G19,0.02347020980219203,0.024685187992539076,0.02152933949343929,-0.0012149781903470457,0.003155848499099785
test_P1_purity08,FDE_xy_2s_m,43,G20,0.025324315014399974,0.024778613688453688,0.01975150881487256,0.0005457013259462865,0.0050271048735811286
test_P1_purity08,FDE_xy_2s_m,43,G21,0.038136101931392476,0.041560121769584256,0.03716852567003501,-0.0034240198381917802,0.004391596099549248
test_P1_purity08,FDE_xy_2s_m,43,G22,0.03599287271729929,0.02841347126802686,0.030033484375456804,0.007579401449272431,-0.0016200131074299434
test_P1_purity08,FDE_xy_2s_m,43,G23,0.04117436500182142,0.04350715427644712,0.038041093643910895,-0.002332789274625699,0.0054660606325362265
test_P1_purity08,FDE_xy_2s_m,44,G18,0.037245234295856695,0.04152482904959932,0.034473428458559635,-0.0042795947537426215,0.007051400591039682
test_P1_purity08,FDE_xy_2s_m,44,G19,0.030827721812254148,0.023280527713913368,0.024853941119757653,0.00754719409834078,-0.0015734134058442845
test_P1_purity08,FDE_xy_2s_m,44,G20,0.028088205658138125,0.019307988545032632,0.025485016993018743,0.008780217113105494,-0.006177028447986111
test_P1_purity08,FDE_xy_2s_m,44,G21,0.041343766957965294,0.03394273902963599,0.041629373803710026,0.007401027928329307,-0.007686634774074039
test_P1_purity08,FDE_xy_2s_m,44,G22,0.03613828530496592,0.042878652546788576,0.029514508528843686,-0.006740367241822656,0.01336414401794489
test_P1_purity08,FDE_xy_2s_m,44,G23,0.03148510964018188,0.03782749265872702,0.03452421940989567,-0.006342383018545145,0.0033032732488313538
test_P1_purity08,ADE_xy_2s_m,42,G18,0.02710015747536638,0.020374832171312238,0.022646384751109888,0.006725325304054144,-0.0022715525797976505
test_P1_purity08,ADE_xy_2s_m,42,G19,0.018239158628670947,0.01949502717982169,0.017285106765998877,-0.0012558685511507434,0.0022099204138228135
test_P1_purity08,ADE_xy_2s_m,42,G20,0.023921796557516986,0.0173645906051674,0.01872848241546831,0.006557205952349585,-0.0013638918103009087
test_P1_purity08,ADE_xy_2s_m,42,G21,0.029986593587466037,0.031088749032882442,0.02649605293526647,-0.0011021554454164056,0.004592696097615971
test_P1_purity08,ADE_xy_2s_m,42,G22,0.029072192206950936,0.02512783891057856,0.0217507962953926,0.003944353296372376,0.0033770426151859614
test_P1_purity08,ADE_xy_2s_m,42,G23,0.03379339428549949,0.029735306299035355,0.026830340905238784,0.0040580879864641345,0.0029049653937965707
test_P1_purity08,ADE_xy_2s_m,43,G18,0.028532743474362687,0.02259545547898605,0.024119446452864648,0.005937287995376638,-0.0015239909738785987
test_P1_purity08,ADE_xy_2s_m,43,G19,0.017188280393925854,0.016721912909798492,0.01946932287307692,0.000466367484127362,-0.0027474099632784285
test_P1_purity08,ADE_xy_2s_m,43,G20,0.020723823947288552,0.020631962784754605,0.016174809483078065,9.186116253394674e-05,0.00445715330167654
test_P1_purity08,ADE_xy_2s_m,43,G21,0.026143257372955867,0.025618179954530754,0.02872708513919218,0.0005250774184251128,-0.003108905184661427
test_P1_purity08,ADE_xy_2s_m,43,G22,0.029014315297969856,0.0238694893045608,0.025170559885466653,0.005144825993409055,-0.0013010705809058526
test_P1_purity08,ADE_xy_2s_m,43,G23,0.032713223086956025,0.03119294034284628,0.029553481577588397,0.0015202827441097438,0.0016394587652578847
test_P1_purity08,ADE_xy_2s_m,44,G18,0.024988331570004713,0.024157129442658697,0.020881251706435417,0.0008312021273460153,0.00327587773622328
test_P1_purity08,ADE_xy_2s_m,44,G19,0.023662225809533755,0.01893481165625851,0.01894473121351891,0.004727414153275246,-9.919557260401612e-06
test_P1_purity08,ADE_xy_2s_m,44,G20,0.020173327880623766,0.013303268340250455,0.018580031448039446,0.006870059540373312,-0.0052767631077889916
test_P1_purity08,ADE_xy_2s_m,44,G21,0.02822144799870797,0.02426431628884172,0.029651859370753358,0.003957131709866252,-0.005387543081911639
test_P1_purity08,ADE_xy_2s_m,44,G22,0.028813200067347933,0.029163089848911045,0.02309448626252118,-0.0003498897815631119,0.006068603586389866
test_P1_purity08,ADE_xy_2s_m,44,G23,0.024883060847296613,0.024316494138423923,0.027119166087089936,0.0005665667088726907,-0.0028026719486660134
test_P1_purity08,net_yaw_err_rad,42,G18,0.0669388100601888,0.03480390591054553,0.04885784926894606,0.03213490414964327,-0.01405394335840053
test_P1_purity08,net_yaw_err_rad,42,G19,0.04068225284572691,0.03174552468893429,0.032338934257582184,0.008936728156792619,-0.0005934095686478957
test_P1_purity08,net_yaw_err_rad,42,G20,0.02702707496272134,0.038314716203049534,0.029453827596236288,-0.011287641240328196,0.008860888606813246
test_P1_purity08,net_yaw_err_rad,42,G21,0.033370118568806596,0.03814537404105067,0.03177559076963613,-0.004775255472244076,0.0063697832714145405
test_P1_purity08,net_yaw_err_rad,42,G22,0.05694772063525585,0.050205689331478176,0.045660516800553275,0.006742031303777672,0.004545172530924901
test_P1_purity08,net_yaw_err_rad,42,G23,0.028757586897838684,0.040014511317990366,0.02456873886625371,-0.011256924420151682,0.015445772451736655
test_P1_purity08,net_yaw_err_rad,43,G18,0.06601501125260256,0.03576255587298268,0.044218000111868605,0.03025245537961988,-0.008455444238885924
test_P1_purity08,net_yaw_err_rad,43,G19,0.040195955226885245,0.026410191824349265,0.0334517573826902,0.01378576340253598,-0.007041565558340932
test_P1_purity08,net_yaw_err_rad,43,G20,0.03575876177222069,0.0365634872356341,0.025977235545204685,-0.000804725463413411,0.010586251690429416
test_P1_purity08,net_yaw_err_rad,43,G21,0.03452628107394654,0.031222567815954488,0.032022047467762604,0.0033037132579920546,-0.0007994796518081167
test_P1_purity08,net_yaw_err_rad,43,G22,0.054871670894926616,0.049621994122513925,0.04891937113079899,0.005249676772412691,0.0007026229917149324
test_P1_purity08,net_yaw_err_rad,43,G23,0.028740516850597315,0.025531565536290317,0.02522440089766557,0.0032089513143069986,0.0003071646386247455
test_P1_purity08,net_yaw_err_rad,44,G18,0.060991337333689444,0.03800786470916743,0.05119183402409059,0.022983472624522015,-0.01318396931492316
test_P1_purity08,net_yaw_err_rad,44,G19,0.044235919369384646,0.029907678929919797,0.03476002085621336,0.014328240439464849,-0.004852341926293562
test_P1_purity08,net_yaw_err_rad,44,G20,0.03118615100781123,0.03369256727663534,0.03107194801781415,-0.0025064162688241097,0.002620619258821188
test_P1_purity08,net_yaw_err_rad,44,G21,0.03974237329384778,0.03741683105909033,0.029576863462959107,0.0023255422347574495,0.00783996759613122
test_P1_purity08,net_yaw_err_rad,44,G22,0.05684585841706369,0.05191571872801711,0.0459713739114429,0.004930139689046577,0.005944344816574208
test_P1_purity08,net_yaw_err_rad,44,G23,0.03306641646694126,0.03186336296909888,0.02380374846481053,0.001203053497842381,0.008059614504288347
test_P1_purity08,lead_MAE_vx@2.0s,42,G18,0.029176821932196617,0.0251107569783926,0.026194721460342407,0.004066064953804016,-0.0010839644819498062
test_P1_purity08,lead_MAE_vx@2.0s,42,G19,0.011280338279902935,0.0229166392236948,0.012183885090053082,-0.011636300943791866,0.01073275413364172
test_P1_purity08,lead_MAE_vx@2.0s,42,G20,0.016912732273340225,0.0319918654859066,0.02128111757338047,-0.015079133212566376,0.01071074791252613
test_P1_purity08,lead_MAE_vx@2.0s,42,G21,0.023874962702393532,0.025092648342251778,0.025351783260703087,-0.0012176856398582458,-0.0002591349184513092
test_P1_purity08,lead_MAE_vx@2.0s,42,G22,0.03830347955226898,0.03244200721383095,0.03258565068244934,0.005861472338438034,-0.00014364346861839294
test_P1_purity08,lead_MAE_vx@2.0s,42,G23,0.017724309116601944,0.019719284027814865,0.01695013977587223,-0.001994974911212921,0.0027691442519426346
test_P1_purity08,lead_MAE_vx@2.0s,43,G18,0.028746455907821655,0.041677623987197876,0.028068507090210915,-0.01293116807937622,0.013609116896986961
test_P1_purity08,lead_MAE_vx@2.0s,43,G19,0.02245750091969967,0.01896580308675766,0.011463107541203499,0.003491697832942009,0.007502695545554161
test_P1_purity08,lead_MAE_vx@2.0s,43,G20,0.021441878750920296,0.008086678571999073,0.012092419900000095,0.013355200178921223,-0.004005741328001022
test_P1_purity08,lead_MAE_vx@2.0s,43,G21,0.01878860406577587,0.03334662690758705,0.02934153936803341,-0.01455802284181118,0.004005087539553642
test_P1_purity08,lead_MAE_vx@2.0s,43,G22,0.032515477389097214,0.03868978098034859,0.037534650415182114,-0.006174303591251373,0.0011551305651664734
test_P1_purity08,lead_MAE_vx@2.0s,43,G23,0.009482366964221,0.027293600142002106,0.020331714302301407,-0.017811233177781105,0.006961885839700699
test_P1_purity08,lead_MAE_vx@2.0s,44,G18,0.0280331801623106,0.03972901031374931,0.028986550867557526,-0.011695830151438713,0.010742459446191788
test_P1_purity08,lead_MAE_vx@2.0s,44,G19,0.01204817183315754,0.014446001499891281,0.00945376418530941,-0.0023978296667337418,0.004992237314581871
test_P1_purity08,lead_MAE_vx@2.0s,44,G20,0.02109271101653576,0.009793601930141449,0.019442671909928322,0.01129910908639431,-0.009649069979786873
test_P1_purity08,lead_MAE_vx@2.0s,44,G21,0.022499164566397667,0.027597203850746155,0.03205295279622078,-0.005098039284348488,-0.004455748945474625
test_P1_purity08,lead_MAE_vx@2.0s,44,G22,0.034423667937517166,0.03224519267678261,0.03705191612243652,0.002178475260734558,-0.004806723445653915
test_P1_purity08,lead_MAE_vx@2.0s,44,G23,0.01419711671769619,0.024546952918171883,0.02097587287425995,-0.010349836200475693,0.003571080043911934
test_P1_purity08,lead_MAE_vy@2.0s,42,G18,0.01802149973809719,0.02306976169347763,0.026465946808457375,-0.00504826195538044,-0.003396185114979744
test_P1_purity08,lead_MAE_vy@2.0s,42,G19,0.02271619811654091,0.028442129492759705,0.030661262571811676,-0.005725931376218796,-0.0022191330790519714
test_P1_purity08,lead_MAE_vy@2.0s,42,G20,0.01922069676220417,0.009966746903955936,0.013784123584628105,0.009253949858248234,-0.0038173766806721687
test_P1_purity08,lead_MAE_vy@2.0s,42,G21,0.01364630926400423,0.019578605890274048,0.016660558059811592,-0.005932296626269817,0.0029180478304624557
test_P1_purity08,lead_MAE_vy@2.0s,42,G22,0.03018762916326523,0.024034008383750916,0.022429844364523888,0.006153620779514313,0.001604164019227028
test_P1_purity08,lead_MAE_vy@2.0s,42,G23,0.016949590295553207,0.0330774299800396,0.02810966596007347,-0.01612783968448639,0.0049677640199661255
test_P1_purity08,lead_MAE_vy@2.0s,43,G18,0.013394617475569248,0.020666219294071198,0.016145622357726097,-0.007271601818501949,0.0045205969363451
test_P1_purity08,lead_MAE_vy@2.0s,43,G19,0.02556004747748375,0.02976100519299507,0.028231868520379066,-0.004200957715511322,0.001529136672616005
test_P1_purity08,lead_MAE_vy@2.0s,43,G20,0.021147476509213448,0.012695602141320705,0.01461381558328867,0.008451874367892742,-0.0019182134419679642
test_P1_purity08,lead_MAE_vy@2.0s,43,G21,0.015561968088150024,0.01929052360355854,0.01763034425675869,-0.003728555515408516,0.0016601793467998505
test_P1_purity08,lead_MAE_vy@2.0s,43,G22,0.03483613207936287,0.024676159024238586,0.029637612402439117,0.010159973055124283,-0.004961453378200531
test_P1_purity08,lead_MAE_vy@2.0s,43,G23,0.01967448741197586,0.031662870198488235,0.03296923264861107,-0.011988382786512375,-0.0013063624501228333
test_P1_purity08,lead_MAE_vy@2.0s,44,G18,0.02075117640197277,0.02416057325899601,0.020626941695809364,-0.003409396857023239,0.0035336315631866455
test_P1_purity08,lead_MAE_vy@2.0s,44,G19,0.02239951305091381,0.03248583525419235,0.02192874811589718,-0.010086322203278542,0.010557087138295174
test_P1_purity08,lead_MAE_vy@2.0s,44,G20,0.02724725566804409,0.015133971348404884,0.018763143569231033,0.012113284319639206,-0.003629172220826149
test_P1_purity08,lead_MAE_vy@2.0s,44,G21,0.013551582582294941,0.016626989468932152,0.020641403272747993,-0.003075406886637211,-0.004014413803815842
test_P1_purity08,lead_MAE_vy@2.0s,44,G22,0.029587307944893837,0.01753576099872589,0.024979891255497932,0.012051546946167946,-0.007444130256772041
test_P1_purity08,lead_MAE_vy@2.0s,44,G23,0.015291248448193073,0.03506109118461609,0.014735609292984009,-0.01976984366774559,0.02032548189163208
test_P1_purity08,lead_MAE_wz@2.0s,42,G18,0.04196999967098236,0.051953136920928955,0.04323717951774597,-0.009983137249946594,0.008715957403182983
test_P1_purity08,lead_MAE_wz@2.0s,42,G19,0.061920493841171265,0.0671222060918808,0.0615287683904171,-0.005201712250709534,0.005593437701463699
test_P1_purity08,lead_MAE_wz@2.0s,42,G20,0.06219445541501045,0.0490935742855072,0.05842791870236397,0.01310088112950325,-0.009334344416856766
test_P1_purity08,lead_MAE_wz@2.0s,42,G21,0.021527746692299843,0.023213118314743042,0.01992972008883953,-0.0016853716224431992,0.003283398225903511
test_P1_purity08,lead_MAE_wz@2.0s,42,G22,0.040762871503829956,0.03899557515978813,0.03952872008085251,0.0017672963440418243,-0.0005331449210643768
test_P1_purity08,lead_MAE_wz@2.0s,42,G23,0.040516048669815063,0.03635353967547417,0.03567325696349144,0.004162508994340897,0.000680282711982727
test_P1_purity08,lead_MAE_wz@2.0s,43,G18,0.04414805397391319,0.05823899805545807,0.03342476487159729,-0.014090944081544876,0.02481423318386078
test_P1_purity08,lead_MAE_wz@2.0s,43,G19,0.0640091523528099,0.07308630645275116,0.0541897714138031,-0.009077154099941254,0.01889653503894806
test_P1_purity08,lead_MAE_wz@2.0s,43,G20,0.05789727717638016,0.04746377468109131,0.056997429579496384,0.010433502495288849,-0.009533654898405075
test_P1_purity08,lead_MAE_wz@2.0s,43,G21,0.022347217425704002,0.029231538996100426,0.023727834224700928,-0.006884321570396423,0.005503704771399498
test_P1_purity08,lead_MAE_wz@2.0s,43,G22,0.03349575772881508,0.04427218437194824,0.0383218415081501,-0.010776426643133163,0.0059503428637981415
test_P1_purity08,lead_MAE_wz@2.0s,43,G23,0.042267680168151855,0.03740014508366585,0.03156116232275963,0.004867535084486008,0.0058389827609062195
test_P1_purity08,lead_MAE_wz@2.0s,44,G18,0.05024941638112068,0.057122062891721725,0.04529288411140442,-0.006872646510601044,0.011829178780317307
test_P1_purity08,lead_MAE_wz@2.0s,44,G19,0.06766928732395172,0.07200372964143753,0.06085694953799248,-0.004334442317485809,0.011146780103445053
test_P1_purity08,lead_MAE_wz@2.0s,44,G20,0.055816859006881714,0.056407634168863297,0.04929572716355324,-0.0005907751619815826,0.007111907005310059
test_P1_purity08,lead_MAE_wz@2.0s,44,G21,0.021150140091776848,0.0279930979013443,0.027740389108657837,-0.0068429578095674515,0.0002527087926864624
test_P1_purity08,lead_MAE_wz@2.0s,44,G22,0.04471910372376442,0.04357629641890526,0.04601502791047096,0.0011428073048591614,-0.0024387314915657043
test_P1_purity08,lead_MAE_wz@2.0s,44,G23,0.03940891474485397,0.027596604079008102,0.0439448356628418,0.011812310665845871,-0.016348231583833694
test_P2,FDE_xy_2s_m,42,G18,0.12157879385886229,0.1085632312873933,0.13691461105867977,0.013015562571468992,-0.028351379771286475
test_P2,FDE_xy_2s_m,42,G19,0.10424017078379479,0.10205108357408334,0.13791414255698645,0.002189087209711449,-0.03586305898290311
test_P2,FDE_xy_2s_m,42,G20,0.12969088217024605,0.11959843366716888,0.15434091557705998,0.010092448503077167,-0.0347424819098911
test_P2,FDE_xy_2s_m,42,G21,0.1206007556668381,0.10905838892879721,0.14052398837645289,0.01154236673804089,-0.03146559944765567
test_P2,FDE_xy_2s_m,42,G22,0.10700400189415424,0.09239284238390567,0.1338359551480376,0.014611159510248564,-0.041443112764131915
test_P2,FDE_xy_2s_m,42,G23,0.10556544825326639,0.10398068525607412,0.1288673719274643,0.0015847629971922628,-0.024886686671390185
test_P2,FDE_xy_2s_m,43,G18,0.11177143855822069,0.10387118083885168,0.13992654947875138,0.007900257719369017,-0.03605536863989971
test_P2,FDE_xy_2s_m,43,G19,0.10919157646133545,0.09682825474447171,0.1357047911416221,0.012363321716863745,-0.038876536397150385
test_P2,FDE_xy_2s_m,43,G20,0.12531012700508257,0.11902293663724271,0.15375255907644567,0.006287190367839854,-0.03472962243920295
test_P2,FDE_xy_2s_m,43,G21,0.12146977810528714,0.10738066215147545,0.13737227282326125,0.014089115953811696,-0.02999161067178581
test_P2,FDE_xy_2s_m,43,G22,0.11533735158625252,0.09245468218901304,0.14523329332423435,0.022882669397239486,-0.05277861113522131
test_P2,FDE_xy_2s_m,43,G23,0.1068300891622714,0.09784338987419414,0.12593624223757932,0.008986699288077257,-0.028092852363385185
test_P2,FDE_xy_2s_m,44,G18,0.11886380045766513,0.11431682042288216,0.14837569854912827,0.004546980034782974,-0.03405887812624611
test_P2,FDE_xy_2s_m,44,G19,0.11325697282817737,0.10150816879282212,0.1354692276667637,0.011748804035355248,-0.033961058873941574
test_P2,FDE_xy_2s_m,44,G20,0.13167156385594275,0.12201537802909031,0.15883295135892228,0.009656185826852445,-0.036817573329831974
test_P2,FDE_xy_2s_m,44,G21,0.12193846227264814,0.10754042613630709,0.13250528525987773,0.014398036136341053,-0.024964859123570646
test_P2,FDE_xy_2s_m,44,G22,0.1116549002676715,0.09305468759589947,0.14771860468019454,0.018600212671772032,-0.05466391708429508
test_P2,FDE_xy_2s_m,44,G23,0.10435138804791723,0.09841366682772872,0.1363549406825262,0.005937721220188513,-0.037941273854797494
test_P2,ADE_xy_2s_m,42,G18,0.07444114973003987,0.06284588147915462,0.06922822492389409,0.011595268250885249,-0.006382343444739466
test_P2,ADE_xy_2s_m,42,G19,0.07007972721248285,0.06455273050424476,0.07164986699960926,0.0055269967082380855,-0.007097136495364503
test_P2,ADE_xy_2s_m,42,G20,0.0820697600100292,0.07321973347121519,0.07307965090854074,0.008850026538814018,0.0001400825626744484
test_P2,ADE_xy_2s_m,42,G21,0.07299838551864309,0.06242770162373909,0.07133133704294775,0.010570683894903996,-0.00890363541920866
test_P2,ADE_xy_2s_m,42,G22,0.07167096544296087,0.06336933340783724,0.06652184689569536,0.00830163203512363,-0.0031525134878581246
test_P2,ADE_xy_2s_m,42,G23,0.07712211540359676,0.07006186236843148,0.07012893686011847,0.007060253035165276,-6.70744916869831e-05
test_P2,ADE_xy_2s_m,43,G18,0.0726433236426688,0.06205328931665447,0.0721109252789303,0.010590034326014332,-0.01005763596227583
test_P2,ADE_xy_2s_m,43,G19,0.07219331457751843,0.06249355349144076,0.06978326733633036,0.009699761086077667,-0.007289713844889599
test_P2,ADE_xy_2s_m,43,G20,0.07928818026984627,0.06935791235284879,0.07343178604684779,0.009930267916997484,-0.004073873693999003
test_P2,ADE_xy_2s_m,43,G21,0.07429615548650083,0.06125562819430725,0.07171184528590567,0.013040527292193578,-0.01045621709159842
test_P2,ADE_xy_2s_m,43,G22,0.07355038051986432,0.0603846865860744,0.07460885599442162,0.01316569393378992,-0.014224169408347219
test_P2,ADE_xy_2s_m,43,G23,0.07484262908260496,0.06579975657373274,0.0697383562740867,0.009042872508872216,-0.003938599700353956
test_P2,ADE_xy_2s_m,44,G18,0.07242153899289705,0.0630021717497145,0.088636050174442,0.009419367243182555,-0.025633878424727502
test_P2,ADE_xy_2s_m,44,G19,0.0737682038460986,0.06068576636780586,0.07379813343661486,0.013082437478292741,-0.013112367068809
test_P2,ADE_xy_2s_m,44,G20,0.07903518918732205,0.06754565026978325,0.0778552287424495,0.011489538917538802,-0.010309578472666253
test_P2,ADE_xy_2s_m,44,G21,0.0743354719672241,0.06310305588404701,0.07664465430421648,0.0112324160831771,-0.01354159842016947
test_P2,ADE_xy_2s_m,44,G22,0.0718985998249458,0.057703024814867075,0.07891271528643319,0.014195575010078725,-0.021209690471566116
test_P2,ADE_xy_2s_m,44,G23,0.06986520421357076,0.06268232938323066,0.07510648495685095,0.007182874830340094,-0.012424155573620282
test_P2,net_yaw_err_rad,42,G18,0.12343895019795229,0.06177854091381758,0.14842852186514696,0.06166040928413471,-0.08664998095132939
test_P2,net_yaw_err_rad,42,G19,0.10221134657930264,0.04777298766029246,0.14264462762598246,0.05443835891901018,-0.09487163996569
test_P2,net_yaw_err_rad,42,G20,0.11186061292784248,0.05717637770188352,0.16626879869270836,0.054684235225958965,-0.10909242099082483
test_P2,net_yaw_err_rad,42,G21,0.1144502636549684,0.06862891526301003,0.13009707088284805,0.045821348391958366,-0.061468155619838025
test_P2,net_yaw_err_rad,42,G22,0.10333183623322739,0.052755956351317974,0.16061870530464853,0.05057587988190942,-0.10786274895333056
test_P2,net_yaw_err_rad,42,G23,0.0853272063864602,0.05973756909305747,0.12226663775214143,0.02558963729340273,-0.06252906865908396
test_P2,net_yaw_err_rad,43,G18,0.11619913566876978,0.06462230930143657,0.1251119776493902,0.05157682636733321,-0.06048966834795362
test_P2,net_yaw_err_rad,43,G19,0.09849489873596046,0.05179230745315265,0.10902995436771729,0.04670259128280781,-0.057237646914564635
test_P2,net_yaw_err_rad,43,G20,0.11367063011562786,0.0608899983312262,0.1338050373094644,0.05278063178440166,-0.07291503897823819
test_P2,net_yaw_err_rad,43,G21,0.11408744466542783,0.06960016892359515,0.09436704368757394,0.044487275741832685,-0.02476687476397879
test_P2,net_yaw_err_rad,43,G22,0.09977439361408871,0.053916341129911255,0.13315944809408087,0.04585805248417746,-0.07924310696416961
test_P2,net_yaw_err_rad,43,G23,0.08866782624843633,0.05579469189817448,0.09795531518203562,0.03287313435026185,-0.042160623283861144
test_P2,net_yaw_err_rad,44,G18,0.11392420894683003,0.07152821968904594,0.14618293181855632,0.042395989257784095,-0.07465471212951039
test_P2,net_yaw_err_rad,44,G19,0.09233371113110816,0.07291072847498864,0.11730355390681307,0.019422982656119525,-0.044392825431824434
test_P2,net_yaw_err_rad,44,G20,0.11093171371075271,0.06719673058938093,0.14720651759235082,0.04373498312137178,-0.08000978700296989
test_P2,net_yaw_err_rad,44,G21,0.10377268835630578,0.07547329352625336,0.11008552091435478,0.02829939483005242,-0.03461222738810142
test_P2,net_yaw_err_rad,44,G22,0.09791326291622582,0.06124455431729833,0.147199964020012,0.036668708598927485,-0.08595540970271368
test_P2,net_yaw_err_rad,44,G23,0.08113879645760688,0.07183934904848381,0.10341566723299264,0.009299447409123071,-0.03157631818450883
test_P2,lead_MAE_vx@2.0s,42,G18,0.04026153311133385,0.04124312847852707,0.04830130189657211,-0.000981595367193222,-0.007058173418045044
test_P2,lead_MAE_vx@2.0s,42,G19,0.037972286343574524,0.04001311957836151,0.058543309569358826,-0.0020408332347869873,-0.018530189990997314
test_P2,lead_MAE_vx@2.0s,42,G20,0.03617687523365021,0.045184094458818436,0.061062004417181015,-0.009007219225168228,-0.01587790995836258
test_P2,lead_MAE_vx@2.0s,42,G21,0.04058156907558441,0.04824935644865036,0.06412109732627869,-0.0076677873730659485,-0.015871740877628326
test_P2,lead_MAE_vx@2.0s,42,G22,0.040394917130470276,0.045337170362472534,0.053016141057014465,-0.004942253232002258,-0.007678970694541931
test_P2,lead_MAE_vx@2.0s,42,G23,0.028676927089691162,0.044292740523815155,0.05425935238599777,-0.015615813434123993,-0.009966611862182617
test_P2,lead_MAE_vx@2.0s,43,G18,0.04281583055853844,0.041306279599666595,0.05601431429386139,0.0015095509588718414,-0.014708034694194794
test_P2,lead_MAE_vx@2.0s,43,G19,0.047006309032440186,0.04047318547964096,0.04532306641340256,0.006533123552799225,-0.004849880933761597
test_P2,lead_MAE_vx@2.0s,43,G20,0.04188702628016472,0.03413377329707146,0.05632580816745758,0.007753252983093262,-0.022192034870386124
test_P2,lead_MAE_vx@2.0s,43,G21,0.04806175455451012,0.03785861283540726,0.061989109963178635,0.01020314171910286,-0.024130497127771378
test_P2,lead_MAE_vx@2.0s,43,G22,0.04550200700759888,0.04134812206029892,0.05609442666172981,0.004153884947299957,-0.014746304601430893
test_P2,lead_MAE_vx@2.0s,43,G23,0.03440806269645691,0.03959047049283981,0.05696231871843338,-0.005182407796382904,-0.017371848225593567
test_P2,lead_MAE_vx@2.0s,44,G18,0.04159269854426384,0.04137978330254555,0.05024493485689163,0.00021291524171829224,-0.008865151554346085
test_P2,lead_MAE_vx@2.0s,44,G19,0.041447848081588745,0.04207657277584076,0.05804184451699257,-0.0006287246942520142,-0.01596527174115181
test_P2,lead_MAE_vx@2.0s,44,G20,0.03890223801136017,0.036153946071863174,0.06316342204809189,0.002748291939496994,-0.027009475976228714
test_P2,lead_MAE_vx@2.0s,44,G21,0.04671597480773926,0.04496191069483757,0.07249049097299576,0.0017540641129016876,-0.027528580278158188
test_P2,lead_MAE_vx@2.0s,44,G22,0.041511170566082,0.036984898149967194,0.058626558631658554,0.004526272416114807,-0.02164166048169136
test_P2,lead_MAE_vx@2.0s,44,G23,0.030417820438742638,0.043464381247758865,0.06144348904490471,-0.013046560809016228,-0.017979107797145844
test_P2,lead_MAE_vy@2.0s,42,G18,0.0808672085404396,0.0790036991238594,0.07776209712028503,0.0018635094165802002,0.0012416020035743713
test_P2,lead_MAE_vy@2.0s,42,G19,0.06931838393211365,0.061483774334192276,0.07708984613418579,0.007834609597921371,-0.015606071799993515
test_P2,lead_MAE_vy@2.0s,42,G20,0.07787491381168365,0.060823455452919006,0.06591394543647766,0.01705145835876465,-0.005090489983558655
test_P2,lead_MAE_vy@2.0s,42,G21,0.08210667222738266,0.0685734897851944,0.07734322547912598,0.013533182442188263,-0.00876973569393158
test_P2,lead_MAE_vy@2.0s,42,G22,0.09252291917800903,0.07549726963043213,0.07124368101358414,0.017025649547576904,0.004253588616847992
test_P2,lead_MAE_vy@2.0s,42,G23,0.072507843375206,0.0677846372127533,0.06616667658090591,0.004723206162452698,0.0016179606318473816
test_P2,lead_MAE_vy@2.0s,43,G18,0.08237584680318832,0.07147611677646637,0.0928453877568245,0.010899730026721954,-0.021369270980358124
test_P2,lead_MAE_vy@2.0s,43,G19,0.07583311200141907,0.06304212659597397,0.10025982558727264,0.012790985405445099,-0.037217698991298676
test_P2,lead_MAE_vy@2.0s,43,G20,0.07647265493869781,0.06375270336866379,0.07462535798549652,0.012719951570034027,-0.010872654616832733
test_P2,lead_MAE_vy@2.0s,43,G21,0.08391651511192322,0.06943811476230621,0.09347888827323914,0.014478400349617004,-0.024040773510932922
test_P2,lead_MAE_vy@2.0s,43,G22,0.09646883606910706,0.07162371277809143,0.0898754894733429,0.024845123291015625,-0.018251776695251465
test_P2,lead_MAE_vy@2.0s,43,G23,0.07491784542798996,0.06326282769441605,0.073020800948143,0.011655017733573914,-0.00975797325372696
test_P2,lead_MAE_vy@2.0s,44,G18,0.07772210985422134,0.07053646445274353,0.09024697542190552,0.007185645401477814,-0.019710510969161987
test_P2,lead_MAE_vy@2.0s,44,G19,0.07233431190252304,0.05530668795108795,0.09278622269630432,0.01702762395143509,-0.03747953474521637
test_P2,lead_MAE_vy@2.0s,44,G20,0.07271291315555573,0.06145220249891281,0.07915934920310974,0.011260710656642914,-0.01770714670419693
test_P2,lead_MAE_vy@2.0s,44,G21,0.07484143227338791,0.06916417181491852,0.08756591379642487,0.005677260458469391,-0.018401741981506348
test_P2,lead_MAE_vy@2.0s,44,G22,0.08161459863185883,0.0684288889169693,0.08572045713663101,0.013185709714889526,-0.017291568219661713
test_P2,lead_MAE_vy@2.0s,44,G23,0.07074679434299469,0.06112230569124222,0.0716744139790535,0.009624488651752472,-0.01055210828781128
test_P2,lead_MAE_wz@2.0s,42,G18,0.12244512140750885,0.08041351288557053,0.10513231158256531,0.042031608521938324,-0.02471879869699478
test_P2,lead_MAE_wz@2.0s,42,G19,0.11839261651039124,0.07050386816263199,0.1017972081899643,0.04788874834775925,-0.031293340027332306
test_P2,lead_MAE_wz@2.0s,42,G20,0.11252514272928238,0.08694539964199066,0.1449226588010788,0.025579743087291718,-0.057977259159088135
test_P2,lead_MAE_wz@2.0s,42,G21,0.11701449751853943,0.08504262566566467,0.09882134199142456,0.031971871852874756,-0.013778716325759888
test_P2,lead_MAE_wz@2.0s,42,G22,0.11127613484859467,0.07905931025743484,0.12342044711112976,0.03221682459115982,-0.044361136853694916
test_P2,lead_MAE_wz@2.0s,42,G23,0.09700807929039001,0.07287979125976562,0.12604038417339325,0.02412828803062439,-0.053160592913627625
test_P2,lead_MAE_wz@2.0s,43,G18,0.1194286048412323,0.07932554930448532,0.11265163868665695,0.04010305553674698,-0.03332608938217163
test_P2,lead_MAE_wz@2.0s,43,G19,0.11760003119707108,0.07435715198516846,0.08435288071632385,0.04324287921190262,-0.009995728731155396
test_P2,lead_MAE_wz@2.0s,43,G20,0.10499859601259232,0.0916948989033699,0.12638351321220398,0.013303697109222412,-0.034688614308834076
test_P2,lead_MAE_wz@2.0s,43,G21,0.11378335952758789,0.09068914502859116,0.09347778558731079,0.023094214498996735,-0.002788640558719635
test_P2,lead_MAE_wz@2.0s,43,G22,0.10939120501279831,0.076413594186306,0.11385803669691086,0.03297761082649231,-0.03744444251060486
test_P2,lead_MAE_wz@2.0s,43,G23,0.10024560242891312,0.07890942692756653,0.11988679319620132,0.021336175501346588,-0.040977366268634796
test_P2,lead_MAE_wz@2.0s,44,G18,0.12158458679914474,0.09041743725538254,0.11004967242479324,0.031167149543762207,-0.019632235169410706
test_P2,lead_MAE_wz@2.0s,44,G19,0.1182810366153717,0.07384925335645676,0.1088273823261261,0.04443178325891495,-0.03497812896966934
test_P2,lead_MAE_wz@2.0s,44,G20,0.11517168581485748,0.09868703782558441,0.14158469438552856,0.01648464798927307,-0.04289765655994415
test_P2,lead_MAE_wz@2.0s,44,G21,0.11108211427927017,0.09409070760011673,0.10148455202579498,0.016991406679153442,-0.007393844425678253
test_P2,lead_MAE_wz@2.0s,44,G22,0.10856468230485916,0.08474335074424744,0.14143912494182587,0.023821331560611725,-0.05669577419757843
test_P2,lead_MAE_wz@2.0s,44,G23,0.09955951571464539,0.08761671930551529,0.11459912359714508,0.011942796409130096,-0.02698240429162979
