split,variant,n_windows,lead_MAE_vx@0.25s,lead_MAE_vx@0.5s,lead_MAE_vx@1.0s,lead_MAE_vx@2.0s,lead_MAE_vy@0.25s,lead_MAE_vy@0.5s,lead_MAE_vy@1.0s,lead_MAE_vy@2.0s,lead_MAE_wz@0.25s,lead_MAE_wz@0.5s,lead_MAE_wz@1.0s,lead_MAE_wz@2.0s,FDE_xy_2s_m,ADE_xy_2s_m,net_yaw_err_rad,FDE_xy_2s_m_ORACLE_YAW_DIAGNOSTIC,MAE_all_mixed
val,D_R0_s42,1296,0.07791128009557724,0.05052800104022026,0.06372488290071487,0.05292612314224243,0.08083893358707428,0.05872354283928871,0.06789536774158478,0.051364798098802567,0.10639685392379761,0.08639615774154663,0.11151620745658875,0.09780233353376389,0.1092172418447247,0.06306853654509097,0.11349927659948762,0.08871171623468399,0.07640437036752701
val,D_R0_s43,1296,0.07581542432308197,0.054033372551202774,0.0640656054019928,0.055599428713321686,0.07885394990444183,0.05672699585556984,0.06788618117570877,0.05774413049221039,0.1117180734872818,0.08628655225038528,0.11543131619691849,0.10028287023305893,0.10812358320013624,0.06338382397770792,0.11563968577407235,0.08808664977550507,0.07693378627300262
val,D_R0_s44,1296,0.07412540167570114,0.05076117068529129,0.06268544495105743,0.05418248847126961,0.07682793587446213,0.05917397141456604,0.0684279203414917,0.05279255658388138,0.1019911915063858,0.08472177386283875,0.11121052503585815,0.09377089887857437,0.10587986592925491,0.0617696380452768,0.10929522342840292,0.08756312727928162,0.07533106207847595
val,D_R0_seedmean,1296,0.07326112687587738,0.049667589366436005,0.06127357482910156,0.0526302345097065,0.07590681314468384,0.05675400793552399,0.06658231467008591,0.051736727356910706,0.10452140122652054,0.08428966253995895,0.11166714131832123,0.09639819711446762,0.10564267615865676,0.06061568631654122,0.11213453513352623,0.08582940697669983,0.0738544687628746
val,D_R1_s42,1296,0.057905491441488266,0.04907580092549324,0.05686872825026512,0.053988225758075714,0.07499507814645767,0.059560421854257584,0.05731244757771492,0.047910187393426895,0.09719335287809372,0.07503523677587509,0.10179931670427322,0.08054818958044052,0.09437797550947961,0.053589328320663876,0.07952786707836008,0.08130998909473419,0.06719756871461868
val,D_R1_s43,1296,0.06344529986381531,0.05087137222290039,0.059414539486169815,0.05442356318235397,0.06899983435869217,0.05215588957071304,0.061356157064437866,0.049775466322898865,0.09172629565000534,0.07480628043413162,0.09871576726436615,0.08015378564596176,0.09360170544500346,0.05499167604720182,0.07521599196211441,0.08279585838317871,0.06842417269945145
val,D_R1_s44,1296,0.05307728424668312,0.04796602576971054,0.057127464562654495,0.04842856898903847,0.06226487085223198,0.051235079765319824,0.05847003310918808,0.049320198595523834,0.09995492547750473,0.07697658240795135,0.09783738851547241,0.08224684000015259,0.09178929404860124,0.05123855457956492,0.07533667203670665,0.08074229210615158,0.06552435457706451
val,D_R1_seedmean,1296,0.05269164964556694,0.04639159515500069,0.05411681532859802,0.047024767845869064,0.06254135817289352,0.05054808408021927,0.05671199783682823,0.04748477414250374,0.0890941470861435,0.07376572489738464,0.09665698558092117,0.07950283586978912,0.08920849897314641,0.05001118967040843,0.07438239613575888,0.07818177342414856,0.06339874118566513
val,I_R0_s42,1296,0.09163600206375122,0.07092539966106415,0.0768190398812294,0.06784891337156296,0.10856717079877853,0.06614038348197937,0.08788461983203888,0.05987429991364479,0.12842722237110138,0.09264188259840012,0.10953613370656967,0.08881112188100815,0.10497724161648521,0.06573530217320377,0.10350500258562656,0.09831482917070389,0.0869135931134224
val,I_R0_s43,1296,0.08271580934524536,0.06118561327457428,0.08734369277954102,0.06287935376167297,0.09370846301317215,0.06718285381793976,0.07915123552083969,0.06978899985551834,0.12280569970607758,0.10862085223197937,0.11215359717607498,0.10802871733903885,0.10821716686053309,0.06507422262007431,0.10554196915040545,0.09319409728050232,0.08766575902700424
val,I_R0_s44,1296,0.0862443819642067,0.05817032977938652,0.08319465816020966,0.06128451228141785,0.09848227351903915,0.0647578090429306,0.08372443169355392,0.0666101947426796,0.13349387049674988,0.09686806797981262,0.114115871489048,0.08999157696962357,0.11389994258343338,0.06743322741494034,0.11711603999848394,0.09207195788621902,0.08847961574792862
val,I_R0_seedmean,1296,0.0780830979347229,0.05532028153538704,0.07791785150766373,0.058952827006578445,0.09283840656280518,0.06118626520037651,0.07792774587869644,0.055821653455495834,0.12502917647361755,0.09423744678497314,0.10693797469139099,0.08900966495275497,0.10580406483276103,0.06353689930333925,0.10785910148624443,0.09155985713005066,0.08164812624454498
val,I_R1_s42,1296,0.06932296603918076,0.050181590020656586,0.05634591728448868,0.05281264707446098,0.0778026208281517,0.05589548125863075,0.05869266018271446,0.05354736000299454,0.1090720146894455,0.0811617374420166,0.10902169346809387,0.09514142572879791,0.09119372515640403,0.052778579004014524,0.0736802510462888,0.08446609973907471,0.07086203992366791
val,I_R1_s43,1296,0.0726916566491127,0.050598450005054474,0.06368966400623322,0.05040735751390457,0.07919739186763763,0.05979872867465019,0.05507909506559372,0.06042082607746124,0.09686066210269928,0.08090031147003174,0.10772457718849182,0.09012675285339355,0.0919919124808018,0.05397663339002334,0.07924568376024434,0.08258440345525742,0.07144806534051895
val,I_R1_s44,1296,0.07056985795497894,0.050911687314510345,0.053752217441797256,0.05083286017179489,0.07638320326805115,0.0642046257853508,0.0560295544564724,0.05777513235807419,0.10061708837747574,0.08433045446872711,0.10306769609451294,0.09162884205579758,0.08856597337208931,0.05159537621620415,0.06719099987094343,0.0812772884964943,0.06971294432878494
val,I_R1_seedmean,1296,0.06330151855945587,0.04598034918308258,0.051906801760196686,0.04720696434378624,0.07266934961080551,0.05533171445131302,0.05213393643498421,0.05296921357512474,0.09797809273004532,0.07749047875404358,0.10257259756326675,0.08892065286636353,0.0865597560114425,0.05015507733961731,0.07070533842944521,0.07955567538738251,0.06591212749481201
val,command-copy,1296,0.09366203099489212,0.058397259563207626,0.09197691828012466,0.06553006917238235,0.1113169863820076,0.06746143847703934,0.09722870588302612,0.06643964350223541,0.09665381163358688,0.07010472565889359,0.08902621269226074,0.07361427694559097,0.15569125886673696,0.10296782765940742,0.06734482482107017,0.1519576907157898,0.09278392046689987
val,persistence,1296,0.23132389783859253,0.23551107943058014,0.22087733447551727,0.20329734683036804,0.2699103057384491,0.2730134129524231,0.2678717076778412,0.25284886360168457,0.26680874824523926,0.2572888135910034,0.26262572407722473,0.24316471815109253,0.5938254985565059,0.33944946272066856,0.4125168173236053,0.5938255190849304,0.24536330997943878
val,ridge_R0,1296,0.06923099779552278,0.051373912790693005,0.05795875115609093,0.05082393445599697,0.07160966092868719,0.05867973226098435,0.0626858310975712,0.05213971176837421,0.0972262272733348,0.09028404084212754,0.11491738177276886,0.09868375172796189,0.11578876037178011,0.06946241901958888,0.11826717756602512,0.0965901900225908,0.07467750093287166
val,ridge_R1,1296,0.06283389901761932,0.04805310990277028,0.05676727093475597,0.049425816626220614,0.07044771372086502,0.05734187299045958,0.06002521782060247,0.05285879923428105,0.08702928994026161,0.0772806438090435,0.0989105160870516,0.08249861405086965,0.10361059169421111,0.06491380079011108,0.08128833376820767,0.09414835183967436,0.06853702196387808
test_all,D_R0_s42,1296,0.0834847241640091,0.0486653596162796,0.0495903454720974,0.042508579790592194,0.08753378689289093,0.0661323070526123,0.07392510026693344,0.058918729424476624,0.11902043968439102,0.09592322260141373,0.10442999750375748,0.09763635694980621,0.09932024880144807,0.06283602020046296,0.09683111209707447,0.09212052077054977,0.07834085822105408
test_all,D_R0_s43,1296,0.08737801760435104,0.05038534477353096,0.050121888518333435,0.04427003860473633,0.0871846079826355,0.06241034343838692,0.07239654660224915,0.06123793497681618,0.12286737561225891,0.09559809416532516,0.10836657881736755,0.0979376807808876,0.0981932430106086,0.062486919945325424,0.0979920677053508,0.08986479789018631,0.07827049493789673
test_all,D_R0_s44,1296,0.07515575736761093,0.05092911794781685,0.049824271351099014,0.04383964464068413,0.08495178818702698,0.06090821698307991,0.07415027171373367,0.05829548463225365,0.11407160758972168,0.0962720587849617,0.10772007703781128,0.09829451888799667,0.09827244901257665,0.06179246239273852,0.09508917216244128,0.0903439074754715,0.07698708027601242
test_all,D_R0_seedmean,1296,0.07937559485435486,0.048463206738233566,0.04755721986293793,0.04213863983750343,0.08269160240888596,0.06165686994791031,0.07169516384601593,0.05751669779419899,0.11669620126485825,0.0942203626036644,0.10570834577083588,0.09704610705375671,0.09616335891499452,0.0601155811602887,0.09604098736955265,0.08863010257482529,0.07542023062705994
test_all,D_R1_s42,1296,0.06693163514137268,0.04731292277574539,0.0515216663479805,0.04610192030668259,0.07813707739114761,0.0628914162516594,0.06256595999002457,0.05330421403050423,0.11265481263399124,0.08614712208509445,0.09709955006837845,0.07779071480035782,0.08992581067708823,0.05495285681291121,0.0679239444767027,0.08498891443014145,0.06903785467147827
test_all,D_R1_s43,1296,0.07017496228218079,0.04742339998483658,0.04953828454017639,0.043300069868564606,0.07304918766021729,0.05620093271136284,0.06568944454193115,0.053960707038640976,0.11252783238887787,0.08755291998386383,0.09452227503061295,0.08021332323551178,0.08900035274953019,0.054491044550784205,0.07013955229137571,0.08411797136068344,0.06952625513076782
test_all,D_R1_s44,1296,0.0626775473356247,0.04438760504126549,0.05134734511375427,0.041293252259492874,0.06793011724948883,0.05326990410685539,0.06321345269680023,0.05177103355526924,0.10728077590465546,0.0903383418917656,0.0948658138513565,0.08281783759593964,0.08919118131910621,0.05255458908535988,0.07300783476170059,0.08068942278623581,0.06703615188598633
test_all,D_R1_seedmean,1296,0.06276065856218338,0.04352431371808052,0.04716750606894493,0.038658205419778824,0.06772823631763458,0.05340854451060295,0.06107933074235916,0.05111239105463028,0.10519088059663773,0.08591341972351074,0.09247944504022598,0.07874403893947601,0.08512814313091542,0.05088807604339856,0.06758148992408927,0.08001890033483505,0.06492543965578079
test_all,I_R0_s42,1296,0.11193873733282089,0.06527382880449295,0.06303335726261139,0.04824313148856163,0.10289712250232697,0.06903088092803955,0.08233452588319778,0.06391888111829758,0.13075898587703705,0.11334521323442459,0.1171574518084526,0.09159389138221741,0.10316819360110885,0.06639501828670907,0.09958389382529796,0.09580396860837936,0.09082432091236115
test_all,I_R0_s43,1296,0.09814838320016861,0.05860389769077301,0.07036473602056503,0.057528913021087646,0.10380083322525024,0.07251337170600891,0.0849461704492569,0.07268927246332169,0.136710986495018,0.11512862145900726,0.12243814766407013,0.10273701697587967,0.11504709227659925,0.07058176835675807,0.10949590865383942,0.10161454975605011,0.09281767159700394
test_all,I_R0_s44,1296,0.09513193368911743,0.05991782248020172,0.06611555814743042,0.05789751559495926,0.1005091518163681,0.0815063938498497,0.08656291663646698,0.07112185657024384,0.13351121544837952,0.11096038669347763,0.11997468769550323,0.09792722016572952,0.11274872275428029,0.06988686433686668,0.10784436810664014,0.10097166895866394,0.09280355274677277
test_all,I_R0_seedmean,1296,0.09528455883264542,0.05582127720117569,0.05920802801847458,0.04661228507757187,0.0961122214794159,0.0671592652797699,0.07900730520486832,0.06285957992076874,0.13032589852809906,0.10688051581382751,0.11542125046253204,0.09319138526916504,0.1073525146348431,0.06650399845821096,0.10475447577407328,0.09629860520362854,0.08601821959018707
test_all,I_R1_s42,1296,0.07147174328565598,0.053236253559589386,0.06180529668927193,0.048841897398233414,0.08625735342502594,0.058820225298404694,0.06007811427116394,0.05600623041391373,0.1210407242178917,0.09827211499214172,0.1102633997797966,0.09124448150396347,0.09687526138496368,0.05492918853077906,0.09211988524881093,0.08170917630195618,0.07543592154979706
test_all,I_R1_s43,1296,0.07804916799068451,0.053219735622406006,0.05841216444969177,0.04698655754327774,0.08697627484798431,0.060485370457172394,0.06000880151987076,0.062017735093832016,0.11694034188985825,0.09759567677974701,0.10766135156154633,0.08981597423553467,0.09956548820440182,0.05634705189384099,0.09061646823776733,0.0820312350988388,0.07569094002246857
test_all,I_R1_s44,1296,0.07885833829641342,0.05957804247736931,0.052885089069604874,0.050627127289772034,0.08117230981588364,0.058375511318445206,0.06075478717684746,0.06183034926652908,0.12430174648761749,0.09502311050891876,0.11046306043863297,0.09454642236232758,0.09985488481659865,0.05766237665904317,0.091239417508858,0.08473996818065643,0.07624495029449463
test_all,I_R1_seedmean,1296,0.07022149115800858,0.050527289509773254,0.05107933282852173,0.04347363859415054,0.07880106568336487,0.054391518235206604,0.05434468388557434,0.05428462475538254,0.11619807779788971,0.09235447645187378,0.10522755235433578,0.08786193281412125,0.09374587498439076,0.052765504883804173,0.08869353008563609,0.0775640606880188,0.07026605308055878
test_all,command-copy,1296,0.09086693823337555,0.050532057881355286,0.061253201216459274,0.04562988877296448,0.11269788444042206,0.06934356689453125,0.10687552392482758,0.06772508472204208,0.11227705329656601,0.08368368446826935,0.09068871289491653,0.07309877127408981,0.149011976123952,0.10494195885198356,0.07687840623327945,0.14932747185230255,0.094241663813591
test_all,persistence,1296,0.26738038659095764,0.26883184909820557,0.27292895317077637,0.25332513451576233,0.2577663064002991,0.27160516381263733,0.264877587556839,0.2488090842962265,0.2969428300857544,0.28669866919517517,0.2687583863735199,0.2626275420188904,0.6767440800997043,0.3737986814097555,0.3483756396136796,0.6767440438270569,0.2646346390247345
test_all,ridge_R0,1296,0.07469812508079425,0.052967933914886425,0.04946868174262291,0.04199186352709705,0.07658134428682123,0.06325650152606288,0.07171636568184585,0.05711699483982592,0.10107973571997443,0.09810080455605998,0.10938858313621878,0.09580763023556715,0.10937948817768098,0.07103216833301824,0.10459806960644648,0.09978823690302518,0.0758678795673972
test_all,ridge_R1,1296,0.07032116861782807,0.05027161753262197,0.05070473391022099,0.04126084056777439,0.07545797221590661,0.06131956348720634,0.06944092908469386,0.056526775135436906,0.09456461961279415,0.08577553816049856,0.09298046063891408,0.07884520549230155,0.10398411000315223,0.06943372975423641,0.07422738213335116,0.0992250105116533,0.07012137945421991
test_P0,D_R0_s42,432,0.06509250402450562,0.04126160964369774,0.04867987334728241,0.041111722588539124,0.06525173783302307,0.05149262025952339,0.0714975968003273,0.043579503893852234,0.09902521222829819,0.0898662880063057,0.1001124382019043,0.09081152826547623,0.08997959439396466,0.055737636001720686,0.09430296963049575,0.07894907146692276,0.07071740925312042
test_P0,D_R0_s43,432,0.062108851969242096,0.04463699087500572,0.04891539365053177,0.042382653802633286,0.06601857393980026,0.04960327595472336,0.06996893882751465,0.04640346020460129,0.09916424006223679,0.08956169337034225,0.10848645865917206,0.09242469072341919,0.08706176316929556,0.05427235022892322,0.09582363923149627,0.07589255273342133,0.07071984559297562
test_P0,D_R0_s44,432,0.058832764625549316,0.04367736354470253,0.048571307212114334,0.04285097122192383,0.06800675392150879,0.048411279916763306,0.06915661692619324,0.04443852975964546,0.10117246210575104,0.0891871377825737,0.10666747391223907,0.09413420408964157,0.08792422267208945,0.054497972885949125,0.09563506189531974,0.0766022801399231,0.07022106647491455
test_P0,D_R0_seedmean,432,0.05920427292585373,0.041543666273355484,0.046880993992090225,0.04092972353100777,0.06339165568351746,0.04848987236618996,0.068897545337677,0.04306190833449364,0.09804848581552505,0.08813244849443436,0.1042250320315361,0.09175380319356918,0.0864063626943078,0.052812759282730944,0.09483396931929952,0.07521065324544907,0.06841117143630981
test_P0,D_R1_s42,432,0.050508785992860794,0.0407976470887661,0.04643726348876953,0.0443478599190712,0.06402190774679184,0.05093913525342941,0.057322993874549866,0.041811782866716385,0.10198668390512466,0.08276702463626862,0.09694524854421616,0.08113321661949158,0.0789149719575519,0.0472451215554275,0.06948336064494688,0.07196661084890366,0.06290281563997269
test_P0,D_R1_s43,432,0.0522271953523159,0.040035098791122437,0.04577942565083504,0.040193215012550354,0.0595460906624794,0.04707403481006622,0.0634966790676117,0.04371432960033417,0.09884676337242126,0.0823640450835228,0.09767786413431168,0.08201250433921814,0.08029284453235024,0.048136309379220664,0.07107208547891812,0.07412635535001755,0.06404474377632141
test_P0,D_R1_s44,432,0.04812495782971382,0.03938868269324303,0.04690461605787277,0.03650682047009468,0.05802413448691368,0.04510430991649628,0.058517251163721085,0.041690438985824585,0.09987635165452957,0.08799093216657639,0.09644608944654465,0.08158458024263382,0.07720117995798823,0.04559261980912198,0.07058281173604114,0.06872022897005081,0.061279673129320145
test_P0,D_R1_seedmean,432,0.04637383669614792,0.03744887560606003,0.04221634566783905,0.0350445918738842,0.05490615591406822,0.043481264263391495,0.0574030801653862,0.040863484144210815,0.09515286237001419,0.0827980488538742,0.09489460289478302,0.08047579228878021,0.07532670265359102,0.04412796139609397,0.06830211693864581,0.06833749264478683,0.05934464558959007
test_P0,I_R0_s42,432,0.0675627663731575,0.051918789744377136,0.053245481103658676,0.04614030942320824,0.07590855658054352,0.052814170718193054,0.07393059134483337,0.04942459613084793,0.10430976003408432,0.09866788983345032,0.10644849389791489,0.08330649137496948,0.08603155626921426,0.05485865994823073,0.09651110438545843,0.07731503993272781,0.07700177282094955
test_P0,I_R0_s43,432,0.06518279016017914,0.04799971729516983,0.05818052589893341,0.04828505590558052,0.07655083388090134,0.055642206221818924,0.07189639657735825,0.05451318621635437,0.10809414833784103,0.1012563705444336,0.10521627217531204,0.09292002022266388,0.09258790300559713,0.05825594169679513,0.10099323929870045,0.08188840746879578,0.07741762697696686
test_P0,I_R0_s44,432,0.06761986017227173,0.047928422689437866,0.05227994546294212,0.04904277250170708,0.07907117158174515,0.05645423382520676,0.07567054033279419,0.05254235863685608,0.10790742933750153,0.09932561963796616,0.10691790282726288,0.08845005184412003,0.09211456470063793,0.05759509021072129,0.1016264890199185,0.08069280534982681,0.07855331897735596
test_P0,I_R0_seedmean,432,0.060890886932611465,0.04518205299973488,0.04942299425601959,0.0425761453807354,0.0730990543961525,0.051100824028253555,0.06920450180768967,0.04704595357179642,0.1040988638997078,0.09684228897094727,0.10403133183717728,0.08479706197977066,0.08832471170024252,0.05537601273443204,0.09899924128598693,0.07803469896316528,0.07378923147916794
test_P0,I_R1_s42,432,0.05493423715233803,0.04300714284181595,0.04114120453596115,0.03910528123378754,0.060326218605041504,0.0473787859082222,0.05275397747755051,0.04364290088415146,0.09477720409631729,0.08097071200609207,0.09416753053665161,0.0799027755856514,0.07055027059296001,0.04363065876436799,0.05795444990712358,0.0661482885479927,0.061295196413993835
test_P0,I_R1_s43,432,0.05648964270949364,0.041809506714344025,0.04249517247080803,0.03691188991069794,0.0622205026447773,0.0462176576256752,0.05444669350981712,0.044119030237197876,0.09166745841503143,0.08480990678071976,0.09430184215307236,0.07666845619678497,0.07257858630335694,0.04513264847588059,0.06315402765154825,0.06627309322357178,0.06259936839342117
test_P0,I_R1_s44,432,0.054285597056150436,0.04344664141535759,0.04198015481233597,0.039158742874860764,0.06086724251508713,0.04770989716053009,0.05528423190116882,0.044462401419878006,0.09460150450468063,0.08366445451974869,0.09623674303293228,0.08059918135404587,0.07322480899556233,0.04437226643129841,0.05873634423104904,0.06880025565624237,0.06179909408092499
test_P0,I_R1_seedmean,432,0.05117214098572731,0.03917721286416054,0.037338025867938995,0.034105248749256134,0.058121126145124435,0.04327370598912239,0.05177300423383713,0.0407569445669651,0.09202560037374496,0.07962863892316818,0.09201240539550781,0.07637210190296173,0.06905115625946465,0.042310197606662193,0.05750893323225517,0.06413401663303375,0.05852585658431053
test_P0,command-copy,432,0.07311438024044037,0.03993934020400047,0.06481528282165527,0.04507721960544586,0.10042738169431686,0.04831664636731148,0.10373242944478989,0.045613471418619156,0.09279058873653412,0.0782068744301796,0.09449376165866852,0.07782150059938431,0.13400541132553906,0.09298825333483991,0.07582940675670079,0.1336708664894104,0.08747723698616028
test_P0,persistence,432,0.13978725671768188,0.14905424416065216,0.15605773031711578,0.12171544879674911,0.21840010583400726,0.24544179439544678,0.21697619557380676,0.21761560440063477,0.22951389849185944,0.23116475343704224,0.23079918324947357,0.19990818202495575,0.46423130469029533,0.26939927389514967,0.2992496399558199,0.4642312824726105,0.1913856416940689
test_P0,ridge_R0,432,0.0575810962415777,0.043928829050058835,0.04786053345701754,0.04068107720470762,0.06808429604794713,0.04927676619548543,0.06987696593319948,0.04434054074931357,0.09782473646905838,0.09211256660646419,0.10516661106570793,0.09064823946583714,0.0968962617756145,0.06161650691642003,0.1007689221046926,0.08617573757503597,0.06914423546942833
test_P0,ridge_R1,432,0.05462320609559981,0.040183193379962796,0.04751386253521777,0.03900480582633876,0.06828200001443668,0.047992497195154735,0.06640769408468289,0.04467425344429068,0.09098053434336661,0.08222322793083897,0.09405810893123884,0.07987575509592573,0.0906327020723368,0.05950172523509543,0.07098965829394462,0.084194748245112,0.0644698118224731
test_P1,D_R0_s42,432,0.07431660592556,0.052379537373781204,0.056997060775756836,0.04907090216875076,0.09075141698122025,0.06331919878721237,0.05776803940534592,0.053978610783815384,0.10542775690555573,0.09582725912332535,0.10328549891710281,0.0889892429113388,0.09320130196759556,0.05803974410331424,0.08942819584571585,0.08502594381570816,0.07476593554019928
test_P1,D_R0_s43,432,0.07533246278762817,0.05408935248851776,0.05741898715496063,0.04713685065507889,0.08963019400835037,0.06082993000745773,0.06077394261956215,0.05564761906862259,0.1093950942158699,0.09321469068527222,0.10122904926538467,0.0904783234000206,0.0925325649557186,0.05872854542844382,0.09299298939647613,0.08196975290775299,0.0752059668302536
test_P1,D_R0_s44,432,0.07328780740499496,0.05514990910887718,0.056518763303756714,0.0485764779150486,0.08367633819580078,0.060873668640851974,0.06143350899219513,0.055452607572078705,0.10256786644458771,0.09716848284006119,0.10064045339822769,0.08837135881185532,0.0899302871884626,0.05731543947551709,0.0896301590839238,0.08094202727079391,0.07377628237009048
test_P1,D_R0_seedmean,432,0.07230399549007416,0.05235318839550018,0.05519585683941841,0.047045715153217316,0.08359865099191666,0.06032996624708176,0.05799156799912453,0.05313162878155708,0.10408183932304382,0.0933896154165268,0.10068902373313904,0.08838199824094772,0.08975991228822285,0.055932268650080205,0.09012995247427426,0.08062900602817535,0.07237483561038971
test_P1,D_R1_s42,432,0.0691312924027443,0.051782045513391495,0.054479580372571945,0.049902867525815964,0.07741899788379669,0.06399161368608475,0.05263020470738411,0.049240536987781525,0.09974854439496994,0.08737391978502274,0.09719773381948471,0.07309991121292114,0.08491784081963197,0.05153535927023153,0.07631065148694745,0.0800158903002739,0.06853549182415009
test_P1,D_R1_s43,432,0.071622334420681,0.05087018013000488,0.054666485637426376,0.05059095844626427,0.07249437272548676,0.057850103825330734,0.0546499527990818,0.051065586507320404,0.10518237203359604,0.09400106221437454,0.09467963874340057,0.07672377675771713,0.08381292518789742,0.0517852647626451,0.07991283589150742,0.0772864818572998,0.06875993311405182
test_P1,D_R1_s44,432,0.0629509761929512,0.049290355294942856,0.05058715492486954,0.046535924077034,0.06453173607587814,0.054072242230176926,0.05449485778808594,0.049286145716905594,0.09974506497383118,0.089959517121315,0.0946165919303894,0.07862462103366852,0.084229984627322,0.04962396384299843,0.0784052827303649,0.077947236597538,0.06655048578977585
test_P1,D_R1_seedmean,432,0.06428609043359756,0.048296261578798294,0.04958099499344826,0.044689420610666275,0.06696092337369919,0.054606374353170395,0.05157940462231636,0.0477256141602993,0.0964035615324974,0.0886118933558464,0.09247862547636032,0.07467631995677948,0.08093723472706717,0.04824939668158773,0.07565767135781395,0.07544714957475662,0.06458750367164612
test_P1,I_R0_s42,432,0.0961613655090332,0.060649316757917404,0.06926857680082321,0.05342448502779007,0.10396317392587662,0.06441159546375275,0.06844333559274673,0.0594969242811203,0.11890760809183121,0.10275791585445404,0.1106906309723854,0.07804557681083679,0.09179316599994257,0.06008790482795694,0.09366000504565905,0.08683102577924728,0.0838126391172409
test_P1,I_R0_s43,432,0.08705827593803406,0.05662718415260315,0.06793853640556335,0.05823700502514839,0.09204956144094467,0.0663156509399414,0.07027577608823776,0.06683887541294098,0.12270940095186234,0.10059238225221634,0.1173715591430664,0.08635593205690384,0.09835765698363884,0.06313318818624584,0.09655274958145788,0.08946539461612701,0.08482210338115692
test_P1,I_R0_s44,432,0.08419954031705856,0.05739341303706169,0.06781118363142014,0.06223034858703613,0.09924933314323425,0.06854142993688583,0.07118391245603561,0.06664054840803146,0.12245532870292664,0.10832510888576508,0.10620738565921783,0.08892541378736496,0.09474954161667855,0.06266007483563807,0.10388365178783465,0.08353465795516968,0.08638819307088852
test_P1,I_R0_seedmean,432,0.08360623568296432,0.05396305024623871,0.06358601152896881,0.051333144307136536,0.09298446774482727,0.06188194081187248,0.06554919481277466,0.05793080851435661,0.11861272901296616,0.0985298827290535,0.1078217402100563,0.07973035424947739,0.09229143016632736,0.05995766480886735,0.09723979410844502,0.08373622596263885,0.08033567667007446
test_P1,I_R1_s42,432,0.07407066226005554,0.05495638772845268,0.06434059888124466,0.0508696585893631,0.08854328840970993,0.05859873816370964,0.05364036187529564,0.05177852138876915,0.11215238273143768,0.10072792321443558,0.10716624557971954,0.07716468721628189,0.08135907640578256,0.050841212449411546,0.07335490191879444,0.08151082694530487,0.07196610420942307
test_P1,I_R1_s43,432,0.08405204862356186,0.05520494654774666,0.05538780614733696,0.048593178391456604,0.08830012381076813,0.06026126816868782,0.055285971611738205,0.054580431431531906,0.10894473642110825,0.10300689190626144,0.1092500314116478,0.08434786647558212,0.08646651418829195,0.05201219311821331,0.09312230625359902,0.07728039473295212,0.0742771252989769
test_P1,I_R1_s44,432,0.07327601313591003,0.054708752781152725,0.056272514164447784,0.052052125334739685,0.08162592351436615,0.05981595441699028,0.05079568177461624,0.05649719387292862,0.1105852946639061,0.09329686313867569,0.10757401585578918,0.08336519449949265,0.08314126256326583,0.05013044637981493,0.08640956067738567,0.07692248374223709,0.07298875600099564
test_P1,I_R1_seedmean,432,0.07227327674627304,0.049982670694589615,0.05250576511025429,0.04651491716504097,0.08179735392332077,0.05595254898071289,0.04831593856215477,0.04917721077799797,0.10638553649187088,0.09642037004232407,0.10474344342947006,0.07723736763000488,0.08011241354840737,0.04844414938763989,0.081981776685641,0.07590576261281967,0.06855922937393188
test_P1,command-copy,432,0.09380977600812912,0.057207074016332626,0.07991734147071838,0.054024554789066315,0.09956974536180496,0.07321054488420486,0.08700861781835556,0.06044609099626541,0.09662362933158875,0.08715467154979706,0.08161110430955887,0.06929868459701538,0.1507202426755684,0.10844461387508093,0.07560621866127268,0.14798222482204437,0.09619586914777756
test_P1,persistence,432,0.2133474349975586,0.21448491513729095,0.21751505136489868,0.2165818065404892,0.2215476632118225,0.23650749027729034,0.24219052493572235,0.205326110124588,0.3004496991634369,0.27332377433776855,0.2348155826330185,0.2689669728279114,0.5601483030392322,0.31578063436098275,0.34619754296784894,0.560148298740387,0.2342500239610672
test_P1,ridge_R0,432,0.07106709959778913,0.05433095256766846,0.05848793676425171,0.04624418493692318,0.07214601531526921,0.06255410840436648,0.059582642189617965,0.053229379319368136,0.09079625927763049,0.09420199687181326,0.10386213989217319,0.08822184304891184,0.10462781101476254,0.06898958787428575,0.10015132650131012,0.09378729075063756,0.07422354712569718
test_P1,ridge_R1,432,0.06739233725222614,0.0517419139143829,0.0575718574711005,0.046665477001473776,0.07059631605600021,0.06155919423710513,0.05810003533888081,0.053146927813127326,0.08578678608229139,0.08853027315817441,0.09055525216906508,0.07576147468471632,0.09666917039560682,0.06580153603595622,0.07798265709681479,0.09101608212639344,0.0697420433079444
test_P2,D_R0_s42,432,0.11104992032051086,0.052358221262693405,0.04310055449604988,0.03734401986002922,0.10659914463758469,0.08358953893184662,0.09251175075769424,0.0791996568441391,0.15260635316371918,0.1020716205239296,0.10989058762788773,0.1131102591753006,0.11478000877119364,0.07473035055295878,0.10677003599662556,0.11238894611597061,0.08954115211963654
test_P2,D_R0_s43,432,0.12469390034675598,0.0524345338344574,0.04404183849692345,0.043280165642499924,0.1059110015630722,0.07680052518844604,0.08644910901784897,0.08166413009166718,0.16002872586250305,0.10401016473770142,0.11538311094045639,0.1109078973531723,0.1149850601464083,0.07446899726316726,0.10514905484138516,0.11173056811094284,0.08888643234968185
test_P2,D_R0_s44,432,0.09334903210401535,0.05395953729748726,0.044382210820913315,0.040097955614328384,0.10314373672008514,0.07344292104244232,0.09185819327831268,0.07499536126852036,0.13847821950912476,0.10246043652296066,0.11585649102926254,0.11237393319606781,0.11695618128833703,0.07355403467200973,0.10000239691980489,0.11347895860671997,0.08696169406175613
test_P2,D_R0_seedmean,432,0.10661984235048294,0.05149364471435547,0.04059455171227455,0.03844139724969864,0.10108880698680878,0.07615713030099869,0.0881972685456276,0.07635828852653503,0.14795859158039093,0.1011364609003067,0.11221283674240112,0.11100159585475922,0.11232423658104265,0.07160394510404589,0.10315788213770924,0.11005020141601562,0.08547471463680267
test_P2,D_R1_s42,432,0.081168994307518,0.049361713230609894,0.05364454165101051,0.04405326768755913,0.0929509773850441,0.07375742495059967,0.07774819433689117,0.06886105239391327,0.13622207939624786,0.08829862624406815,0.0971451848745346,0.07914075255393982,0.10594077751623708,0.0660795404757704,0.05797505783056317,0.10297930985689163,0.07567708194255829
test_P2,D_R1_s43,432,0.0867001935839653,0.05136701092123985,0.04816777631640434,0.039118409156799316,0.08711088448762894,0.06367505341768265,0.07892545312643051,0.06709926575422287,0.13355843722820282,0.08628712594509125,0.09121250361204147,0.0818982943892479,0.1029001844058748,0.06355747108584309,0.05943596950624938,0.10094785690307617,0.07577483355998993
test_P2,D_R1_s44,432,0.07697896659374237,0.04448479786515236,0.05655134469270706,0.040836915373802185,0.08123383671045303,0.06064358726143837,0.07662723958492279,0.06433511525392532,0.12221207469701767,0.09306274354457855,0.09353332966566086,0.08823408931493759,0.10614152463412163,0.062453666411574724,0.0700321459409085,0.09540382772684097,0.0732787624001503
test_P2,D_R1_seedmean,432,0.0776401236653328,0.04483029991388321,0.04970841854810715,0.036240994930267334,0.08131583780050278,0.062140483409166336,0.0742570236325264,0.06474686414003372,0.12401266396045685,0.08632761985063553,0.0900641456246376,0.0810742974281311,0.09912588301707131,0.06029510469590336,0.058780733123497325,0.09627928584814072,0.07084576040506363
test_P2,I_R0_s42,432,0.17208890616893768,0.08325294405221939,0.0665864571928978,0.045162443071603775,0.12879373133182526,0.0898725688457489,0.10462480038404465,0.08283800631761551,0.16906480491161346,0.13861030340194702,0.1343313306570053,0.11343323439359665,0.13167810831529328,0.08423583156076449,0.10858075022112128,0.12326595187187195,0.11165633052587509
test_P2,I_R0_s43,432,0.14220935106277466,0.07118257135152817,0.08497552573680878,0.06606749445199966,0.1427980214357376,0.09558507800102234,0.11268137395381927,0.09671534597873688,0.17932146787643433,0.14353634417057037,0.1447262167930603,0.12893018126487732,0.1541863206295112,0.09035062389773031,0.13093496915886285,0.13348667323589325,0.11621417850255966
test_P2,I_R0_s44,432,0.13358353078365326,0.07443509250879288,0.078240305185318,0.06242404133081436,0.12320848554372787,0.11951950192451477,0.11283723264932632,0.09418149292469025,0.1701626479625702,0.12522844970226288,0.14680446684360504,0.11641944944858551,0.15137678566823867,0.0894042577447168,0.11800400219540388,0.13868533074855804,0.11346858739852905
test_P2,I_R0_seedmean,432,0.14136238396167755,0.06831847876310349,0.0646120086312294,0.045929621905088425,0.12224940955638885,0.08849630504846573,0.10226871073246002,0.08360324800014496,0.168260857462883,0.12526942789554596,0.13441137969493866,0.1150495707988739,0.1414389731361723,0.08417836430159868,0.11801566540279139,0.12712620198726654,0.10392982512712479
test_P2,I_R1_s42,432,0.08541511744260788,0.061738066375255585,0.07992982864379883,0.056550536304712296,0.10992007702589035,0.07048976421356201,0.0738271102309227,0.07258658111095428,0.1561991423368454,0.11311931908130646,0.129461407661438,0.1166890561580658,0.1387328307741135,0.07032331060513428,0.14505406035391263,0.09747975319623947,0.09304890781641006
test_P2,I_R1_s43,432,0.0936100110411644,0.06264729797840118,0.07734896242618561,0.05545150488615036,0.110388845205307,0.07498499006032944,0.07028375566005707,0.08735095709562302,0.15021364390850067,0.1049690917134285,0.1194424256682396,0.10843510925769806,0.13965428468031568,0.07189750603608708,0.11557146271504372,0.10254662483930588,0.09019667655229568
test_P2,I_R1_s44,432,0.10902233421802521,0.0805787667632103,0.06039302051067352,0.0606684535741806,0.1010252982378006,0.06759795546531677,0.07619132101535797,0.08452554792165756,0.16771863400936127,0.1081019788980484,0.12757036089897156,0.11966408789157867,0.14320945136623545,0.07849221115016783,0.1285656925808466,0.10851030051708221,0.09394843131303787
test_P2,I_R1_seedmean,432,0.08722644299268723,0.0624234676361084,0.06338644027709961,0.04980337992310524,0.09648674726486206,0.06395300477743149,0.06294821947813034,0.07291856408119202,0.15018951892852783,0.10101364552974701,0.11892642080783844,0.10998167842626572,0.13208496062468697,0.06754809708745552,0.12658785962956806,0.0926644504070282,0.08371452242136002
test_P2,command-copy,432,0.10567665100097656,0.054449766874313354,0.039026983082294464,0.037787895649671555,0.13809651136398315,0.08650350570678711,0.1298855096101761,0.09711569547653198,0.14741694927215576,0.08568950742483139,0.09596127271652222,0.07217613607645035,0.16231027437074855,0.1133930093460299,0.07919959328186488,0.16632935404777527,0.09905190020799637
test_P2,persistence,432,0.44900646805763245,0.4429563581943512,0.4452141523361206,0.4216782748699188,0.33335113525390625,0.33286622166633606,0.33546605706214905,0.3234855532646179,0.3608648478984833,0.3556074798107147,0.34066036343574524,0.3190075159072876,1.0058526325695853,0.5362161359731341,0.39967973591737,1.0058525800704956,0.36826834082603455
test_P2,ridge_R0,432,0.09544617940301592,0.06064402012693199,0.04205757500659949,0.03905032843966036,0.08951372149724734,0.07793862997833674,0.08568948892272008,0.07378106445079606,0.11461821141323443,0.10798785018990252,0.11913699845077523,0.10855280819195251,0.12661439174266587,0.082490410208349,0.11287396021333677,0.11940168238340203,0.08423585610706608
test_P2,ridge_R1,432,0.08894796250565823,0.05888974530352021,0.04702848172434471,0.03811223887551063,0.08749560057728296,0.07440699902935911,0.08381505783051786,0.07175914414889271,0.10692653841272447,0.08657311339248229,0.09432802081643829,0.08089838669626255,0.12465045754151308,0.0829979279916576,0.07370983100929408,0.12246420116345443,0.07615228323224224
