direction,probe,N_pairs,dE_self_mean,P_target_mean,S_dir_mean,S_mag_mean
friction_low->normal,probe_1_straight,1974,-0.2130566427772893,0.6215808270489674,0.2938858047837429,1.0268222037823018
friction_low->normal,probe_2_accel_decel,698,-0.1728901734153999,0.4381091281301996,0.22634891345716746,0.9207143781755718
friction_low->normal,probe_3_turn,1501,-0.35708404441105374,0.7061319356358583,0.305982279684965,1.0322215671289041
friction_low->normal,probe_4_lateral,1337,0.12805092967795897,0.890880062317973,0.42536266342302853,0.9494290261390104
friction_vlow->normal,probe_1_straight,815,-0.6497835442332403,1.181537479271918,0.334181836831003,1.3653054322758966
friction_vlow->normal,probe_2_accel_decel,611,-0.19213363601416106,0.9226668054655609,0.3818837654509926,1.07354475269677
friction_vlow->normal,probe_3_turn,686,-0.8421378546657785,1.5041711130573172,0.3709563350659377,1.3610149293571032
friction_vlow->normal,probe_4_lateral,563,0.4711690499558118,1.4881645337302984,0.5262345361940358,0.8281504463532717
normal->friction_low,probe_1_straight,1974,0.6035714495508142,-0.2183152226148043,0.27090163823189684,1.0148091226764073
normal->friction_low,probe_2_accel_decel,698,0.43538103267593165,-0.17036796564017462,0.21734869548697214,0.9206095700371004
normal->friction_low,probe_3_turn,1501,0.7044303394571135,-0.3652524445789167,0.29162610651358734,1.0298058968989925
normal->friction_low,probe_4_lateral,1337,0.8948836479065752,0.11455034830718229,0.4094204323929163,0.9525525331905246
normal->friction_vlow,probe_1_straight,815,1.1642946560690008,-0.6408358364017464,0.317672652005403,1.3466233592472487
normal->friction_vlow,probe_2_accel_decel,611,0.9182679200523614,-0.19884635647072924,0.3733799672762471,1.0647977957342025
normal->friction_vlow,probe_3_turn,686,1.5401000450894715,-0.8942724628802986,0.35371050489106787,1.3714647461743452
normal->friction_vlow,probe_4_lateral,563,1.4996399422098434,0.4410233379045558,0.503092738121414,0.8227178859539329
