dim,direction,N_pairs,dE_self_mean,P_target_mean,S_dir_mean,S_dir_frac_pos
vx,friction_low->normal,5510,0.028988275425457913,0.45017168445617445,0.49819399263284136,0.838475499092559
vx,friction_vlow->normal,2675,-0.2517969689163092,0.7892183068422514,0.47893479172493353,0.84
vx,normal->friction_low,5510,0.435222502945231,0.03216965095750217,0.48608885072047175,0.8310344827586207
vx,normal->friction_vlow,2675,0.790876744896452,-0.252891136775507,0.46545040477599525,0.8355140186915888
vy,friction_low->normal,5510,-0.0743435796127129,0.36748668972788184,0.03948226954637386,0.44682395644283124
vy,friction_vlow->normal,2675,-0.04524900076545287,0.5433589797320767,0.07073643098368272,0.4844859813084112
vy,normal->friction_low,5510,0.3667070767299666,-0.07553115698987256,0.0187900354056138,0.4341197822141561
vy,normal->friction_vlow,2675,0.5496675064296366,-0.05912676363347847,0.035987133417487625,0.45607476635514016
wz,friction_low->normal,5510,-0.23127029473249364,0.30076692965415774,0.0825651451771152,0.6019963702359347
wz,friction_vlow->normal,2675,-0.43409815335942203,0.7155905633329231,0.20165562589620903,0.810841121495327
wz,normal->friction_low,5510,0.3122851304047337,-0.24731808673123915,0.07728612152971075,0.5949183303085299
wz,normal->friction_vlow,2675,0.7262222094624956,-0.4548217632280332,0.18906238137498382,0.7876635514018692
