group_id,preaction_max_state_diff,pairing,repeat_exec_max_diff
L0_G00,0.0,exact,0.0
L0_G01,0.0,exact,0.0
L0_G02,0.0,exact,0.0
L0_G03,0.0,exact,0.0
L0_G04,0.0,exact,0.0
L0_G05,0.0,exact,0.0
L0_G06,0.0,exact,0.0
L0_G07,0.0,exact,0.0
L1_G00,0.0,exact,0.0
L1_G01,0.0,exact,0.0
L1_G02,0.0,exact,0.0
L1_G03,0.0,exact,0.0
L1_G04,0.0,exact,0.0
L1_G05,0.0,exact,0.0
L1_G06,0.0,exact,0.0
L1_G07,0.0,exact,0.0
L2_G00,0.0,exact,0.0
L2_G01,0.0,exact,0.0
L2_G02,0.0,exact,0.0
L2_G03,0.0,exact,0.0
L2_G04,0.0,exact,0.0
L2_G05,0.0,exact,0.0
L2_G06,0.0,exact,0.0
L2_G07,0.0,exact,0.0
L3_G00,0.0,exact,0.0
L3_G01,0.0,exact,0.0
L3_G02,0.0,exact,0.0
L3_G03,0.0,exact,0.0
L3_G04,0.0,exact,0.0
L3_G05,0.0,exact,0.0
L3_G06,0.0,exact,0.0
L3_G07,0.0,exact,0.0
L4_G00,0.0,exact,0.0
L4_G01,0.0,exact,0.0
L4_G02,0.0,exact,0.0
L4_G03,0.0,exact,0.0
L4_G04,0.0,exact,0.0
L4_G05,0.0,exact,0.0
L4_G06,0.0,exact,0.0
L4_G07,0.0,exact,0.0
L5_G00,0.0,exact,0.0
L5_G01,0.0,exact,0.0
L5_G02,0.0,exact,0.0
L5_G03,0.0,exact,0.0
L5_G04,0.0,exact,0.0
L5_G05,0.0,exact,0.0
L5_G06,0.0,exact,0.0
L5_G07,0.0,exact,0.0
