pair_id,episode_id,condition,probe,horizon_step,t_in_window_s,u_vx,u_vy,u_wz,e_vx,e_vy,e_wz,r_vx,r_vy,r_wz,rhat_vx,rhat_vy,rhat_wz,abs_r,abs_rhat,abs_rhat_minus_r,reported_metric_E_correct,independent_E_correct,metric_abs_diff
7180,d1_ep00037,friction_low,probe_1_straight,0,0.05,0.7,0.0,0.0,0.8031821,-0.03717774,-0.082511336,0.10318214,-0.03717774,-0.082511336,0.15988189,-0.004186038,0.13004003,0.07429040223360062,0.09803599119186401,0.10074760764837265,1.4534735679626465,1.4534735679626465,0.0
7180,d1_ep00037,friction_low,probe_1_straight,10,0.55,0.7,0.0,0.0,0.8210382,-0.025307417,0.14092532,0.1210382,-0.025307417,0.14092532,0.15253764,0.15331167,0.06390194,0.09575697779655457,0.12325041741132736,0.09571397304534912,1.4534735679626465,1.4534735679626465,0.0
7180,d1_ep00037,friction_low,probe_1_straight,20,1.05,0.7,0.0,0.0,0.80430937,-0.04229206,-0.16430809,0.10430938,-0.04229206,-0.16430809,0.04219067,0.2163557,0.12228048,0.10363650321960449,0.12694227695465088,0.2024516612291336,1.4534735679626465,1.4534735679626465,0.0
7180,d1_ep00037,friction_low,probe_1_straight,39,2.0,0.7,0.0,0.0,0.8531357,0.001954019,0.07945933,0.15313572,0.001954019,0.07945933,0.077314556,-0.05944514,-0.0790535,0.07818302512168884,0.07193773239850998,0.09857771545648575,1.4534735679626465,1.4534735679626465,0.0
1406,d1_ep00002,normal,probe_1_straight,0,0.05,0.7,0.0,0.0,0.5019185,-0.06129253,0.054817326,-0.1980815,-0.06129253,0.054817326,-0.17055851,-0.014465477,-0.070485026,0.10473044961690903,0.08516967296600342,0.06655079126358032,1.0221906900405884,1.0221906900405884,0.0
1406,d1_ep00002,normal,probe_1_straight,10,0.55,0.7,0.0,0.0,0.67249894,0.059722245,0.2665316,-0.027501047,0.059722245,0.2665316,-0.030381083,0.0056592207,-0.05617141,0.11791829019784927,0.030737238004803658,0.12654869258403778,1.0221906900405884,1.0221906900405884,0.0
1406,d1_ep00002,normal,probe_1_straight,20,1.05,0.7,0.0,0.0,0.61252105,0.027019143,0.040609397,-0.087478936,0.027019143,0.040609397,-0.03518212,-0.055136815,-0.028570732,0.05170248821377754,0.03962988778948784,0.0678776353597641,1.0221906900405884,1.0221906900405884,0.0
1406,d1_ep00002,normal,probe_1_straight,39,2.0,0.7,0.0,0.0,0.5528779,0.0038990974,-0.0453636,-0.14712209,0.0038990974,-0.0453636,-0.02352798,-0.0007232083,0.11435803,0.06546159833669662,0.04620307311415672,0.09597935527563095,1.0221906900405884,1.0221906900405884,0.0
18101,d0_ep00406,normal,probe_3_turn,0,0.05,0.5,0.0,-0.7,0.4598705,0.033208013,0.73294985,-0.040129513,0.033208013,1.4329498,-0.05298835,0.06532371,0.7742246,0.5020957589149475,0.2975122034549713,0.2345665693283081,1.366051197052002,1.366051197052002,0.0
18101,d0_ep00406,normal,probe_3_turn,10,0.55,0.5,0.0,-0.7,0.35899198,-0.09927869,-0.61547196,-0.14100802,-0.09927869,0.08452803,0.019926488,0.07668872,0.010157883,0.10827157646417618,0.03559103235602379,0.13709068298339844,1.366051197052002,1.366051197052002,0.0
18101,d0_ep00406,normal,probe_3_turn,20,1.05,0.5,0.0,-0.7,0.47096497,-0.031609297,-0.7123309,-0.029035032,-0.031609297,-0.01233089,-0.07509726,-0.013580768,0.105424225,0.024325072765350342,0.06470075249671936,0.06061528995633125,1.366051197052002,1.366051197052002,0.0
18101,d0_ep00406,normal,probe_3_turn,39,2.0,0.5,0.0,-0.7,0.4372046,-0.12242932,-0.77099967,-0.0627954,-0.12242932,-0.07099968,-0.031933635,0.04496293,0.09715164,0.08540812879800797,0.05801606550812721,0.12213511019945145,1.366051197052002,1.366051197052002,0.0
8617,d0_ep00359,friction_low,probe_3_turn,0,0.05,0.5,0.0,0.0,0.5635984,-0.0054791663,-0.7540596,0.063598394,-0.0054791663,-0.7540596,0.096556544,0.021837864,-0.43750784,0.27437904477119446,0.18530075252056122,0.12560898065567017,1.4657039642333984,1.4657039642333984,0.0
8617,d0_ep00359,friction_low,probe_3_turn,10,0.55,0.5,0.0,0.0,0.5465489,-0.026889246,0.014382653,0.046548903,-0.026889246,0.014382653,0.045990348,-0.2003571,-0.19797322,0.02927360124886036,0.1481068879365921,0.1287940889596939,1.4657039642333984,1.4657039642333984,0.0
8617,d0_ep00359,friction_low,probe_3_turn,20,1.05,0.5,0.0,0.0,0.55829096,-0.081824504,-0.24160248,0.05829096,-0.081824504,-0.24160248,0.051799417,-0.116130754,-0.19193712,0.12723931670188904,0.11995575577020645,0.030154384672641754,1.4657039642333984,1.4657039642333984,0.0
8617,d0_ep00359,friction_low,probe_3_turn,39,2.0,0.5,0.0,0.0,0.4916415,-0.0023902468,0.057565134,-0.008358508,-0.0023902468,0.057565134,0.12897229,0.06978414,0.20903772,0.02277129702270031,0.13593138754367828,0.12032592296600342,1.4657039642333984,1.4657039642333984,0.0
10709,d1_ep00060,friction_low,probe_4_lateral,0,0.05,0.0,0.6,0.0,-0.023946732,0.5981399,-0.19542328,-0.023946732,-0.0018601418,-0.19542328,0.011583632,0.04209304,-0.13839467,0.07374338060617447,0.06402378529310226,0.04550405219197273,1.4139883518218994,1.4139883518218994,0.0
10709,d1_ep00060,friction_low,probe_4_lateral,10,0.55,0.0,0.6,0.0,-0.007920295,0.63332355,0.003481878,-0.007920295,0.033323526,0.003481878,-0.036981765,0.028770804,-0.20657453,0.014908567070960999,0.09077569842338562,0.08122353255748749,1.4139883518218994,1.4139883518218994,0.0
10709,d1_ep00060,friction_low,probe_4_lateral,20,1.05,0.0,0.6,0.0,0.035823554,0.642321,0.01870869,0.035823554,0.042320967,0.01870869,0.055267155,0.06098348,-0.20726162,0.03228440508246422,0.10783741623163223,0.08802547305822372,1.4139883518218994,1.4139883518218994,0.0
10709,d1_ep00060,friction_low,probe_4_lateral,39,2.0,0.0,0.6,0.0,0.030478269,0.6560056,-0.0417367,0.030478269,0.056005597,-0.0417367,0.27598116,-0.01768589,-0.18125266,0.04274018481373787,0.1583065688610077,0.1529034525156021,1.4139883518218994,1.4139883518218994,0.0
19490,d1_ep00067,friction_vlow,probe_1_straight,0,0.05,0.7,0.0,0.0,0.7595838,-0.06457473,-0.042422786,0.059583783,-0.06457473,-0.042422786,0.10695815,-0.045109596,0.056188893,0.05552710220217705,0.06941888481378555,0.05515039339661598,1.1628652811050415,1.1628652811050415,0.0
19490,d1_ep00067,friction_vlow,probe_1_straight,10,0.55,0.7,0.0,0.0,0.7855828,-0.047074936,-0.28346837,0.08558279,-0.047074936,-0.28346837,0.21338308,8.8462606e-05,-0.09339032,0.13870869576931,0.10228729248046875,0.12168058007955551,1.1628652811050415,1.1628652811050415,0.0
19490,d1_ep00067,friction_vlow,probe_1_straight,20,1.05,0.7,0.0,0.0,0.79873586,-0.006316215,0.1464642,0.09873587,-0.006316215,0.1464642,0.14927596,0.099883445,-0.043120176,0.08383876085281372,0.09742652624845505,0.11544137448072433,1.1628652811050415,1.1628652811050415,0.0
19490,d1_ep00067,friction_vlow,probe_1_straight,39,2.0,0.7,0.0,0.0,0.76610774,-0.03603605,0.09727655,0.06610775,-0.03603605,0.09727655,0.05557263,0.04745013,-0.061056346,0.06647345423698425,0.054693032056093216,0.0841180682182312,1.1628652811050415,1.1628652811050415,0.0
1460,d1_ep00002,normal,probe_1_straight,0,0.05,0.7,0.0,0.0,0.5019185,-0.06129253,0.054817326,-0.1980815,-0.06129253,0.054817326,-0.17055851,-0.014465477,-0.070485026,0.10473044961690903,0.08516967296600342,0.06655079126358032,1.0221906900405884,1.0221906900405884,0.0
1460,d1_ep00002,normal,probe_1_straight,10,0.55,0.7,0.0,0.0,0.67249894,0.059722245,0.2665316,-0.027501047,0.059722245,0.2665316,-0.030381083,0.0056592207,-0.05617141,0.11791829019784927,0.030737238004803658,0.12654869258403778,1.0221906900405884,1.0221906900405884,0.0
1460,d1_ep00002,normal,probe_1_straight,20,1.05,0.7,0.0,0.0,0.61252105,0.027019143,0.040609397,-0.087478936,0.027019143,0.040609397,-0.03518212,-0.055136815,-0.028570732,0.05170248821377754,0.03962988778948784,0.0678776353597641,1.0221906900405884,1.0221906900405884,0.0
1460,d1_ep00002,normal,probe_1_straight,39,2.0,0.7,0.0,0.0,0.5528779,0.0038990974,-0.0453636,-0.14712209,0.0038990974,-0.0453636,-0.02352798,-0.0007232083,0.11435803,0.06546159833669662,0.04620307311415672,0.09597935527563095,1.0221906900405884,1.0221906900405884,0.0
7085,d1_ep00036,friction_low,probe_1_straight,0,0.05,0.7,0.0,0.0,0.80834514,-0.033163738,0.074364826,0.10834515,-0.033163738,0.074364826,0.1740489,0.005624097,-0.026564492,0.07195790857076645,0.06874582916498184,0.06847363710403442,1.5063602924346924,1.5063602924346924,0.0
7085,d1_ep00036,friction_low,probe_1_straight,10,0.55,0.7,0.0,0.0,0.80334055,-0.03955707,0.001390775,0.103340566,-0.03955707,0.001390775,0.118424654,0.13604635,0.04222414,0.04809613525867462,0.09889838099479675,0.0771736279129982,1.5063602924346924,1.5063602924346924,0.0
7085,d1_ep00036,friction_low,probe_1_straight,20,1.05,0.7,0.0,0.0,0.8080482,-0.03917969,-0.087833956,0.1080482,-0.03917969,-0.087833956,0.025889933,0.22604068,0.09064672,0.07835394889116287,0.114192433655262,0.1752864569425583,1.5063602924346924,1.5063602924346924,0.0
7085,d1_ep00036,friction_low,probe_1_straight,39,2.0,0.7,0.0,0.0,0.7840779,-0.061441142,0.054682165,0.084077895,-0.061441142,0.054682165,0.091409504,-0.0020213826,-0.18774259,0.06673373281955719,0.09372448921203613,0.10305870324373245,1.5063602924346924,1.5063602924346924,0.0
1541,d1_ep00003,normal,probe_1_straight,0,0.05,0.7,0.0,0.0,0.70498455,-0.0051621273,-0.08258672,0.0049845576,-0.0051621273,-0.08258672,-0.025427818,0.043860134,0.083898395,0.03091113455593586,0.051062118262052536,0.08197324723005295,1.0069068670272827,1.0069068670272827,0.0
1541,d1_ep00003,normal,probe_1_straight,10,0.55,0.7,0.0,0.0,0.6705797,0.07915395,-0.0027340543,-0.029420316,0.07915395,-0.0027340543,-0.07317853,0.08294292,0.0739867,0.037102773785591125,0.07670271396636963,0.04142264649271965,1.0069068670272827,1.0069068670272827,0.0
1541,d1_ep00003,normal,probe_1_straight,20,1.05,0.7,0.0,0.0,0.6349851,-0.04948333,0.20126443,-0.0650149,-0.04948333,0.20126443,-0.04212272,0.01282631,0.008080194,0.10525421053171158,0.021009741351008415,0.09279534965753555,1.0069068670272827,1.0069068670272827,0.0
1541,d1_ep00003,normal,probe_1_straight,39,2.0,0.7,0.0,0.0,0.62878275,0.0117924325,-0.15051658,-0.07121724,0.0117924325,-0.15051658,-0.055590093,-0.038617592,-0.0073733255,0.07784208655357361,0.03386033698916435,0.06972681730985641,1.0069068670272827,1.0069068670272827,0.0
16853,d0_ep00030,normal,probe_1_straight,0,0.05,0.7,0.0,0.0,0.7132714,0.07787244,-0.039164983,0.013271391,0.07787244,-0.039164983,-0.029551208,0.030413095,0.016444573,0.04343627020716667,0.025469625368714333,0.048630502074956894,1.0013084411621094,1.0013084411621094,0.0
16853,d0_ep00030,normal,probe_1_straight,10,0.55,0.7,0.0,0.0,0.63753086,-0.047743402,0.11368076,-0.062469125,-0.047743402,0.11368076,-0.052574813,0.03349466,0.01770302,0.07463109493255615,0.03459082916378975,0.06237003579735756,1.0013084411621094,1.0013084411621094,0.0
16853,d0_ep00030,normal,probe_1_straight,20,1.05,0.7,0.0,0.0,0.6813526,0.050709356,0.0052640187,-0.018647373,0.050709356,0.0052640187,-0.069741726,-0.0108180335,-0.018016921,0.024873582646250725,0.032858893275260925,0.045300889760255814,1.0013084411621094,1.0013084411621094,0.0
16853,d0_ep00030,normal,probe_1_straight,39,2.0,0.7,0.0,0.0,0.4797311,-0.064772084,0.04359528,-0.22026888,-0.064772084,0.04359528,-0.058233142,-0.008760671,0.06769308,0.10954541712999344,0.044895630329847336,0.08071497827768326,1.0013084411621094,1.0013084411621094,0.0
21410,d1_ep00090,friction_vlow,probe_4_lateral,0,0.05,0.0,0.6,0.0,-0.018003881,0.5970941,-0.1369701,-0.018003881,-0.0029059052,-0.1369701,0.014904348,0.00815922,-0.0883313,0.052626628428697586,0.037131622433662415,0.030870720744132996,2.4665186405181885,2.4665184020996094,2.384185791015625e-07
21410,d1_ep00090,friction_vlow,probe_4_lateral,10,0.55,0.0,0.6,0.0,0.0152923465,0.6142163,-0.11245997,0.0152923465,0.014216304,-0.11245997,0.16966955,0.08600092,-0.2714297,0.047322873026132584,0.17570006847381592,0.12837718427181244,2.4665186405181885,2.4665184020996094,2.384185791015625e-07
21410,d1_ep00090,friction_vlow,probe_4_lateral,20,1.05,0.0,-0.6,0.0,0.006860137,0.6148536,-0.1607159,0.006860137,1.2148536,-0.1607159,0.16252288,1.4455652,-0.41735682,0.4608099162578583,0.6751483082771301,0.21433842182159424,2.4665186405181885,2.4665184020996094,2.384185791015625e-07
21410,d1_ep00090,friction_vlow,probe_4_lateral,39,2.0,0.0,-0.6,0.0,-0.009077974,0.090076,0.025707543,-0.009077974,0.690076,0.025707543,0.19528194,0.18945307,-0.12522045,0.2416204959154129,0.16998513042926788,0.28530362248420715,2.4665186405181885,2.4665184020996094,2.384185791015625e-07
3297,d0_ep00417,normal,probe_3_turn,0,0.05,0.5,0.0,-0.7,0.5031793,0.017661452,-0.60178435,0.0031793118,0.017661452,0.09821564,0.052783906,0.018795546,0.07935399,0.03968546912074089,0.050311148166656494,0.02320011518895626,0.9804678559303284,0.9804678559303284,0.0
3297,d0_ep00417,normal,probe_3_turn,10,0.55,0.5,0.0,-0.7,0.5020948,-0.028505683,-0.62568027,0.0020948052,-0.028505683,0.07431972,0.029343903,0.03760329,0.07051772,0.034973401576280594,0.04582163691520691,0.03238669037818909,0.9804678559303284,0.9804678559303284,0.0
3297,d0_ep00417,normal,probe_3_turn,20,1.05,0.5,0.0,-0.7,0.41246903,-0.119092226,-0.58860177,-0.08753097,-0.119092226,0.11139822,-0.035290837,0.0058741206,0.17685568,0.10600713640451431,0.07267355173826218,0.08088798075914383,0.9804678559303284,0.9804678559303284,0.0
3297,d0_ep00417,normal,probe_3_turn,39,2.0,0.5,0.0,-0.7,0.5048902,-0.031227756,-0.7574152,0.0048902035,-0.031227756,-0.057415187,0.010931313,0.0011846619,0.0003014803,0.031177714467048645,0.004139151889830828,0.03205673024058342,0.9804678559303284,0.9804678559303284,0.0
