step,l_vis,l_exec,lr,val_vis2s
100,0.7563852667808533,0.6365434527397156,5.9999999999999995e-05,
200,0.6598551273345947,0.5418290495872498,0.00011999999999999999,
300,0.6290819644927979,0.4059712290763855,0.00017999999999999998,
400,0.6092846393585205,0.36142805218696594,0.00023999999999999998,
500,0.5812674760818481,0.2804827392101288,0.0003,
600,0.5558657646179199,0.23942770063877106,0.0002999914942449372,
700,0.5429229140281677,0.23213747143745422,0.00029996597794438706,
800,0.518295407295227,0.19694150984287262,0.000299923453992155,
900,0.5025163292884827,0.19319409132003784,0.00029986392721088537,
1000,0.4988672733306885,0.1871873289346695,0.0002997874043515143,
1000,,,,0.611139327287674
1100,0.47581183910369873,0.18164578080177307,0.0002996938940925045,
1200,0.457188218832016,0.18108686804771423,0.0002995834070388607,
1300,0.4496687650680542,0.18338543176651,0.00029945595572092727,
1400,0.44589805603027344,0.1717596799135208,0.0002993115545929667,
1500,0.4222506880760193,0.1504850536584854,0.00029915022003152054,
1600,0.41366684436798096,0.15848852694034576,0.0002989719703335525,
1700,0.4113425314426422,0.1602070927619934,0.00029877682571437264,
1800,0.40492087602615356,0.13978958129882812,0.00029856480830534564,
1900,0.3977561593055725,0.14614398777484894,0.00029833594215137997,
2000,0.39181047677993774,0.1375645399093628,0.0002980902532082017,
2000,,,,0.6690948009490967
2100,0.38897180557250977,0.1437026709318161,0.0002978277693394104,
2200,0.38339823484420776,0.14092060923576355,0.0002975485203133194,
2300,0.3831707835197449,0.13256384432315826,0.0002972525377995796,
2400,0.377057820558548,0.12657982110977173,0.00029693985536558774,
2500,0.3728834390640259,0.12592267990112305,0.00029661050847267997,
2600,0.3666091561317444,0.12195217609405518,0.0002962645344721095,
2700,0.36432158946990967,0.11788440495729446,0.0002959019726008112,
2800,0.361338347196579,0.12496624886989594,0.0002955228639769513,
2900,0.3565351366996765,0.12630409002304077,0.0002951272515952643,
3000,0.3558685779571533,0.12637829780578613,0.00029471518032217736,
3000,,,,0.7123138606548309
3100,0.3552520275115967,0.11528073996305466,0.00029428669689072123,
3200,0.35288456082344055,0.10656119138002396,0.00029384184989523083,
3300,0.34945762157440186,0.1131884828209877,0.0002933806897858339,
3400,0.34709179401397705,0.1086144745349884,0.00029290326886272967,
3500,0.346522718667984,0.10943911969661713,0.00029240964127025715,
3600,0.3434705138206482,0.10483163595199585,0.000291899862990755,
3700,0.3384436070919037,0.10349670052528381,0.0002913739918382123,
3800,0.3424447774887085,0.10032466053962708,0.0002908320874517119,
3900,0.33808356523513794,0.10566443204879761,0.000290274211288667,
4000,0.33898410201072693,0.10203426331281662,0.00028970042661785074,
4000,,,,0.7420051395893097
4100,0.3380974531173706,0.09910912811756134,0.00028911079851222143,
4200,0.33199208974838257,0.09920510649681091,0.0002885053938415424,
4300,0.3320118486881256,0.09435869753360748,0.0002878842812647981,
4400,0.33102378249168396,0.10185178369283676,0.0002872475312224079,
4500,0.3302791118621826,0.09536468237638474,0.000286595215928237,
4600,0.33517491817474365,0.08856766670942307,0.00028592740936140697,
4700,0.32981395721435547,0.09044092893600464,0.0002852441872579056,
4800,0.3336024582386017,0.08769997209310532,0.0002845456271019979,
4900,0.3307676911354065,0.08987939357757568,0.0002838318081174382,
5000,0.3247389793395996,0.08314517885446548,0.0002831028112584857,
5000,,,,0.7638553082942963
5100,0.3273904025554657,0.08666808903217316,0.00028235871920072347,
5200,0.32966017723083496,0.08335369825363159,0.000281599616331682,
5300,0.32300880551338196,0.08530272543430328,0.0002808255887412688,
5400,0.3255206346511841,0.08188359439373016,0.0002800367242120053,
5500,0.3228132426738739,0.07897219806909561,0.0002792331122090709,
5600,0.3215862512588501,0.08176472783088684,0.0002784148438701571,
5700,0.3286171555519104,0.07579050213098526,0.0002775820119951316,
5800,0.3225065767765045,0.07662132382392883,0.00027673471103551345,
5900,0.32217732071876526,0.07367003709077835,0.00027587303708376156,
6000,0.32196885347366333,0.07430557161569595,0.00027499708786237723,
6000,,,,0.7790198624134064
6100,0.3196670114994049,0.07825849950313568,0.0002741069627128206,
6200,0.3189489245414734,0.07607361674308777,0.00027320276258424505,
6300,0.3169838786125183,0.07762985676527023,0.00027228459002204806,
6400,0.31962281465530396,0.07799393683671951,0.0002713525491562421,
6500,0.32022374868392944,0.07148133218288422,0.0002704067456896445,
6600,0.3201509714126587,0.07227497547864914,0.0002694472868858904,
6700,0.3146175146102905,0.07047881186008453,0.0002684742815572674,
6800,0.3172414302825928,0.07173904031515121,0.0002674878400523755,
6900,0.3205517530441284,0.06924319267272949,0.0002664880742436124,
7000,0.3191041350364685,0.06921326369047165,0.0002654750975144859,
7000,,,,0.7892368733882904
7100,0.31440865993499756,0.07154213637113571,0.00026444902474675536,
7200,0.3195163905620575,0.0645836740732193,0.00026340997230740244,
7300,0.3110838830471039,0.06945358961820602,0.00026235805803543466,
7400,0.3146185576915741,0.06291896849870682,0.00026129340122852036,
7500,0.3131091594696045,0.06938943266868591,0.00026021612262946004,
7600,0.31268078088760376,0.06681609153747559,0.0002591263444124923,
7700,0.315192312002182,0.06091102957725525,0.00025802419016943834,
7800,0.310987263917923,0.06523146480321884,0.0002569097848956852,
7900,0.3140883147716522,0.06257884204387665,0.0002557832549760103,
8000,0.31258222460746765,0.06450551748275757,0.00025464472817024773,
8000,,,,0.7975295782089233
8100,0.3161723017692566,0.06242269650101662,0.0002534943335987994,
8200,0.3164185583591461,0.05845707654953003,0.00025233220172799143,
8300,0.31505900621414185,0.06152447313070297,0.00025115846435527767,
8400,0.3170550763607025,0.053137440234422684,0.00024997325459429276,
8500,0.3125915229320526,0.05550947040319443,0.0002487767068597558,
8600,0.31455186009407043,0.057031743228435516,0.000247568956852226,
8700,0.3144427537918091,0.05512702837586403,0.00024635014154271337,
8800,0.3148190379142761,0.0597342923283577,0.0002451203991571444,
8900,0.308120459318161,0.05713246017694473,0.00024387986916068596,
9000,0.3093344271183014,0.056149668991565704,0.00024262869224192876,
9000,,,,0.803696483373642
9100,0.31079503893852234,0.0513661727309227,0.00024136701029693166,
9200,0.3110904097557068,0.05156197398900986,0.00024009496641312912,
9300,0.3102065622806549,0.0555264987051487,0.00023881270485310395,
9400,0.31480294466018677,0.05027264356613159,0.00023752037103822617,
9500,0.31245529651641846,0.05197421461343765,0.00023621811153216104,
9600,0.31059399247169495,0.05526567995548248,0.00023490607402424691,
9700,0.3112991154193878,0.052595920860767365,0.00023358440731274625,
9800,0.30665820837020874,0.05458950251340866,0.00023225326128797,
9900,0.31328052282333374,0.04874275624752045,0.00023091278691527868,
10000,0.31409090757369995,0.04793207719922066,0.00022956313621796135,
10000,,,,0.8078101277351379
10100,0.30648013949394226,0.049531836062669754,0.00022820446225999474,
10200,0.3148691654205322,0.051021695137023926,0.00022683691912868411,
10300,0.30876821279525757,0.04959962144494057,0.00022546066191718835,
10400,0.30788159370422363,0.05234120041131973,0.00022407584670693063,
10500,0.3107702136039734,0.046626340597867966,0.0002226826305498975,
10600,0.30535900592803955,0.052372805774211884,0.00022128117145082737,
10700,0.3150630593299866,0.04435500130057335,0.00021987162834929123,
10800,0.3098647892475128,0.04578552767634392,0.0002184541611016674,
10900,0.3056143820285797,0.05013056471943855,0.00021702893046301208,
11000,0.31167513132095337,0.044510554522275925,0.00021559609806882831,
11000,,,,0.811389148235321
11100,0.313146710395813,0.04609367996454239,0.00021415582641673452,
11200,0.3052448034286499,0.048625603318214417,0.00021270827884803606,
11300,0.31120622158050537,0.045800983905792236,0.00021125361952920038,
11400,0.30668649077415466,0.048324499279260635,0.00020979201343323907,
11500,0.3078298568725586,0.04625476151704788,0.0002083236263209981,
11600,0.3091295063495636,0.04371161013841629,0.00020684862472235895,
11700,0.3034440279006958,0.04527249559760094,0.0002053671759173526,
11800,0.3061351776123047,0.04648237302899361,0.00020387944791718795,
11900,0.30906230211257935,0.045843422412872314,0.00020238560944519794,
12000,0.3070716857910156,0.044510096311569214,0.0002008858299177045,
12000,,,,0.8138800859451294
12100,0.31019920110702515,0.04340417683124542,0.00019938027942480516,
12200,0.3070574402809143,0.04171391949057579,0.00019786912871108285,
12300,0.30903157591819763,0.04183117300271988,0.0001963525491562421,
12400,0.30844646692276,0.04602346196770668,0.00019483071275567252,
12500,0.30646181106567383,0.043017953634262085,0.00019330379210094313,
12600,0.3084341883659363,0.0391206368803978,0.00019177196036022838,
12700,0.30729371309280396,0.041245732456445694,0.00019023539125866942,
12800,0.3083118796348572,0.03965381160378456,0.00018869425905867175,
12900,0.309306800365448,0.037305139005184174,0.00018714873854014225,
13000,0.31139206886291504,0.04131054878234863,0.00018559900498066724,
13000,,,,0.8169276416301727
13100,0.30565083026885986,0.04291870445013046,0.00018404523413563425,
13200,0.3082737624645233,0.03737541288137436,0.0001824876022182998,
13300,0.31169557571411133,0.037637241184711456,0.0001809262858798047,
13400,0.3041703999042511,0.040052805095911026,0.00017936146218914037,
13500,0.3073176145553589,0.037927061319351196,0.00017779330861306713,
13600,0.30501067638397217,0.03901964798569679,0.00017622200299598792,
13700,0.30556759238243103,0.0407235212624073,0.0001746477235397789,
13800,0.30184638500213623,0.03936899080872536,0.0001730706487835794,
13900,0.30755752325057983,0.038782790303230286,0.00017149095758354395,
14000,0.3042747676372528,0.039036478847265244,0.00016990882909255828,
14000,,,,0.8183261752128601
14100,0.3066294193267822,0.034423839300870895,0.00016832444273992127,
14200,0.3100023567676544,0.03622011840343475,0.0001667379782109962,
14300,0.3035915195941925,0.03534581884741783,0.0001651496154268323,
14400,0.3078330159187317,0.03588363528251648,0.0001635595345237602,
14500,0.3056681752204895,0.03514809161424637,0.00016196791583296245,
14600,0.30797505378723145,0.03511940315365791,0.0001603749398600222,
14700,0.3071337938308716,0.03689324110746384,0.00015878078726445206,
14800,0.3026431202888489,0.0375870019197464,0.00015718563883920553,
14900,0.3024563491344452,0.035032615065574646,0.00015558967549017319,
15000,0.3032214641571045,0.036503665149211884,0.0001539930782156662,
15000,,,,0.8201914727687836
15100,0.3058944344520569,0.03297080844640732,0.0001523960280858892,
15200,0.30953091382980347,0.03617645427584648,0.00015079870622240524,
15300,0.3060421943664551,0.03620535880327225,0.00014920129377759474,
15400,0.30902600288391113,0.034940071403980255,0.00014760397191411077,
15500,0.3052465617656708,0.0358751006424427,0.00014600692178433377,
15600,0.3081655204296112,0.03314313665032387,0.00014441032450982676,
15700,0.306763231754303,0.033420365303754807,0.00014281436116079447,
15800,0.31017792224884033,0.032560884952545166,0.00014121921273554792,
15900,0.30402716994285583,0.03221927583217621,0.0001396250601399778,
16000,0.3046691417694092,0.03433266654610634,0.0001380320841670375,
16000,,,,0.8216525912284851
16100,0.3046167194843292,0.032093677669763565,0.0001364404654762398,
16200,0.30151766538619995,0.03467618674039841,0.00013485038457316766,
16300,0.30764272809028625,0.031967997550964355,0.00013326202178900377,
16400,0.304963082075119,0.030350742861628532,0.00013167555726007865,
16500,0.30504244565963745,0.0323166698217392,0.0001300911709074417,
16600,0.30374208092689514,0.034277353435754776,0.00012850904241645602,
16700,0.30580204725265503,0.0314907543361187,0.0001269293512164206,
16800,0.304753839969635,0.031505852937698364,0.0001253522764602211,
16900,0.3017721176147461,0.03188428282737732,0.00012377799700401205,
17000,0.30323028564453125,0.031049180775880814,0.00012220669138693287,
17000,,,,0.8228525519371033
17100,0.3047768771648407,0.03418266028165817,0.00012063853781085961,
17200,0.3047827482223511,0.029547838494181633,0.0001190737141201953,
17300,0.3017593026161194,0.03378382697701454,0.0001175123977817002,
17400,0.3063795268535614,0.02831040695309639,0.00011595476586436575,
17500,0.3050064444541931,0.0315624438226223,0.00011440099501933276,
17600,0.3022388219833374,0.03431043028831482,0.00011285126145985777,
17700,0.3063388764858246,0.030749712139368057,0.00011130574094132824,
17800,0.3079237937927246,0.030348246917128563,0.00010976460874133058,
17900,0.3032504916191101,0.03208258002996445,0.00010822803963977158,
18000,0.3031080961227417,0.032225094735622406,0.00010669620789905688,
18000,,,,0.8241671323776245
18100,0.3050693869590759,0.02901439368724823,0.00010516928724432743,
18200,0.30436283349990845,0.027669329196214676,0.0001036474508437579,
18300,0.30213767290115356,0.03173293173313141,0.0001021308712889171,
18400,0.30195352435112,0.03114524856209755,0.00010061972057519484,
18500,0.30237695574760437,0.03056124597787857,9.911417008229544e-05,
18600,0.3070075511932373,0.028064098209142685,9.761439055480204e-05,
18700,0.30675700306892395,0.024949312210083008,9.6120552082812e-05,
18800,0.3036789894104004,0.02598637156188488,9.46328240826474e-05,
18900,0.30866825580596924,0.026342766359448433,9.3151375277641e-05,
19000,0.3026466965675354,0.02961907908320427,9.167637367900191e-05,
19000,,,,0.8254604339599609
19100,0.30174267292022705,0.03244738280773163,9.02079865667609e-05,
19200,0.3016371726989746,0.02779817394912243,8.874638047079962e-05,
19300,0.30635660886764526,0.02702171914279461,8.729172115196399e-05,
19400,0.30492839217185974,0.02655126340687275,8.584417358326549e-05,
19500,0.3037773370742798,0.028749797493219376,8.440390193117169e-05,
19600,0.30303871631622314,0.027035919949412346,8.297106953698785e-05,
19700,0.3031211495399475,0.028110843151807785,8.15458388983326e-05,
19800,0.3028786778450012,0.02780975215137005,8.012837165070876e-05,
19900,0.30457600951194763,0.024546660482883453,7.871882854917264e-05,
20000,0.3020499348640442,0.028482923284173012,7.731736945010247e-05,
20000,,,,0.8266755640506744
20100,0.3041544556617737,0.028773825615644455,7.592415329306939e-05,
20200,0.30368900299072266,0.02873680740594864,7.453933808281166e-05,
20300,0.30249685049057007,0.027720211073756218,7.316308087131586e-05,
20400,0.3059620261192322,0.024953844025731087,7.17955377400052e-05,
20500,0.304207444190979,0.029291734099388123,7.043686378203863e-05,
20600,0.3036612570285797,0.029858950525522232,6.908721308472129e-05,
20700,0.3063904643058777,0.026403646916151047,6.774673871202998e-05,
20800,0.30332285165786743,0.024611569941043854,6.64155926872537e-05,
20900,0.3027784824371338,0.02611403726041317,6.509392597575309e-05,
21000,0.3031123876571655,0.026397528126835823,6.378188846783898e-05,
21000,,,,0.8275431990623474
21100,0.300818532705307,0.026030283421278,6.247962896177379e-05,
21200,0.302482008934021,0.026005610823631287,6.1187295146896e-05,
21300,0.30169856548309326,0.024679072201251984,5.9905033586870843e-05,
21400,0.3025563359260559,0.030950823798775673,5.863298970306831e-05,
21500,0.3008127212524414,0.028437679633498192,5.737130775807122e-05,
21600,0.3029943108558655,0.024979367852211,5.6120130839314024e-05,
21700,0.30466094613075256,0.024405907839536667,5.487960084285566e-05,
21800,0.2992584705352783,0.02515612356364727,5.3649858457286615e-05,
21900,0.3031708002090454,0.02582450397312641,5.243104314777394e-05,
22000,0.30761027336120605,0.022476082667708397,5.1223293140244216e-05,
22000,,,,0.8284480273723602
22100,0.3047971725463867,0.022693663835525513,5.0026745405707196e-05,
22200,0.3017546534538269,0.027331840246915817,4.8841535644722345e-05,
22300,0.3052853047847748,0.02278408408164978,4.766779827200857e-05,
22400,0.3023778200149536,0.027816742658615112,4.650566640120061e-05,
22500,0.30143678188323975,0.02418980747461319,4.5355271829752306e-05,
22600,0.30154547095298767,0.02295081689953804,4.421674502398971e-05,
22700,0.3008442223072052,0.02192428708076477,4.309021510431473e-05,
22800,0.3121449649333954,0.019330469891428947,4.1975809830561616e-05,
22900,0.3034781813621521,0.023654894903302193,4.087365558750761e-05,
23000,0.30335533618927,0.021237879991531372,3.978387737053994e-05,
23000,,,,0.8292492926120758
23100,0.3010576367378235,0.023662587627768517,3.870659877147962e-05,
23200,0.30266159772872925,0.026799680665135384,3.7641941964565384e-05,
23300,0.3001369535923004,0.02460954710841179,3.659002769259753e-05,
23400,0.30276572704315186,0.02317589707672596,3.555097525324464e-05,
23500,0.30489426851272583,0.026039304211735725,3.452490248551404e-05,
23600,0.3028082549571991,0.022294500842690468,3.351192575638761e-05,
23700,0.3080649673938751,0.02205284871160984,3.251215994762449e-05,
23800,0.2993054986000061,0.0225895456969738,3.152571844273261e-05,
23900,0.30236732959747314,0.024630172178149223,3.055271311410959e-05,
24000,0.3071667551994324,0.02279568277299404,2.9593254310355478e-05,
24000,,,,0.8299694657325745
24100,0.29849332571029663,0.028706984594464302,2.8647450843757897e-05,
24200,0.30125051736831665,0.024060606956481934,2.771540997795188e-05,
24300,0.29798606038093567,0.02614247426390648,2.6797237415754947e-05,
24400,0.2995644807815552,0.023601101711392403,2.589303728717939e-05,
24500,0.3068493604660034,0.0208083875477314,2.500291213762274e-05,
24600,0.30257704854011536,0.02319316938519478,2.4126962916238372e-05,
24700,0.3074873983860016,0.02270801179111004,2.3265288964486604e-05,
24800,0.30396920442581177,0.025550272315740585,2.241798800486839e-05,
24900,0.3030915856361389,0.023369373753666878,2.1585156129842823e-05,
25000,0.30074113607406616,0.022469421848654747,2.076688779092907e-05,
25000,,,,0.8304051458835602
25100,0.2980485260486603,0.02459006942808628,1.9963275787994708e-05,
25200,0.3033958375453949,0.024916987866163254,1.9174411258731164e-05,
25300,0.3031958341598511,0.02114749513566494,1.840038366831802e-05,
25400,0.2991068959236145,0.024511417374014854,1.7641280799276507e-05,
25500,0.3031085133552551,0.024994410574436188,1.6897188741514284e-05,
25600,0.30182963609695435,0.021161222830414772,1.616819188256181e-05,
25700,0.305311381816864,0.021505672484636307,1.5454372898002083e-05,
25800,0.3027600049972534,0.022986261174082756,1.4755812742094347e-05,
25900,0.3056415617465973,0.022830674424767494,1.4072590638593046e-05,
26000,0.30378007888793945,0.02221478335559368,1.3404784071763014e-05,
26000,,,,0.8307276368141174
26100,0.30548709630966187,0.021484963595867157,1.2752468777592134e-05,
26200,0.30350959300994873,0.02314605377614498,1.2115718735201885e-05,
26300,0.2995624542236328,0.023632876574993134,1.149460615845762e-05,
26400,0.2988384962081909,0.02573312446475029,1.0889201487778537e-05,
26500,0.2999541461467743,0.021974461153149605,1.0299573382149234e-05,
26600,0.2978273630142212,0.025643140077590942,9.725788711332972e-06,
26700,0.3043622076511383,0.022260377183556557,9.16791254828802e-06,
26800,0.30184271931648254,0.022832361981272697,8.62600816178765e-06,
26900,0.302166223526001,0.0255154799669981,8.100137009244956e-06,
27000,0.30044466257095337,0.02303420938551426,7.590358729742807e-06,
27000,,,,0.8309918642044067
27100,0.29923146963119507,0.024833671748638153,7.096731137270317e-06,
27200,0.3019956052303314,0.024690086022019386,6.619310214166052e-06,
27300,0.3087471127510071,0.020909518003463745,6.158150104769155e-06,
27400,0.3087131381034851,0.02001841552555561,5.713303109278749e-06,
27500,0.2994692325592041,0.025009382516145706,5.28481967782261e-06,
27600,0.30229976773262024,0.023449143394827843,4.872748404735644e-06,
27700,0.3013923168182373,0.02428862638771534,4.477136023048727e-06,
27800,0.30317795276641846,0.022358184680342674,4.098027399188802e-06,
27900,0.3042069375514984,0.021451283246278763,3.735465527890458e-06,
28000,0.30336177349090576,0.02146359719336033,3.3894915273199987e-06,
28000,,,,0.8311203718185425
28100,0.3034496605396271,0.023694448173046112,3.0601446344122095e-06,
28200,0.30065280199050903,0.022236427292227745,2.7474622004204304e-06,
28300,0.3088392913341522,0.018474750220775604,2.4514796866805964e-06,
28400,0.303365021944046,0.021427642554044724,2.1722306605896022e-06,
28500,0.3022701144218445,0.025126101449131966,1.909746791798317e-06,
28600,0.30059048533439636,0.02697419747710228,1.6640578486200373e-06,
28700,0.3031723201274872,0.020946484059095383,1.435191694654375e-06,
28800,0.3039470613002777,0.02263362891972065,1.2231742856273151e-06,
28900,0.30152714252471924,0.027294795960187912,1.0280296664475218e-06,
29000,0.30170711874961853,0.02471688576042652,8.49779968479436e-07,
29000,,,,0.8311528265476227
29100,0.30019432306289673,0.025746949017047882,6.884454070333168e-07,
29200,0.29833897948265076,0.026727240532636642,5.440442790727085e-07,
29300,0.303097128868103,0.023209162056446075,4.1659296113925046e-07,
29400,0.303866446018219,0.022658126428723335,3.06105907495513e-07,
29500,0.2994496822357178,0.0233919695019722,2.125956484857083e-07,
29600,0.30186885595321655,0.021053506061434746,1.3607278911462739e-07,
29700,0.3013160228729248,0.024586578831076622,7.654600784493536e-08,
29800,0.3039628267288208,0.021699901670217514,3.402205561289229e-08,
29900,0.30515962839126587,0.020456437021493912,8.50575506278206e-09,
30000,0.3038080632686615,0.01967933028936386,0.0,
30000,,,,0.8311534523963928
