source,cell,seed,reported,recomputed,max_abs_diff
§4.1 data_vs_arch_effect.csv,D/R0,42,0.0932013019675955,0.09320130196759557,6.938893903907228e-17
§4.1 data_vs_arch_effect.csv,D/R0,43,0.0925325649557186,0.0925325649557186,0.0
§4.1 data_vs_arch_effect.csv,D/R0,44,0.0899302871884625,0.08993028718846259,9.71445146547012e-17
§4.4 trajectory_metrics.csv seedmean,D/R0,seedmean,0.0897599122882228,0.08975991228822285,4.163336342344337e-17
§4.1 data_vs_arch_effect.csv,D/R1,42,0.0849178408196319,0.08491784081963198,8.326672684688674e-17
§4.1 data_vs_arch_effect.csv,D/R1,43,0.0838129251878974,0.0838129251878974,0.0
§4.1 data_vs_arch_effect.csv,D/R1,44,0.0842299846273219,0.08422998462732197,6.938893903907228e-17
§4.4 trajectory_metrics.csv seedmean,D/R1,seedmean,0.0809372347270671,0.08093723472706717,6.938893903907228e-17
§4.1 data_vs_arch_effect.csv,I/R0,42,0.0917931659999425,0.09179316599994258,8.326672684688674e-17
§4.1 data_vs_arch_effect.csv,I/R0,43,0.0983576569836388,0.09835765698363885,5.551115123125783e-17
§4.1 data_vs_arch_effect.csv,I/R0,44,0.0947495416166785,0.09474954161667855,4.163336342344337e-17
§4.4 trajectory_metrics.csv seedmean,I/R0,seedmean,0.0922914301663273,0.09229143016632736,5.551115123125783e-17
§4.1 data_vs_arch_effect.csv,I/R1,42,0.0813590764057825,0.08135907640578256,6.938893903907228e-17
§4.1 data_vs_arch_effect.csv,I/R1,43,0.0864665141882919,0.08646651418829195,4.163336342344337e-17
§4.1 data_vs_arch_effect.csv,I/R1,44,0.0831412625632658,0.08314126256326583,2.7755575615628914e-17
§4.4 trajectory_metrics.csv seedmean,I/R1,seedmean,0.0801124135484073,0.08011241354840737,6.938893903907228e-17
