seed,group_id,n_high,d_high,cells_high,cmd_amp_max_high,turn_frac_high,cur_speed_mean_high,n_low,d_low,cells_low,cmd_amp_max_low,turn_frac_low,cur_speed_mean_low,d_het
42,G18,24,0.009059795084935474,c201|c222|c324,0.16249999403953552,0.25,0.0,48,0.01182740625298645,c021|c102|c120|c201|c210|c234|c324|c342,0.6500000357627869,0.9375,0.0,0.0027676111680509756
42,G19,21,-0.0005195583761410152,c222|c234,0.09285713732242584,0.14285714285714285,0.0,51,0.006092190108582338,c012|c021|c102|c120|c201|c210|c234|c324|c342,0.6500000357627869,0.9411764705882353,0.0,0.006611748484723353
42,G20,21,0.005156211075235231,c120|c222,0.09285713732242584,0.14285714285714285,0.0,51,0.013383456713574332,c012|c021|c102|c120|c201|c210|c234|c324|c342,0.6500000357627869,0.8823529411764706,0.0,0.008227245638339101
42,G21,24,-0.004522327901016931,c102|c120|c222,0.16249999403953552,0.125,0.0,48,0.00874458439212987,c012|c021|c102|c120|c201|c234|c324|c342,0.6500000357627869,1.0,0.0,0.0132669122931468
42,G22,24,0.008110630175862372,c012|c222,0.16249999403953552,0.0,0.0,48,0.013401690223846935,c012|c021|c102|c120|c201|c210|c234|c324|c342,0.6500000357627869,0.875,0.0,0.005291060047984563
42,G23,21,-0.0038401324254435758,c012|c222,0.09285713732242584,0.0,0.0,51,0.012434887919581115,c021|c102|c120|c201|c210|c234|c324|c342,0.6500000357627869,0.9411764705882353,0.0,0.01627502034502469
43,G18,24,0.009360933403113171,c201|c222|c324,0.16249999403953552,0.25,0.0,48,0.010610277163649056,c021|c102|c120|c201|c210|c234|c324|c342,0.6500000357627869,0.9375,0.0,0.0012493437605358843
43,G19,21,-0.0012149781903470485,c222|c234,0.09285713732242584,0.14285714285714285,0.0,51,0.008388202165413649,c012|c021|c102|c120|c201|c210|c234|c324|c342,0.6500000357627869,0.9411764705882353,0.0,0.009603180355760698
43,G20,21,0.0005457013259462936,c120|c222,0.09285713732242584,0.14285714285714285,0.0,51,0.009476374196173634,c012|c021|c102|c120|c201|c210|c234|c324|c342,0.6500000357627869,0.8823529411764706,0.0,0.00893067287022734
43,G21,24,-0.0034240198381917837,c102|c120|c222,0.16249999403953552,0.125,0.0,48,0.010420769954206674,c012|c021|c102|c120|c201|c234|c324|c342,0.6500000357627869,1.0,0.0,0.013844789792398457
43,G22,24,0.007579401449272435,c012|c222,0.16249999403953552,0.0,0.0,48,0.01550671609269041,c012|c021|c102|c120|c201|c210|c234|c324|c342,0.6500000357627869,0.875,0.0,0.007927314643417975
43,G23,21,-0.002332789274625701,c012|c222,0.09285713732242584,0.0,0.0,51,0.016482944700597968,c021|c102|c120|c201|c210|c234|c324|c342,0.6500000357627869,0.9411764705882353,0.0,0.01881573397522367
44,G18,24,-0.004279594753742619,c201|c222|c324,0.16249999403953552,0.25,0.0,48,0.008805118112860255,c021|c102|c120|c201|c210|c234|c324|c342,0.6500000357627869,0.9375,0.0,0.013084712866602875
44,G19,21,0.0075471940983407775,c222|c234,0.09285713732242584,0.14285714285714285,0.0,51,0.002674934250440662,c012|c021|c102|c120|c201|c210|c234|c324|c342,0.6500000357627869,0.9411764705882353,0.0,-0.004872259847900115
44,G20,21,0.008780217113105502,c120|c222,0.09285713732242584,0.14285714285714285,0.0,51,0.004577853783105631,c012|c021|c102|c120|c201|c210|c234|c324|c342,0.6500000357627869,0.8823529411764706,0.0,-0.004202363329999871
44,G21,24,0.007401027928329309,c102|c120|c222,0.16249999403953552,0.125,0.0,48,0.012182202358338813,c012|c021|c102|c120|c201|c234|c324|c342,0.6500000357627869,1.0,0.0,0.004781174430009504
44,G22,24,-0.006740367241822655,c012|c222,0.16249999403953552,0.0,0.0,48,0.01026472964875263,c012|c021|c102|c120|c201|c210|c234|c324|c342,0.6500000357627869,0.875,0.0,0.017005096890575284
44,G23,21,-0.006342383018545152,c012|c222,0.09285713732242584,0.0,0.0,51,0.009209979147195006,c021|c102|c120|c201|c210|c234|c324|c342,0.6500000357627869,0.9411764705882353,0.0,0.015552362165740158
