cell,seed,aggregation,pred_pooling,FDE_xy_2s_m
D/R0,42,window-equal,per-seed,0.09320130196759556
D/R0,43,window-equal,per-seed,0.0925325649557186
D/R0,44,window-equal,per-seed,0.0899302871884626
D/R0,42,group-equal,per-seed,0.09320130196759557
D/R0,43,group-equal,per-seed,0.0925325649557186
D/R0,44,group-equal,per-seed,0.08993028718846259
D/R0,seedmean,window-equal,mean-of-predictions,0.08975991228822285
D/R0,seedmean,group-equal,mean-of-predictions,0.08975991228822285
D/R1,42,window-equal,per-seed,0.08491784081963197
D/R1,43,window-equal,per-seed,0.08381292518789742
D/R1,44,window-equal,per-seed,0.084229984627322
D/R1,42,group-equal,per-seed,0.08491784081963198
D/R1,43,group-equal,per-seed,0.0838129251878974
D/R1,44,group-equal,per-seed,0.08422998462732197
D/R1,seedmean,window-equal,mean-of-predictions,0.08093723472706717
D/R1,seedmean,group-equal,mean-of-predictions,0.08093723472706718
I/R0,42,window-equal,per-seed,0.09179316599994257
I/R0,43,window-equal,per-seed,0.09835765698363884
I/R0,44,window-equal,per-seed,0.09474954161667855
I/R0,42,group-equal,per-seed,0.09179316599994258
I/R0,43,group-equal,per-seed,0.09835765698363885
I/R0,44,group-equal,per-seed,0.09474954161667855
I/R0,seedmean,window-equal,mean-of-predictions,0.09229143016632736
I/R0,seedmean,group-equal,mean-of-predictions,0.09229143016632739
I/R1,42,window-equal,per-seed,0.08135907640578256
I/R1,43,window-equal,per-seed,0.08646651418829195
I/R1,44,window-equal,per-seed,0.08314126256326583
I/R1,42,group-equal,per-seed,0.08135907640578256
I/R1,43,group-equal,per-seed,0.08646651418829195
I/R1,44,group-equal,per-seed,0.08314126256326583
I/R1,seedmean,window-equal,mean-of-predictions,0.08011241354840737
I/R1,seedmean,group-equal,mean-of-predictions,0.08011241354840737
