run_id,split,level,layout,group_id,err_1s,err_2s
VAUX_s42,test,P0,L4,L4_G00,0.599860953433173,0.6129890808037349
VAUX_s42,test,P0,L4,L4_G01,0.5703792997768947,0.5818287049021039
VAUX_s42,test,P0,L4,L4_G02,0.5984330815928323,0.637052663734981
VAUX_s42,test,P0,L4,L4_G03,0.5844136646815709,0.6008699578898293
VAUX_s42,test,P0,L4,L4_G04,0.5834477927003588,0.5927079575402396
VAUX_s42,test,P0,L4,L4_G05,0.6122267373970577,0.6189662047794887
VAUX_s42,test,P0,L4,L4_G06,0.5798139614718301,0.586626546723502
VAUX_s42,test,P0,L4,L4_G07,0.6043231614998409,0.6096781279359546
VAUX_s42,test,P0,L5,L5_G00,0.5791548916271755,0.5958764553070068
VAUX_s42,test,P0,L5,L5_G01,0.5740533726555961,0.583276663507734
VAUX_s42,test,P0,L5,L5_G02,0.6226135194301605,0.6344990985734122
VAUX_s42,test,P0,L5,L5_G03,0.5930259951523372,0.5960519143513271
VAUX_s42,test,P0,L5,L5_G04,0.5874732988221305,0.6057779363223484
VAUX_s42,test,P0,L5,L5_G05,0.6320530005863735,0.6573980322905949
VAUX_s42,test,P0,L5,L5_G06,0.585178085735866,0.6037277834756034
VAUX_s42,test,P0,L5,L5_G07,0.5706903764179775,0.586902414049421
VAUX_s42,test,P1,L4,L4_G00,0.6194914664540973,0.6368961589676994
VAUX_s42,test,P1,L4,L4_G01,0.6483178905078343,0.7047723616872515
VAUX_s42,test,P1,L4,L4_G02,0.6243066532271249,0.6493131688662938
VAUX_s42,test,P1,L4,L4_G03,0.6140081371579852,0.6352059841156006
VAUX_s42,test,P1,L4,L4_G04,0.6133530565670559,0.6315209184374128
VAUX_s42,test,P1,L4,L4_G05,0.6512242470468793,0.688709591116224
VAUX_s42,test,P1,L4,L4_G06,0.6082725610051837,0.6336306588990348
VAUX_s42,test,P1,L4,L4_G07,0.6196983286312648,0.6448237555367606
VAUX_s42,test,P1,L5,L5_G00,0.6181818417140416,0.6338212149483817
VAUX_s42,test,P1,L5,L5_G01,0.6198376246861049,0.6342098798070636
VAUX_s42,test,P1,L5,L5_G02,0.6587374636105129,0.6604883670806885
VAUX_s42,test,P1,L5,L5_G03,0.6107299753597805,0.6349070072174072
VAUX_s42,test,P1,L5,L5_G04,0.6466624311038426,0.7083420157432556
VAUX_s42,test,P1,L5,L5_G05,0.6308819736753192,0.6562724794660296
VAUX_s42,test,P1,L5,L5_G06,0.590376581464495,0.6105592676571437
VAUX_s42,test,P1,L5,L5_G07,0.618862407548087,0.6361600756645203
VAUX_s42,test,P2,L4,L4_G00,0.6533630575452533,0.6568811024938311
VAUX_s42,test,P2,L4,L4_G01,0.6366643820490155,0.6540910261017936
VAUX_s42,test,P2,L4,L4_G02,0.6419079218591962,0.6618150046893528
VAUX_s42,test,P2,L4,L4_G03,0.6150608573641095,0.6276383144514901
VAUX_s42,test,P2,L4,L4_G04,0.6008747390338353,0.6314008576529366
VAUX_s42,test,P2,L4,L4_G05,0.6758577397891453,0.6819320491382054
VAUX_s42,test,P2,L4,L4_G06,0.6228336777005877,0.6349142278943744
VAUX_s42,test,P2,L4,L4_G07,0.6326051439557757,0.6351124048233032
VAUX_s42,test,P2,L5,L5_G00,0.6146060483796256,0.6261137213025775
VAUX_s42,test,P2,L5,L5_G01,0.60712616784232,0.6443842990057809
VAUX_s42,test,P2,L5,L5_G02,0.6373622758047921,0.6460880722318377
VAUX_s42,test,P2,L5,L5_G03,0.6110933082444328,0.6231610008648464
VAUX_s42,test,P2,L5,L5_G04,0.6486484578677586,0.6493052244186401
VAUX_s42,test,P2,L5,L5_G05,0.6436745183808463,0.6528750232287815
VAUX_s42,test,P2,L5,L5_G06,0.6032490985734122,0.6213244795799255
VAUX_s42,test,P2,L5,L5_G07,0.6326307313782829,0.6505736708641052
VAUX_s42,val,P0,L3,L3_G00,0.5630609669855663,0.5809061399527958
VAUX_s42,val,P0,L3,L3_G01,0.5823842201914106,0.6008562743663788
VAUX_s42,val,P0,L3,L3_G02,0.6228069067001343,0.6493653953075409
VAUX_s42,val,P0,L3,L3_G03,0.6029429393155235,0.6002961056573051
VAUX_s42,val,P0,L3,L3_G04,0.5687988911356244,0.587841489485332
VAUX_s42,val,P0,L3,L3_G05,0.5826241586889539,0.5908708827836173
VAUX_s42,val,P0,L3,L3_G06,0.5720321408339909,0.5848137353147779
VAUX_s42,val,P0,L3,L3_G07,0.5951971369130271,0.6051957649844033
VAUX_s42,val,P1,L3,L3_G00,0.6164134570530483,0.6364084822790963
VAUX_s42,val,P1,L3,L3_G01,0.5686446513448443,0.6084574716431754
VAUX_s42,val,P1,L3,L3_G02,0.6384929674012321,0.6619709134101868
VAUX_s42,val,P1,L3,L3_G03,0.5885717528206962,0.5894275988851275
VAUX_s42,val,P1,L3,L3_G04,0.5984706452914647,0.6323596409388951
VAUX_s42,val,P1,L3,L3_G05,0.6128884128161839,0.6439400059836251
VAUX_s42,val,P1,L3,L3_G06,0.578933698790414,0.6065133043697902
VAUX_s42,val,P1,L3,L3_G07,0.5772722704069955,0.5886065534182957
VAUX_s42,val,P2,L3,L3_G00,0.6103447931153434,0.61397956098829
VAUX_s42,val,P2,L3,L3_G01,0.6146249004772731,0.6198221955980573
VAUX_s42,val,P2,L3,L3_G02,0.6259576082229614,0.643184210572924
VAUX_s42,val,P2,L3,L3_G03,0.6399855954306466,0.6560474123273577
VAUX_s42,val,P2,L3,L3_G04,0.6193598934582302,0.6205044303621564
VAUX_s42,val,P2,L3,L3_G05,0.632746662412371,0.6285409246172223
VAUX_s42,val,P2,L3,L3_G06,0.6127476011003766,0.614062419959477
VAUX_s42,val,P2,L3,L3_G07,0.6078783869743347,0.6218905534063067
VAUX_s43,test,P0,L4,L4_G00,0.6049746360097613,0.6150631138256618
VAUX_s43,test,P0,L4,L4_G01,0.5761040789740426,0.5838143825531006
VAUX_s43,test,P0,L4,L4_G02,0.6062303142888206,0.6500900643212455
VAUX_s43,test,P0,L4,L4_G03,0.5872599525111062,0.6042630246707371
VAUX_s43,test,P0,L4,L4_G04,0.5945298969745636,0.5990087815693447
VAUX_s43,test,P0,L4,L4_G05,0.6121899102415357,0.6216729411057064
VAUX_s43,test,P0,L4,L4_G06,0.570572452885764,0.5809641182422638
VAUX_s43,test,P0,L4,L4_G07,0.5993014105728695,0.6055883084024701
VAUX_s43,test,P0,L5,L5_G00,0.5781082127775464,0.591172707932336
VAUX_s43,test,P0,L5,L5_G01,0.571480142218726,0.5800466792924064
VAUX_s43,test,P0,L5,L5_G02,0.6215946418898446,0.6379427696977343
VAUX_s43,test,P0,L5,L5_G03,0.5931842454842159,0.5990652952875409
VAUX_s43,test,P0,L5,L5_G04,0.579158501965659,0.5954956454890115
VAUX_s43,test,P0,L5,L5_G05,0.6290384743894849,0.6520504823752812
VAUX_s43,test,P0,L5,L5_G06,0.5811212190559932,0.5952715958867755
VAUX_s43,test,P0,L5,L5_G07,0.5714234794889178,0.5848461559840611
VAUX_s43,test,P1,L4,L4_G00,0.6311898486954826,0.6401843343462262
VAUX_s43,test,P1,L4,L4_G01,0.6312297752925328,0.6942482420376369
VAUX_s43,test,P1,L4,L4_G02,0.624569697039468,0.655486421925681
VAUX_s43,test,P1,L4,L4_G03,0.6178666693823678,0.6333654011998858
VAUX_s43,test,P1,L4,L4_G04,0.628051791872297,0.6467578666550773
VAUX_s43,test,P1,L4,L4_G05,0.6543783715793065,0.6946445192609515
VAUX_s43,test,P1,L4,L4_G06,0.6095432043075562,0.6319671273231506
VAUX_s43,test,P1,L4,L4_G07,0.621642896107265,0.6470705015318734
VAUX_s43,test,P1,L5,L5_G00,0.6089194927896772,0.6278266651289803
VAUX_s43,test,P1,L5,L5_G01,0.6150069917951312,0.634782612323761
VAUX_s43,test,P1,L5,L5_G02,0.6471679295812335,0.6574837565422058
VAUX_s43,test,P1,L5,L5_G03,0.6111634799412319,0.6334159459386554
VAUX_s43,test,P1,L5,L5_G04,0.6416350092206683,0.7068862404142108
VAUX_s43,test,P1,L5,L5_G05,0.6099807620048523,0.6456615924835205
VAUX_s43,test,P1,L5,L5_G06,0.5954585075378418,0.6086055210658482
VAUX_s43,test,P1,L5,L5_G07,0.6293653249740601,0.6430933475494385
VAUX_s43,test,P2,L4,L4_G00,0.6537421090262276,0.65598578112466
VAUX_s43,test,P2,L4,L4_G01,0.646069986479623,0.649761268070766
VAUX_s43,test,P2,L4,L4_G02,0.6345519508634295,0.6475742714745658
VAUX_s43,test,P2,L4,L4_G03,0.6176486951964242,0.6198084269251142
VAUX_s43,test,P2,L4,L4_G04,0.6242583053452628,0.6551428266933986
VAUX_s43,test,P2,L4,L4_G05,0.6725203820637294,0.6847258976527623
VAUX_s43,test,P2,L4,L4_G06,0.6250012176377433,0.6488863740648542
VAUX_s43,test,P2,L4,L4_G07,0.6430882726396833,0.6385573659624372
VAUX_s43,test,P2,L5,L5_G00,0.6200561097690037,0.62445638860975
VAUX_s43,test,P2,L5,L5_G01,0.6190112914357867,0.6547019481658936
VAUX_s43,test,P2,L5,L5_G02,0.6463233317647662,0.6450425386428833
VAUX_s43,test,P2,L5,L5_G03,0.6225635068757194,0.6367319311414447
VAUX_s43,test,P2,L5,L5_G04,0.6516746282577515,0.6503301773752485
VAUX_s43,test,P2,L5,L5_G05,0.6572179453713554,0.6580467990466526
VAUX_s43,test,P2,L5,L5_G06,0.6090641958372933,0.61454119852611
VAUX_s43,test,P2,L5,L5_G07,0.6523111292294094,0.6608154944011143
VAUX_s43,val,P0,L3,L3_G00,0.5568639167717525,0.5714703159672874
VAUX_s43,val,P0,L3,L3_G01,0.5794466137886047,0.5938930128301892
VAUX_s43,val,P0,L3,L3_G02,0.6106665560177394,0.6419625239712852
VAUX_s43,val,P0,L3,L3_G03,0.5941831341811589,0.5978049976485116
VAUX_s43,val,P0,L3,L3_G04,0.5865212551185063,0.5946390628814697
VAUX_s43,val,P0,L3,L3_G05,0.5876290500164032,0.5984820595809391
VAUX_s43,val,P0,L3,L3_G06,0.5715812487261636,0.5823494281087603
VAUX_s43,val,P0,L3,L3_G07,0.5826197436877659,0.5928536142621722
VAUX_s43,val,P1,L3,L3_G00,0.6095441409519741,0.6369314874921527
VAUX_s43,val,P1,L3,L3_G01,0.5691266485622951,0.6046183109283447
VAUX_s43,val,P1,L3,L3_G02,0.6376180648803711,0.6608136892318726
VAUX_s43,val,P1,L3,L3_G03,0.5827463780130658,0.5827737876347133
VAUX_s43,val,P1,L3,L3_G04,0.6018144488334656,0.6314779945782253
VAUX_s43,val,P1,L3,L3_G05,0.6119063496589661,0.644689040524619
VAUX_s43,val,P1,L3,L3_G06,0.5780248727117266,0.6039160319737026
VAUX_s43,val,P1,L3,L3_G07,0.5678343602589199,0.5881960136549813
VAUX_s43,val,P2,L3,L3_G00,0.6061440025057111,0.6162835274423871
VAUX_s43,val,P2,L3,L3_G01,0.6170563697814941,0.6296439511435372
VAUX_s43,val,P2,L3,L3_G02,0.6240645561899457,0.6450746485165187
VAUX_s43,val,P2,L3,L3_G03,0.6405358059065682,0.6602740713528225
VAUX_s43,val,P2,L3,L3_G04,0.6282177312033517,0.6340119242668152
VAUX_s43,val,P2,L3,L3_G05,0.6339846253395081,0.6323216472353254
VAUX_s43,val,P2,L3,L3_G06,0.6197846361568996,0.6227798887661525
VAUX_s43,val,P2,L3,L3_G07,0.6103128790855408,0.627685683114188
VAUX_s44,test,P0,L4,L4_G00,0.6064923065049308,0.6117645885263171
VAUX_s44,test,P0,L4,L4_G01,0.5771129812513079,0.5836137405463627
VAUX_s44,test,P0,L4,L4_G02,0.6074077614716121,0.6480468511581421
VAUX_s44,test,P0,L4,L4_G03,0.5828953981399536,0.59795771752085
VAUX_s44,test,P0,L4,L4_G04,0.589478245803288,0.5971236910138812
VAUX_s44,test,P0,L4,L4_G05,0.6150449301515307,0.6154257910592216
VAUX_s44,test,P0,L4,L4_G06,0.5721844945635114,0.5882821593965802
VAUX_s44,test,P0,L4,L4_G07,0.5989834368228912,0.6114228240081242
VAUX_s44,test,P0,L5,L5_G00,0.5724903132234301,0.5892603312219892
VAUX_s44,test,P0,L5,L5_G01,0.5702509028570992,0.5754362685339791
VAUX_s44,test,P0,L5,L5_G02,0.6167487374373845,0.630699234349387
VAUX_s44,test,P0,L5,L5_G03,0.5924537267003741,0.6001391581126622
VAUX_s44,test,P0,L5,L5_G04,0.5864172407558986,0.6008893634591784
VAUX_s44,test,P0,L5,L5_G05,0.6262774765491486,0.6498059289796012
VAUX_s44,test,P0,L5,L5_G06,0.574011470590319,0.5891551545688084
VAUX_s44,test,P0,L5,L5_G07,0.5722555007253375,0.585749911410468
VAUX_s44,test,P1,L4,L4_G00,0.6183519789150783,0.6403506398200989
VAUX_s44,test,P1,L4,L4_G01,0.6463307397706168,0.6959793567657471
VAUX_s44,test,P1,L4,L4_G02,0.6193819982664925,0.6432139618056161
VAUX_s44,test,P1,L4,L4_G03,0.6248776146343776,0.6341745853424072
VAUX_s44,test,P1,L4,L4_G04,0.623400160244533,0.6413534368787494
VAUX_s44,test,P1,L4,L4_G05,0.6554146664483207,0.6772169470787048
VAUX_s44,test,P1,L4,L4_G06,0.6109746864863804,0.6372978942734855
VAUX_s44,test,P1,L4,L4_G07,0.6167786121368408,0.6392890044621059
VAUX_s44,test,P1,L5,L5_G00,0.6151763881955828,0.635427713394165
VAUX_s44,test,P1,L5,L5_G01,0.6083878789629255,0.624863054071154
VAUX_s44,test,P1,L5,L5_G02,0.6595557332038879,0.6603715760367257
VAUX_s44,test,P1,L5,L5_G03,0.6168950029781887,0.6435307008879525
VAUX_s44,test,P1,L5,L5_G04,0.6463832599776131,0.6937319125447955
VAUX_s44,test,P1,L5,L5_G05,0.6286308935710362,0.6482150724955967
VAUX_s44,test,P1,L5,L5_G06,0.593008177621024,0.6132650205067226
VAUX_s44,test,P1,L5,L5_G07,0.618654157434191,0.6334104452814374
VAUX_s44,test,P2,L4,L4_G00,0.6442837800298419,0.6473825999668666
VAUX_s44,test,P2,L4,L4_G01,0.6391134347234454,0.6530340569359916
VAUX_s44,test,P2,L4,L4_G02,0.6353887489863804,0.6618790711675372
VAUX_s44,test,P2,L4,L4_G03,0.6310845528330121,0.6405688013349261
VAUX_s44,test,P2,L4,L4_G04,0.6051523089408875,0.6366882153919765
VAUX_s44,test,P2,L4,L4_G05,0.6739492586680821,0.6834966029439654
VAUX_s44,test,P2,L4,L4_G06,0.6224047882216317,0.6423823918615069
VAUX_s44,test,P2,L4,L4_G07,0.6439194594110761,0.6462550759315491
VAUX_s44,test,P2,L5,L5_G00,0.6052590778895787,0.621617044721331
VAUX_s44,test,P2,L5,L5_G01,0.6201781630516052,0.6518567374774388
VAUX_s44,test,P2,L5,L5_G02,0.6495397346360343,0.6571614486830575
VAUX_s44,test,P2,L5,L5_G03,0.6230172004018512,0.6389871069363185
VAUX_s44,test,P2,L5,L5_G04,0.6401721579687936,0.6500094703265599
VAUX_s44,test,P2,L5,L5_G05,0.6782542552266803,0.6872252907071795
VAUX_s44,test,P2,L5,L5_G06,0.604056077344077,0.6231200439589364
VAUX_s44,test,P2,L5,L5_G07,0.6372627190181187,0.6482380287987846
VAUX_s44,val,P0,L3,L3_G00,0.559393048286438,0.5784853185926165
VAUX_s44,val,P0,L3,L3_G01,0.5881326368876866,0.5962466597557068
VAUX_s44,val,P0,L3,L3_G02,0.606802510363715,0.6372979155608586
VAUX_s44,val,P0,L3,L3_G03,0.593787602015904,0.6017911561897823
VAUX_s44,val,P0,L3,L3_G04,0.579302293913705,0.5920933144433158
VAUX_s44,val,P0,L3,L3_G05,0.5887091287544796,0.5988870646272387
VAUX_s44,val,P0,L3,L3_G06,0.5618507053170886,0.5750941932201385
VAUX_s44,val,P0,L3,L3_G07,0.5851906027112689,0.5980889967509678
VAUX_s44,val,P1,L3,L3_G00,0.6156097309929984,0.6399840371949332
VAUX_s44,val,P1,L3,L3_G01,0.576963450227465,0.6105980277061462
VAUX_s44,val,P1,L3,L3_G02,0.6421746952193124,0.6620819653783526
VAUX_s44,val,P1,L3,L3_G03,0.5928553683417184,0.5894861987658909
VAUX_s44,val,P1,L3,L3_G04,0.6035245997565133,0.643592391695295
VAUX_s44,val,P1,L3,L3_G05,0.6161779420716422,0.6460037401744297
VAUX_s44,val,P1,L3,L3_G06,0.5765424285616193,0.6073946527072361
VAUX_s44,val,P1,L3,L3_G07,0.5771530100277492,0.5874219962528774
VAUX_s44,val,P2,L3,L3_G00,0.6093709128243583,0.6158642002514431
VAUX_s44,val,P2,L3,L3_G01,0.6111771719796317,0.6202441198485238
VAUX_s44,val,P2,L3,L3_G02,0.6281467846461705,0.6403846485274178
VAUX_s44,val,P2,L3,L3_G03,0.6372186200959342,0.6519855601446969
VAUX_s44,val,P2,L3,L3_G04,0.6160728420530047,0.6226894685200283
VAUX_s44,val,P2,L3,L3_G05,0.6250835401671273,0.6215550473758152
VAUX_s44,val,P2,L3,L3_G06,0.6181141478674752,0.6157443267958504
VAUX_s44,val,P2,L3,L3_G07,0.6080882293837411,0.6092194403920855
VDIRECT_s42,test,P0,L4,L4_G00,0.5822409348828452,0.5919670164585114
VDIRECT_s42,test,P0,L4,L4_G01,0.574583751814706,0.5871272597994123
VDIRECT_s42,test,P0,L4,L4_G02,0.5972804810319629,0.6266692067895617
VDIRECT_s42,test,P0,L4,L4_G03,0.5741831362247467,0.5832014083862305
VDIRECT_s42,test,P0,L4,L4_G04,0.5722641093390328,0.5882868766784668
VDIRECT_s42,test,P0,L4,L4_G05,0.6106841564178467,0.6174941914422172
VDIRECT_s42,test,P0,L4,L4_G06,0.5617095955780574,0.5685028859547206
VDIRECT_s42,test,P0,L4,L4_G07,0.5914248781544822,0.6029615444796426
VDIRECT_s42,test,P0,L5,L5_G00,0.5668489933013916,0.5791695713996887
VDIRECT_s42,test,P0,L5,L5_G01,0.559339165687561,0.5782215126923153
VDIRECT_s42,test,P0,L5,L5_G02,0.6183860770293644,0.6257211182798658
VDIRECT_s42,test,P0,L5,L5_G03,0.5700721187250954,0.5806088106972831
VDIRECT_s42,test,P0,L5,L5_G04,0.5743059430803571,0.593390188046864
VDIRECT_s42,test,P0,L5,L5_G05,0.6213353616850716,0.6362971493176052
VDIRECT_s42,test,P0,L5,L5_G06,0.5684812154088702,0.5843655552182879
VDIRECT_s42,test,P0,L5,L5_G07,0.5666692640100207,0.5868922216551644
VDIRECT_s42,test,P1,L4,L4_G00,0.5967989138194493,0.6462157198360988
VDIRECT_s42,test,P1,L4,L4_G01,0.6052656940051487,0.6458878687449864
VDIRECT_s42,test,P1,L4,L4_G02,0.6088951400348118,0.6266049572399685
VDIRECT_s42,test,P1,L4,L4_G03,0.6002839463097709,0.6270228624343872
VDIRECT_s42,test,P1,L4,L4_G04,0.6019174797194344,0.6228074431419373
VDIRECT_s42,test,P1,L4,L4_G05,0.6313750062670026,0.6617144175938198
VDIRECT_s42,test,P1,L4,L4_G06,0.6004983101572309,0.6388636657169887
VDIRECT_s42,test,P1,L4,L4_G07,0.5985075916562762,0.6274956975664411
VDIRECT_s42,test,P1,L5,L5_G00,0.5955383266721453,0.633631978716169
VDIRECT_s42,test,P1,L5,L5_G01,0.5827324986457825,0.6043913108961922
VDIRECT_s42,test,P1,L5,L5_G02,0.6227058597973415,0.6513991015298026
VDIRECT_s42,test,P1,L5,L5_G03,0.5990645970617022,0.6445613248007638
VDIRECT_s42,test,P1,L5,L5_G04,0.5994328856468201,0.6482440403529576
VDIRECT_s42,test,P1,L5,L5_G05,0.6061529687472752,0.6294267007282802
VDIRECT_s42,test,P1,L5,L5_G06,0.5727081554276603,0.6107352886881147
VDIRECT_s42,test,P1,L5,L5_G07,0.597111029284341,0.6178000909941537
VDIRECT_s42,test,P2,L4,L4_G00,0.6190418090139117,0.6134044102260044
VDIRECT_s42,test,P2,L4,L4_G01,0.5973434788840157,0.6110977445329938
VDIRECT_s42,test,P2,L4,L4_G02,0.5968979511942182,0.6216226305280413
VDIRECT_s42,test,P2,L4,L4_G03,0.5982106157711574,0.5973244309425354
VDIRECT_s42,test,P2,L4,L4_G04,0.5815613269805908,0.592112558228629
VDIRECT_s42,test,P2,L4,L4_G05,0.6552120106560844,0.6620723179408482
VDIRECT_s42,test,P2,L4,L4_G06,0.594489940575191,0.5967174512999398
VDIRECT_s42,test,P2,L4,L4_G07,0.6181670597621373,0.6145390357289996
VDIRECT_s42,test,P2,L5,L5_G00,0.6061596359525409,0.606529244354793
VDIRECT_s42,test,P2,L5,L5_G01,0.5877562080110822,0.602374289716993
VDIRECT_s42,test,P2,L5,L5_G02,0.6132932305335999,0.6245907545089722
VDIRECT_s42,test,P2,L5,L5_G03,0.5894896473203387,0.5906898890222821
VDIRECT_s42,test,P2,L5,L5_G04,0.6288041557584491,0.6186734523091998
VDIRECT_s42,test,P2,L5,L5_G05,0.6230666552271161,0.6330553378377642
VDIRECT_s42,test,P2,L5,L5_G06,0.5803201113428388,0.5897728885923114
VDIRECT_s42,test,P2,L5,L5_G07,0.5977850726672581,0.6018884352275303
VDIRECT_s42,val,P0,L3,L3_G00,0.5596990968499865,0.5811328164168766
VDIRECT_s42,val,P0,L3,L3_G01,0.5711437932082585,0.5818309911659786
VDIRECT_s42,val,P0,L3,L3_G02,0.5868558500494275,0.6171632366521018
VDIRECT_s42,val,P0,L3,L3_G03,0.5883442972387586,0.5877167795385633
VDIRECT_s42,val,P0,L3,L3_G04,0.5653717943600246,0.582298219203949
VDIRECT_s42,val,P0,L3,L3_G05,0.584850583757673,0.5948448819773537
VDIRECT_s42,val,P0,L3,L3_G06,0.5399386159011296,0.560328734772546
VDIRECT_s42,val,P0,L3,L3_G07,0.5879167403493609,0.5917685627937317
VDIRECT_s42,val,P1,L3,L3_G00,0.6058493852615356,0.6433441383498055
VDIRECT_s42,val,P1,L3,L3_G01,0.5578761611665998,0.5876186830656869
VDIRECT_s42,val,P1,L3,L3_G02,0.612506125654493,0.6366979479789734
VDIRECT_s42,val,P1,L3,L3_G03,0.5874793955257961,0.576216961656298
VDIRECT_s42,val,P1,L3,L3_G04,0.5951597349984306,0.6373522111347744
VDIRECT_s42,val,P1,L3,L3_G05,0.5942914826529366,0.6194481083324977
VDIRECT_s42,val,P1,L3,L3_G06,0.575912858758654,0.6240756341389248
VDIRECT_s42,val,P1,L3,L3_G07,0.5633091245378766,0.5837696705545697
VDIRECT_s42,val,P2,L3,L3_G00,0.5926891565322876,0.5850063051496234
VDIRECT_s42,val,P2,L3,L3_G01,0.5844144395419529,0.5888533592224121
VDIRECT_s42,val,P2,L3,L3_G02,0.6084187967436654,0.6190630112375531
VDIRECT_s42,val,P2,L3,L3_G03,0.6121263418878827,0.6177534971918378
VDIRECT_s42,val,P2,L3,L3_G04,0.5871003014700753,0.593543997832707
VDIRECT_s42,val,P2,L3,L3_G05,0.6127793533461434,0.6118469919477191
VDIRECT_s42,val,P2,L3,L3_G06,0.5923881615911212,0.5867675542831421
VDIRECT_s42,val,P2,L3,L3_G07,0.5856873137610299,0.5945954663412911
VDIRECT_s43,test,P0,L4,L4_G00,0.5875476385865893,0.594163430588586
VDIRECT_s43,test,P0,L4,L4_G01,0.5695611791951316,0.585398439850126
VDIRECT_s43,test,P0,L4,L4_G02,0.5944654984133584,0.6226483626025063
VDIRECT_s43,test,P0,L4,L4_G03,0.566805865083422,0.581546813249588
VDIRECT_s43,test,P0,L4,L4_G04,0.5686417732919965,0.5811557046004704
VDIRECT_s43,test,P0,L4,L4_G05,0.6052137357848031,0.6152836382389069
VDIRECT_s43,test,P0,L4,L4_G06,0.5680734770638602,0.5705455158438001
VDIRECT_s43,test,P0,L4,L4_G07,0.5821502719606672,0.5953027052538735
VDIRECT_s43,test,P0,L5,L5_G00,0.5691014954021999,0.5848917663097382
VDIRECT_s43,test,P0,L5,L5_G01,0.553058888231005,0.5685860514640808
VDIRECT_s43,test,P0,L5,L5_G02,0.6167483925819397,0.6272869876452855
VDIRECT_s43,test,P0,L5,L5_G03,0.5690855256148747,0.5779335158211845
VDIRECT_s43,test,P0,L5,L5_G04,0.5701655915805272,0.5899216660431453
VDIRECT_s43,test,P0,L5,L5_G05,0.617422525371824,0.6350626647472382
VDIRECT_s43,test,P0,L5,L5_G06,0.568845876625606,0.5842960264001574
VDIRECT_s43,test,P0,L5,L5_G07,0.5729620626994542,0.5880209675856999
VDIRECT_s43,test,P1,L4,L4_G00,0.595327513558524,0.6364632248878479
VDIRECT_s43,test,P1,L4,L4_G01,0.6027766295841762,0.6285002742494855
VDIRECT_s43,test,P1,L4,L4_G02,0.6045194949422564,0.6248816507203239
VDIRECT_s43,test,P1,L4,L4_G03,0.5984578047479902,0.6163935831614903
VDIRECT_s43,test,P1,L4,L4_G04,0.6159484130995614,0.6301112771034241
VDIRECT_s43,test,P1,L4,L4_G05,0.623450483594622,0.6572277631078448
VDIRECT_s43,test,P1,L4,L4_G06,0.5957698396274022,0.6337899310248238
VDIRECT_s43,test,P1,L4,L4_G07,0.5932458553995404,0.6129588740212577
VDIRECT_s43,test,P1,L5,L5_G00,0.5912706170763288,0.6167162571634565
VDIRECT_s43,test,P1,L5,L5_G01,0.5902092371668134,0.605638861656189
VDIRECT_s43,test,P1,L5,L5_G02,0.6120196666036334,0.6381213068962097
VDIRECT_s43,test,P1,L5,L5_G03,0.5890081950596401,0.6322331343378339
VDIRECT_s43,test,P1,L5,L5_G04,0.5954059958457947,0.6301128608839852
VDIRECT_s43,test,P1,L5,L5_G05,0.6051512701170785,0.6284541998590741
VDIRECT_s43,test,P1,L5,L5_G06,0.5709973488535199,0.5990132689476013
VDIRECT_s43,test,P1,L5,L5_G07,0.6079954845564706,0.6238136887550354
VDIRECT_s43,test,P2,L4,L4_G00,0.6170856867517743,0.6158719488552639
VDIRECT_s43,test,P2,L4,L4_G01,0.5976011497633797,0.6086146746362958
VDIRECT_s43,test,P2,L4,L4_G02,0.5992194839886257,0.6227918096951076
VDIRECT_s43,test,P2,L4,L4_G03,0.5944430232048035,0.5998443279947553
VDIRECT_s43,test,P2,L4,L4_G04,0.5824296133858817,0.594495381627764
VDIRECT_s43,test,P2,L4,L4_G05,0.6468146187918526,0.6607294252940586
VDIRECT_s43,test,P2,L4,L4_G06,0.5949651343481881,0.5987024307250977
VDIRECT_s43,test,P2,L4,L4_G07,0.6131992936134338,0.6087396230016436
VDIRECT_s43,test,P2,L5,L5_G00,0.6058735847473145,0.6088076319013324
VDIRECT_s43,test,P2,L5,L5_G01,0.5849095582962036,0.5986420001302447
VDIRECT_s43,test,P2,L5,L5_G02,0.6148706163678851,0.6225873572485787
VDIRECT_s43,test,P2,L5,L5_G03,0.5866873690060207,0.5918534568377903
VDIRECT_s43,test,P2,L5,L5_G04,0.6169777171952384,0.6109833036150251
VDIRECT_s43,test,P2,L5,L5_G05,0.6269236292157855,0.6372497507504055
VDIRECT_s43,test,P2,L5,L5_G06,0.5798366325242179,0.5887390630585807
VDIRECT_s43,test,P2,L5,L5_G07,0.5948109967367989,0.6033490215029035
VDIRECT_s43,val,P0,L3,L3_G00,0.562587810414178,0.5863197531018939
VDIRECT_s43,val,P0,L3,L3_G01,0.5725448940481458,0.5787217446735927
VDIRECT_s43,val,P0,L3,L3_G02,0.5917307904788426,0.6200010648795536
VDIRECT_s43,val,P0,L3,L3_G03,0.5904658990246909,0.5909667142799923
VDIRECT_s43,val,P0,L3,L3_G04,0.566086253949574,0.585072432245527
VDIRECT_s43,val,P0,L3,L3_G05,0.5896443852356502,0.5977051130362919
VDIRECT_s43,val,P0,L3,L3_G06,0.5410752211298261,0.5589162537029811
VDIRECT_s43,val,P0,L3,L3_G07,0.5838198704378945,0.5882234913962228
VDIRECT_s43,val,P1,L3,L3_G00,0.609101380620684,0.6285478387560163
VDIRECT_s43,val,P1,L3,L3_G01,0.5674258555684771,0.5939112220491681
VDIRECT_s43,val,P1,L3,L3_G02,0.6161836726324899,0.6453885350908551
VDIRECT_s43,val,P1,L3,L3_G03,0.5779671669006348,0.5677883795329502
VDIRECT_s43,val,P1,L3,L3_G04,0.5909767576626369,0.6308521968977792
VDIRECT_s43,val,P1,L3,L3_G05,0.5965396421296256,0.6141502942357745
VDIRECT_s43,val,P1,L3,L3_G06,0.5750197172164917,0.606998154095241
VDIRECT_s43,val,P1,L3,L3_G07,0.5662009290286473,0.578991779259273
VDIRECT_s43,val,P2,L3,L3_G00,0.5955149020467486,0.5888363122940063
VDIRECT_s43,val,P2,L3,L3_G01,0.588398950440543,0.5892263395445687
VDIRECT_s43,val,P2,L3,L3_G02,0.6021216256277901,0.6153959461620876
VDIRECT_s43,val,P2,L3,L3_G03,0.6192370568002973,0.6227008019174848
VDIRECT_s43,val,P2,L3,L3_G04,0.5908980369567871,0.5964379225458417
VDIRECT_s43,val,P2,L3,L3_G05,0.6103495955467224,0.6120050804955619
VDIRECT_s43,val,P2,L3,L3_G06,0.5954073582376752,0.5880419952528817
VDIRECT_s43,val,P2,L3,L3_G07,0.5888673152242389,0.596276308809008
VDIRECT_s44,test,P0,L4,L4_G00,0.5812204693044934,0.5901079944201878
VDIRECT_s44,test,P0,L4,L4_G01,0.5688217537743705,0.5867508351802826
VDIRECT_s44,test,P0,L4,L4_G02,0.5902642565114158,0.6248415453093392
VDIRECT_s44,test,P0,L4,L4_G03,0.5697255006858281,0.5839321315288544
VDIRECT_s44,test,P0,L4,L4_G04,0.5647076283182416,0.5819926645074572
VDIRECT_s44,test,P0,L4,L4_G05,0.6124684257166726,0.621751491512571
VDIRECT_s44,test,P0,L4,L4_G06,0.564491616828101,0.5716550477913448
VDIRECT_s44,test,P0,L4,L4_G07,0.5835367611476353,0.5972296510423932
VDIRECT_s44,test,P0,L5,L5_G00,0.5687299030167716,0.584531558411462
VDIRECT_s44,test,P0,L5,L5_G01,0.5569104765142713,0.5755954044205802
VDIRECT_s44,test,P0,L5,L5_G02,0.612134052174432,0.6208757417542594
VDIRECT_s44,test,P0,L5,L5_G03,0.5639170748846871,0.5726074533803123
VDIRECT_s44,test,P0,L5,L5_G04,0.5702333578041622,0.593577619109835
VDIRECT_s44,test,P0,L5,L5_G05,0.6150353848934174,0.6366990464074271
VDIRECT_s44,test,P0,L5,L5_G06,0.5717543065547943,0.5845036804676056
VDIRECT_s44,test,P0,L5,L5_G07,0.5686587861606053,0.5851586248193469
VDIRECT_s44,test,P1,L4,L4_G00,0.6016074674470084,0.6531504818371364
VDIRECT_s44,test,P1,L4,L4_G01,0.6119303277560643,0.6428280472755432
VDIRECT_s44,test,P1,L4,L4_G02,0.6020211918013436,0.6286834393228803
VDIRECT_s44,test,P1,L4,L4_G03,0.5936676434108189,0.6195112041064671
VDIRECT_s44,test,P1,L4,L4_G04,0.6088968345097133,0.6461325372968402
VDIRECT_s44,test,P1,L4,L4_G05,0.6214600716318402,0.6529698286737714
VDIRECT_s44,test,P1,L4,L4_G06,0.6018452729497638,0.6420110889843532
VDIRECT_s44,test,P1,L4,L4_G07,0.6047474571636745,0.6284080147743225
VDIRECT_s44,test,P1,L5,L5_G00,0.5900177104132516,0.6254884856087821
VDIRECT_s44,test,P1,L5,L5_G01,0.585443207195827,0.6163741520472935
VDIRECT_s44,test,P1,L5,L5_G02,0.6119101984160287,0.636978532586779
VDIRECT_s44,test,P1,L5,L5_G03,0.5874117527689252,0.6371355312211173
VDIRECT_s44,test,P1,L5,L5_G04,0.6032523001943316,0.6439293537821088
VDIRECT_s44,test,P1,L5,L5_G05,0.6088761176381793,0.6368229644639152
VDIRECT_s44,test,P1,L5,L5_G06,0.5728319372449603,0.6001023735318866
VDIRECT_s44,test,P1,L5,L5_G07,0.5963043740817479,0.6270170978137425
VDIRECT_s44,test,P2,L4,L4_G00,0.6154382143701825,0.6160289645195007
VDIRECT_s44,test,P2,L4,L4_G01,0.6032463908195496,0.6143769792148045
VDIRECT_s44,test,P2,L4,L4_G02,0.5985616615840367,0.6194631372179303
VDIRECT_s44,test,P2,L4,L4_G03,0.5958029798098973,0.6022017257554191
VDIRECT_s44,test,P2,L4,L4_G04,0.5695374608039856,0.5865263002259391
VDIRECT_s44,test,P2,L4,L4_G05,0.6476367541721889,0.6601039000919887
VDIRECT_s44,test,P2,L4,L4_G06,0.5880886571747916,0.5960372516087123
VDIRECT_s44,test,P2,L4,L4_G07,0.6085499695369175,0.6088735972132001
VDIRECT_s44,test,P2,L5,L5_G00,0.6014846307890755,0.6014460836138044
VDIRECT_s44,test,P2,L5,L5_G01,0.5822203925677708,0.5957587446485247
VDIRECT_s44,test,P2,L5,L5_G02,0.6151725138936724,0.624808771269662
VDIRECT_s44,test,P2,L5,L5_G03,0.5847693511417934,0.590969843523843
VDIRECT_s44,test,P2,L5,L5_G04,0.6243891375405448,0.6140450494629996
VDIRECT_s44,test,P2,L5,L5_G05,0.6220333576202393,0.6348404203142438
VDIRECT_s44,test,P2,L5,L5_G06,0.578697647367205,0.5901393890380859
VDIRECT_s44,test,P2,L5,L5_G07,0.5923892344747271,0.6002291185515267
VDIRECT_s44,val,P0,L3,L3_G00,0.5597971337182182,0.5844191568238395
VDIRECT_s44,val,P0,L3,L3_G01,0.572073199919292,0.5800565608910152
VDIRECT_s44,val,P0,L3,L3_G02,0.5920667605740684,0.6208560722214835
VDIRECT_s44,val,P0,L3,L3_G03,0.5879772092614856,0.58758516396795
VDIRECT_s44,val,P0,L3,L3_G04,0.5630404097693307,0.5839827614171165
VDIRECT_s44,val,P0,L3,L3_G05,0.5833654446261269,0.5959049889019558
VDIRECT_s44,val,P0,L3,L3_G06,0.5403454090867724,0.5603500817503247
VDIRECT_s44,val,P0,L3,L3_G07,0.5820082426071167,0.589054456778935
VDIRECT_s44,val,P1,L3,L3_G00,0.6053215861320496,0.641044054712568
VDIRECT_s44,val,P1,L3,L3_G01,0.5636182342256818,0.6034160426684788
VDIRECT_s44,val,P1,L3,L3_G02,0.6143160888126918,0.6464430178914752
VDIRECT_s44,val,P1,L3,L3_G03,0.5758818643433707,0.5659968512398856
VDIRECT_s44,val,P1,L3,L3_G04,0.5876274279185704,0.6248083370072501
VDIRECT_s44,val,P1,L3,L3_G05,0.5942865524973188,0.6198970930916923
VDIRECT_s44,val,P1,L3,L3_G06,0.5742356351443699,0.6118665507861546
VDIRECT_s44,val,P1,L3,L3_G07,0.566479504108429,0.5963011043412345
VDIRECT_s44,val,P2,L3,L3_G00,0.590985289641789,0.5857030068125043
VDIRECT_s44,val,P2,L3,L3_G01,0.5823888012341091,0.5876068387712751
VDIRECT_s44,val,P2,L3,L3_G02,0.6010002834456307,0.6126676542418343
VDIRECT_s44,val,P2,L3,L3_G03,0.6062191299029759,0.6131765416690281
VDIRECT_s44,val,P2,L3,L3_G04,0.580130968775068,0.589179881981441
VDIRECT_s44,val,P2,L3,L3_G05,0.6076241731643677,0.6082710708890643
VDIRECT_s44,val,P2,L3,L3_G06,0.5926588518278939,0.5832291330610003
VDIRECT_s44,val,P2,L3,L3_G07,0.5835336787360055,0.592372613293784
VEXEC_s42,test,P0,L4,L4_G00,0.6106324791908264,0.6116566232272557
VEXEC_s42,test,P0,L4,L4_G01,0.5725595610482352,0.5814863698823112
VEXEC_s42,test,P0,L4,L4_G02,0.6025766687733787,0.636446761233466
VEXEC_s42,test,P0,L4,L4_G03,0.5747986946787152,0.5913576100553785
VEXEC_s42,test,P0,L4,L4_G04,0.5792222150734493,0.5874098922525134
VEXEC_s42,test,P0,L4,L4_G05,0.6125876903533936,0.6206979283264705
VEXEC_s42,test,P0,L4,L4_G06,0.5785341518265861,0.5879159016268594
VEXEC_s42,test,P0,L4,L4_G07,0.596928345305579,0.6031443221228463
VEXEC_s42,test,P0,L5,L5_G00,0.5815126981054034,0.5982571457113538
VEXEC_s42,test,P0,L5,L5_G01,0.5679189349923816,0.5751399738448006
VEXEC_s42,test,P0,L5,L5_G02,0.6173429914883205,0.634741587298257
VEXEC_s42,test,P0,L5,L5_G03,0.5904695561953953,0.5935291392462594
VEXEC_s42,test,P0,L5,L5_G04,0.584696080003466,0.602513964687075
VEXEC_s42,test,P0,L5,L5_G05,0.6321149255548205,0.6498465495450156
VEXEC_s42,test,P0,L5,L5_G06,0.5861175017697471,0.5964492005961282
VEXEC_s42,test,P0,L5,L5_G07,0.5647290519305638,0.5824423815522876
VEXEC_s42,test,P1,L4,L4_G00,0.6081025174685887,0.629386808191027
VEXEC_s42,test,P1,L4,L4_G01,0.6323554345539638,0.6828276089259556
VEXEC_s42,test,P1,L4,L4_G02,0.6213024003165108,0.6476280689239502
VEXEC_s42,test,P1,L4,L4_G03,0.6086405345371791,0.6277173587254116
VEXEC_s42,test,P1,L4,L4_G04,0.6182815432548523,0.6302883539881025
VEXEC_s42,test,P1,L4,L4_G05,0.6443215182849339,0.6726862107004438
VEXEC_s42,test,P1,L4,L4_G06,0.5999596885272435,0.631902141230447
VEXEC_s42,test,P1,L4,L4_G07,0.6150111726352147,0.6354719315256391
VEXEC_s42,test,P1,L5,L5_G00,0.6087668027196612,0.6304724216461182
VEXEC_s42,test,P1,L5,L5_G01,0.609532858644213,0.6281524641173226
VEXEC_s42,test,P1,L5,L5_G02,0.6477470142500741,0.6616941520145961
VEXEC_s42,test,P1,L5,L5_G03,0.6036316667284284,0.633272009236472
VEXEC_s42,test,P1,L5,L5_G04,0.6369026132992336,0.6877479297774178
VEXEC_s42,test,P1,L5,L5_G05,0.6226761596543449,0.6485860688345773
VEXEC_s42,test,P1,L5,L5_G06,0.587223368031638,0.6089872462408883
VEXEC_s42,test,P1,L5,L5_G07,0.6151702574321202,0.6281978232519967
VEXEC_s42,test,P2,L4,L4_G00,0.6479475157601493,0.6509112886020115
VEXEC_s42,test,P2,L4,L4_G01,0.6335568257740566,0.650180424962725
VEXEC_s42,test,P2,L4,L4_G02,0.637213374887194,0.6531381777354649
VEXEC_s42,test,P2,L4,L4_G03,0.6239425454820905,0.6300847445215497
VEXEC_s42,test,P2,L4,L4_G04,0.5962914739336286,0.6254444122314453
VEXEC_s42,test,P2,L4,L4_G05,0.6693952339036124,0.6841693775994437
VEXEC_s42,test,P2,L4,L4_G06,0.6171790957450867,0.6293041961533683
VEXEC_s42,test,P2,L4,L4_G07,0.6431355902126857,0.6492333241871425
VEXEC_s42,test,P2,L5,L5_G00,0.6147712979997907,0.6267566766057696
VEXEC_s42,test,P2,L5,L5_G01,0.6061787605285645,0.6364635740007673
VEXEC_s42,test,P2,L5,L5_G02,0.6457987172263009,0.6479525310652596
VEXEC_s42,test,P2,L5,L5_G03,0.6183409605707441,0.6236202035631452
VEXEC_s42,test,P2,L5,L5_G04,0.6446381722177777,0.6554371629442487
VEXEC_s42,test,P2,L5,L5_G05,0.6473317572048732,0.6559494818959918
VEXEC_s42,test,P2,L5,L5_G06,0.6129638297217233,0.6160153576305935
VEXEC_s42,test,P2,L5,L5_G07,0.6298018864222935,0.6432029349463326
VEXEC_s42,val,P0,L3,L3_G00,0.5611763426235744,0.5758211697850909
VEXEC_s42,val,P0,L3,L3_G01,0.5840708911418915,0.6001334062644413
VEXEC_s42,val,P0,L3,L3_G02,0.6061280412333352,0.6412372120789119
VEXEC_s42,val,P0,L3,L3_G03,0.6052106661455972,0.6017042866774968
VEXEC_s42,val,P0,L3,L3_G04,0.5769628158637455,0.5916316849844796
VEXEC_s42,val,P0,L3,L3_G05,0.5823110682623727,0.5843103953770229
VEXEC_s42,val,P0,L3,L3_G06,0.5620473921298981,0.5747947692871094
VEXEC_s42,val,P0,L3,L3_G07,0.5920726614339011,0.5976325145789555
VEXEC_s42,val,P1,L3,L3_G00,0.6140468290873936,0.6338234884398324
VEXEC_s42,val,P1,L3,L3_G01,0.5651103683880397,0.6020731415067401
VEXEC_s42,val,P1,L3,L3_G02,0.6331259693418231,0.6539880888802665
VEXEC_s42,val,P1,L3,L3_G03,0.5917610951832363,0.5854783398764474
VEXEC_s42,val,P1,L3,L3_G04,0.5922668916838509,0.6331921986171177
VEXEC_s42,val,P1,L3,L3_G05,0.6043858272688729,0.6296922138759068
VEXEC_s42,val,P1,L3,L3_G06,0.5775034938539777,0.6091587798936027
VEXEC_s42,val,P1,L3,L3_G07,0.577523580619267,0.5880358985492161
VEXEC_s42,val,P2,L3,L3_G00,0.6073245235851833,0.6113721558025905
VEXEC_s42,val,P2,L3,L3_G01,0.6117528251239231,0.6183185662542071
VEXEC_s42,val,P2,L3,L3_G02,0.6171788147517613,0.6294572353363037
VEXEC_s42,val,P2,L3,L3_G03,0.6381452339036124,0.655849005494799
VEXEC_s42,val,P2,L3,L3_G04,0.6062696320669991,0.6122947931289673
VEXEC_s42,val,P2,L3,L3_G05,0.6362675854137966,0.6287951810019357
VEXEC_s42,val,P2,L3,L3_G06,0.6112497959818158,0.6109867862292698
VEXEC_s42,val,P2,L3,L3_G07,0.6025963340486798,0.6124199713979449
VEXEC_s43,test,P0,L4,L4_G00,0.6066049763134548,0.6135291457176208
VEXEC_s43,test,P0,L4,L4_G01,0.5734563853059497,0.5825696332114083
VEXEC_s43,test,P0,L4,L4_G02,0.6051004443849836,0.6439296560628074
VEXEC_s43,test,P0,L4,L4_G03,0.5881891974381038,0.6011090789522443
VEXEC_s43,test,P0,L4,L4_G04,0.5888912677764893,0.6013177718435015
VEXEC_s43,test,P0,L4,L4_G05,0.6089906139033181,0.6150023596627372
VEXEC_s43,test,P0,L4,L4_G06,0.5694318796907153,0.5832473891122001
VEXEC_s43,test,P0,L4,L4_G07,0.5970210773604256,0.6082274743488857
VEXEC_s43,test,P0,L5,L5_G00,0.5758888423442841,0.5908458743776593
VEXEC_s43,test,P0,L5,L5_G01,0.5616844637053353,0.5749230767999377
VEXEC_s43,test,P0,L5,L5_G02,0.6252504672322955,0.6393265894481114
VEXEC_s43,test,P0,L5,L5_G03,0.5854854966912951,0.5974772955690112
VEXEC_s43,test,P0,L5,L5_G04,0.580182671546936,0.5989806950092316
VEXEC_s43,test,P0,L5,L5_G05,0.6265240481921605,0.6521626540592739
VEXEC_s43,test,P0,L5,L5_G06,0.5730630329677037,0.5857122625623431
VEXEC_s43,test,P0,L5,L5_G07,0.5697880940777915,0.5936671325138637
VEXEC_s43,test,P1,L4,L4_G00,0.6252247180257525,0.6546846457890102
VEXEC_s43,test,P1,L4,L4_G01,0.6388528432164874,0.7065954804420471
VEXEC_s43,test,P1,L4,L4_G02,0.612823520387922,0.6467704262052264
VEXEC_s43,test,P1,L4,L4_G03,0.6126227123396737,0.6260337829589844
VEXEC_s43,test,P1,L4,L4_G04,0.619727543422154,0.6451239671025958
VEXEC_s43,test,P1,L4,L4_G05,0.6596338323184422,0.7005665302276611
VEXEC_s43,test,P1,L4,L4_G06,0.610799925667899,0.645178062575204
VEXEC_s43,test,P1,L4,L4_G07,0.6159837756838117,0.6541670731135777
VEXEC_s43,test,P1,L5,L5_G00,0.6161708065441677,0.6311427099364144
VEXEC_s43,test,P1,L5,L5_G01,0.615823473249163,0.6440903118678502
VEXEC_s43,test,P1,L5,L5_G02,0.6497283918516976,0.6735996603965759
VEXEC_s43,test,P1,L5,L5_G03,0.6148665717669896,0.6502655914851597
VEXEC_s43,test,P1,L5,L5_G04,0.6425917233739581,0.7190330113683429
VEXEC_s43,test,P1,L5,L5_G05,0.6235933388982501,0.6502337115151542
VEXEC_s43,test,P1,L5,L5_G06,0.595488258770534,0.6063474672181266
VEXEC_s43,test,P1,L5,L5_G07,0.6238676565034049,0.6454678518431527
VEXEC_s43,test,P2,L4,L4_G00,0.637726502759116,0.6476607748440334
VEXEC_s43,test,P2,L4,L4_G01,0.6368685194424221,0.6510544078690665
VEXEC_s43,test,P2,L4,L4_G02,0.6361897758075169,0.6504658120019096
VEXEC_s43,test,P2,L4,L4_G03,0.6156807626996722,0.6306805184909275
VEXEC_s43,test,P2,L4,L4_G04,0.6131429587091718,0.6442976508821759
VEXEC_s43,test,P2,L4,L4_G05,0.6657964587211609,0.6840788722038269
VEXEC_s43,test,P2,L4,L4_G06,0.623614924294608,0.6457324538912091
VEXEC_s43,test,P2,L4,L4_G07,0.6341906785964966,0.6446647814341954
VEXEC_s43,test,P2,L5,L5_G00,0.6059167214802333,0.6176007900919233
VEXEC_s43,test,P2,L5,L5_G01,0.616639392716544,0.6421461531094143
VEXEC_s43,test,P2,L5,L5_G02,0.6388736878122602,0.6448817082813808
VEXEC_s43,test,P2,L5,L5_G03,0.6141373259680611,0.6331594160624913
VEXEC_s43,test,P2,L5,L5_G04,0.6385098695755005,0.6447464142526899
VEXEC_s43,test,P2,L5,L5_G05,0.6440027270998273,0.6531262397766113
VEXEC_s43,test,P2,L5,L5_G06,0.6119592530386788,0.6182006256920951
VEXEC_s43,test,P2,L5,L5_G07,0.6368593318121774,0.6459911721093314
VEXEC_s43,val,P0,L3,L3_G00,0.5604770268712725,0.574668960911887
VEXEC_s43,val,P0,L3,L3_G01,0.583073330777032,0.5960237170968737
VEXEC_s43,val,P0,L3,L3_G02,0.6074694905962262,0.6350324877670833
VEXEC_s43,val,P0,L3,L3_G03,0.5990427349294934,0.6033510225159782
VEXEC_s43,val,P0,L3,L3_G04,0.5764449536800385,0.5921119408948081
VEXEC_s43,val,P0,L3,L3_G05,0.5890389893736158,0.5986879425389426
VEXEC_s43,val,P0,L3,L3_G06,0.5664017966815403,0.5755649294172015
VEXEC_s43,val,P0,L3,L3_G07,0.5901533237525395,0.5990112211023059
VEXEC_s43,val,P1,L3,L3_G00,0.6204933268683297,0.6448337435722351
VEXEC_s43,val,P1,L3,L3_G01,0.5700197475297111,0.6091651235307965
VEXEC_s43,val,P1,L3,L3_G02,0.6324119482721601,0.6536083391734532
VEXEC_s43,val,P1,L3,L3_G03,0.5831668376922607,0.580574265548161
VEXEC_s43,val,P1,L3,L3_G04,0.6064848474093846,0.6477662239755902
VEXEC_s43,val,P1,L3,L3_G05,0.6086813126291547,0.6419235893658229
VEXEC_s43,val,P1,L3,L3_G06,0.5825608032090324,0.6151452745710101
VEXEC_s43,val,P1,L3,L3_G07,0.5722680517605373,0.5901584369795663
VEXEC_s43,val,P2,L3,L3_G00,0.6123859797205243,0.6138560686792646
VEXEC_s43,val,P2,L3,L3_G01,0.6085951243128095,0.6204111320631844
VEXEC_s43,val,P2,L3,L3_G02,0.619702764919826,0.637305498123169
VEXEC_s43,val,P2,L3,L3_G03,0.6388215678078788,0.6516369921820504
VEXEC_s43,val,P2,L3,L3_G04,0.6169286966323853,0.6181027208055768
VEXEC_s43,val,P2,L3,L3_G05,0.636902221611568,0.6250161102839878
VEXEC_s43,val,P2,L3,L3_G06,0.6109189561435154,0.610559914793287
VEXEC_s43,val,P2,L3,L3_G07,0.6123019882610866,0.62314920766013
VEXEC_s44,test,P0,L4,L4_G00,0.606801552431924,0.6123753786087036
VEXEC_s44,test,P0,L4,L4_G01,0.574652795280729,0.5865538460867745
VEXEC_s44,test,P0,L4,L4_G02,0.6126066829477038,0.6466949284076691
VEXEC_s44,test,P0,L4,L4_G03,0.5825101350034986,0.5972627145903451
VEXEC_s44,test,P0,L4,L4_G04,0.5835328485284533,0.5879560964448112
VEXEC_s44,test,P0,L4,L4_G05,0.6113075954573495,0.6182362394673484
VEXEC_s44,test,P0,L4,L4_G06,0.5695256803716932,0.5860768343721118
VEXEC_s44,test,P0,L4,L4_G07,0.6042524533612388,0.6135242411068508
VEXEC_s44,test,P0,L5,L5_G00,0.5735963370118823,0.590560542685645
VEXEC_s44,test,P0,L5,L5_G01,0.5672718499388013,0.5754599102905819
VEXEC_s44,test,P0,L5,L5_G02,0.6116255308900561,0.6309217214584351
VEXEC_s44,test,P0,L5,L5_G03,0.5935873431818826,0.6001405588218144
VEXEC_s44,test,P0,L5,L5_G04,0.5803189022200448,0.6046623630183083
VEXEC_s44,test,P0,L5,L5_G05,0.6255605816841125,0.6479135751724243
VEXEC_s44,test,P0,L5,L5_G06,0.577268932546888,0.5890553551060813
VEXEC_s44,test,P0,L5,L5_G07,0.578037189585822,0.5913474644933429
VEXEC_s44,test,P1,L4,L4_G00,0.6206162231309074,0.6399064234324864
VEXEC_s44,test,P1,L4,L4_G01,0.6512914555413383,0.6930194837706429
VEXEC_s44,test,P1,L4,L4_G02,0.622291794845036,0.6450986691883632
VEXEC_s44,test,P1,L4,L4_G03,0.6196838191577366,0.6386763964380536
VEXEC_s44,test,P1,L4,L4_G04,0.6093122703688485,0.6320769105638776
VEXEC_s44,test,P1,L4,L4_G05,0.6519061412130084,0.6747778568949018
VEXEC_s44,test,P1,L4,L4_G06,0.6054812754903521,0.6397601195744106
VEXEC_s44,test,P1,L4,L4_G07,0.6210727606500898,0.6457679356847491
VEXEC_s44,test,P1,L5,L5_G00,0.6074063096727643,0.6299211127417428
VEXEC_s44,test,P1,L5,L5_G01,0.6017669183867318,0.6245801874569484
VEXEC_s44,test,P1,L5,L5_G02,0.6489471878324237,0.6587613991328648
VEXEC_s44,test,P1,L5,L5_G03,0.6099099091121128,0.6448075260434832
VEXEC_s44,test,P1,L5,L5_G04,0.6521877561296735,0.6951111895697457
VEXEC_s44,test,P1,L5,L5_G05,0.6347898926053729,0.6475247825895037
VEXEC_s44,test,P1,L5,L5_G06,0.5909015536308289,0.6103300281933376
VEXEC_s44,test,P1,L5,L5_G07,0.606990030833653,0.6255208339009967
VEXEC_s44,test,P2,L4,L4_G00,0.6373188495635986,0.6385112489972796
VEXEC_s44,test,P2,L4,L4_G01,0.6326957600457328,0.6459048049790519
VEXEC_s44,test,P2,L4,L4_G02,0.6294027056012835,0.6442001121384757
VEXEC_s44,test,P2,L4,L4_G03,0.6209525125367301,0.6278973817825317
VEXEC_s44,test,P2,L4,L4_G04,0.6001427173614502,0.6175944634846279
VEXEC_s44,test,P2,L4,L4_G05,0.6750933442796979,0.6890378594398499
VEXEC_s44,test,P2,L4,L4_G06,0.6041060175214495,0.6291725380080087
VEXEC_s44,test,P2,L4,L4_G07,0.6402242183685303,0.6447390573365348
VEXEC_s44,test,P2,L5,L5_G00,0.6080135958535331,0.6223252926553998
VEXEC_s44,test,P2,L5,L5_G01,0.5999986529350281,0.6238171543393817
VEXEC_s44,test,P2,L5,L5_G02,0.6585851992879596,0.6618563192231315
VEXEC_s44,test,P2,L5,L5_G03,0.6065158588545663,0.6241494928087506
VEXEC_s44,test,P2,L5,L5_G04,0.6448780638831002,0.6478672538484845
VEXEC_s44,test,P2,L5,L5_G05,0.6574015532221112,0.6614639588764736
VEXEC_s44,test,P2,L5,L5_G06,0.5988983937672206,0.61439962046487
VEXEC_s44,test,P2,L5,L5_G07,0.6262255651610238,0.6365481444767543
VEXEC_s44,val,P0,L3,L3_G00,0.5650673891816821,0.5862246070589338
VEXEC_s44,val,P0,L3,L3_G01,0.5855616756847927,0.594306583915438
VEXEC_s44,val,P0,L3,L3_G02,0.6080734772341592,0.6316777340003422
VEXEC_s44,val,P0,L3,L3_G03,0.5952585467270443,0.6027985726084027
VEXEC_s44,val,P0,L3,L3_G04,0.5743409437792641,0.5910933188029698
VEXEC_s44,val,P0,L3,L3_G05,0.5844194718769619,0.5946131859506879
VEXEC_s44,val,P0,L3,L3_G06,0.558822478566851,0.5708059455667224
VEXEC_s44,val,P0,L3,L3_G07,0.5883629832948957,0.5927441545895168
VEXEC_s44,val,P1,L3,L3_G00,0.6102706619671413,0.6331849523953029
VEXEC_s44,val,P1,L3,L3_G01,0.5671994686126709,0.6054564969880241
VEXEC_s44,val,P1,L3,L3_G02,0.6366937841687884,0.6553985561643328
VEXEC_s44,val,P1,L3,L3_G03,0.5894544635500226,0.5857682057789394
VEXEC_s44,val,P1,L3,L3_G04,0.6054902928216117,0.6477121455328805
VEXEC_s44,val,P1,L3,L3_G05,0.6191457680293492,0.6462458968162537
VEXEC_s44,val,P1,L3,L3_G06,0.5762456996100289,0.6068842836788723
VEXEC_s44,val,P1,L3,L3_G07,0.5780908039637974,0.5891292606081281
VEXEC_s44,val,P2,L3,L3_G00,0.6063540322440011,0.610708338873727
VEXEC_s44,val,P2,L3,L3_G01,0.6188320006643023,0.6171720027923584
VEXEC_s44,val,P2,L3,L3_G02,0.6368772302355085,0.6477367792810712
VEXEC_s44,val,P2,L3,L3_G03,0.6356386627469744,0.6444680861064366
VEXEC_s44,val,P2,L3,L3_G04,0.6218379650797162,0.6176989163671222
VEXEC_s44,val,P2,L3,L3_G05,0.6401400651250567,0.6269487312861851
VEXEC_s44,val,P2,L3,L3_G06,0.612957877772195,0.6107053075517926
VEXEC_s44,val,P2,L3,L3_G07,0.6067074452127729,0.6177135705947876
