episode_id,anchor_group_id,layout,split,branch,role,level,appearance_id,reset_seed,condition,termination_reason,duration_s,n_rgb_frames,steps_50hz,timing_template,plan_hash,v07_source_group,v07_source_script,file
L0_G00_b0,L0_G00,L0,train,0,U0,R1,0,9000,nominal,schedule_end,13.6,227,680,T0,526ae127225e1232e9cd280bf7ba79416c15b8d38f02b98c1461c243426ccf1f,G00,sc06,/media/hdd1/yuhang/datasets/execution_wm/v0_8_pilot/train/L0_G00/b0/L0_G00_b0.npz
L0_G00_b1,L0_G00,L0,train,1,U1,R1,0,9000,nominal,schedule_end,13.6,227,680,T1,526ae127225e1232e9cd280bf7ba79416c15b8d38f02b98c1461c243426ccf1f,G00,sc07,/media/hdd1/yuhang/datasets/execution_wm/v0_8_pilot/train/L0_G00/b1/L0_G00_b1.npz
L0_G00_b2,L0_G00,L0,train,2,U2,R1,0,9000,nominal,schedule_end,13.6,227,680,T2,526ae127225e1232e9cd280bf7ba79416c15b8d38f02b98c1461c243426ccf1f,G00,sc08,/media/hdd1/yuhang/datasets/execution_wm/v0_8_pilot/train/L0_G00/b2/L0_G00_b2.npz
L0_G00_b3,L0_G00,L0,train,3,U0_repeat,R1,0,9000,nominal,schedule_end,13.6,227,680,T0,526ae127225e1232e9cd280bf7ba79416c15b8d38f02b98c1461c243426ccf1f,G00,sc06,/media/hdd1/yuhang/datasets/execution_wm/v0_8_pilot/train/L0_G00/b3/L0_G00_b3.npz
L0_G01_b0,L0_G01,L0,train,0,U0,R1,3,9037,mid,schedule_end,13.6,227,680,T0,526ae127225e1232e9cd280bf7ba79416c15b8d38f02b98c1461c243426ccf1f,G01,sc06,/media/hdd1/yuhang/datasets/execution_wm/v0_8_pilot/train/L0_G01/b0/L0_G01_b0.npz
L0_G01_b1,L0_G01,L0,train,1,U1,R1,3,9037,mid,schedule_end,13.6,227,680,T1,526ae127225e1232e9cd280bf7ba79416c15b8d38f02b98c1461c243426ccf1f,G01,sc07,/media/hdd1/yuhang/datasets/execution_wm/v0_8_pilot/train/L0_G01/b1/L0_G01_b1.npz
L0_G01_b2,L0_G01,L0,train,2,U2,R1,3,9037,mid,schedule_end,13.6,227,680,T2,526ae127225e1232e9cd280bf7ba79416c15b8d38f02b98c1461c243426ccf1f,G01,sc08,/media/hdd1/yuhang/datasets/execution_wm/v0_8_pilot/train/L0_G01/b2/L0_G01_b2.npz
L0_G01_b3,L0_G01,L0,train,3,U0_repeat,R1,3,9037,mid,schedule_end,13.6,227,680,T0,526ae127225e1232e9cd280bf7ba79416c15b8d38f02b98c1461c243426ccf1f,G01,sc06,/media/hdd1/yuhang/datasets/execution_wm/v0_8_pilot/train/L0_G01/b3/L0_G01_b3.npz
L0_G02_b0,L0_G02,L0,train,0,U0,R1,6,9074,low,schedule_end,13.6,227,680,T0,526ae127225e1232e9cd280bf7ba79416c15b8d38f02b98c1461c243426ccf1f,G02,sc06,/media/hdd1/yuhang/datasets/execution_wm/v0_8_pilot/train/L0_G02/b0/L0_G02_b0.npz
L0_G02_b1,L0_G02,L0,train,1,U1,R1,6,9074,low,schedule_end,13.6,227,680,T1,526ae127225e1232e9cd280bf7ba79416c15b8d38f02b98c1461c243426ccf1f,G02,sc07,/media/hdd1/yuhang/datasets/execution_wm/v0_8_pilot/train/L0_G02/b1/L0_G02_b1.npz
L0_G02_b2,L0_G02,L0,train,2,U2,R1,6,9074,low,schedule_end,13.6,227,680,T2,526ae127225e1232e9cd280bf7ba79416c15b8d38f02b98c1461c243426ccf1f,G02,sc08,/media/hdd1/yuhang/datasets/execution_wm/v0_8_pilot/train/L0_G02/b2/L0_G02_b2.npz
L0_G02_b3,L0_G02,L0,train,3,U0_repeat,R1,6,9074,low,schedule_end,13.6,227,680,T0,526ae127225e1232e9cd280bf7ba79416c15b8d38f02b98c1461c243426ccf1f,G02,sc06,/media/hdd1/yuhang/datasets/execution_wm/v0_8_pilot/train/L0_G02/b3/L0_G02_b3.npz
L0_G03_b0,L0_G03,L0,train,0,U0,R1,1,9111,nominal,schedule_end,13.6,227,680,T0,526ae127225e1232e9cd280bf7ba79416c15b8d38f02b98c1461c243426ccf1f,G03,sc06,/media/hdd1/yuhang/datasets/execution_wm/v0_8_pilot/train/L0_G03/b0/L0_G03_b0.npz
L0_G03_b1,L0_G03,L0,train,1,U1,R1,1,9111,nominal,schedule_end,13.6,227,680,T1,526ae127225e1232e9cd280bf7ba79416c15b8d38f02b98c1461c243426ccf1f,G03,sc07,/media/hdd1/yuhang/datasets/execution_wm/v0_8_pilot/train/L0_G03/b1/L0_G03_b1.npz
L0_G03_b2,L0_G03,L0,train,2,U2,R1,1,9111,nominal,schedule_end,13.6,227,680,T2,526ae127225e1232e9cd280bf7ba79416c15b8d38f02b98c1461c243426ccf1f,G03,sc08,/media/hdd1/yuhang/datasets/execution_wm/v0_8_pilot/train/L0_G03/b2/L0_G03_b2.npz
L0_G03_b3,L0_G03,L0,train,3,U0_repeat,R1,1,9111,nominal,schedule_end,13.6,227,680,T0,526ae127225e1232e9cd280bf7ba79416c15b8d38f02b98c1461c243426ccf1f,G03,sc06,/media/hdd1/yuhang/datasets/execution_wm/v0_8_pilot/train/L0_G03/b3/L0_G03_b3.npz
L0_G04_b0,L0_G04,L0,train,0,U0,R1,4,9148,mid,schedule_end,13.6,227,680,T0,526ae127225e1232e9cd280bf7ba79416c15b8d38f02b98c1461c243426ccf1f,G04,sc06,/media/hdd1/yuhang/datasets/execution_wm/v0_8_pilot/train/L0_G04/b0/L0_G04_b0.npz
L0_G04_b1,L0_G04,L0,train,1,U1,R1,4,9148,mid,schedule_end,13.6,227,680,T1,526ae127225e1232e9cd280bf7ba79416c15b8d38f02b98c1461c243426ccf1f,G04,sc07,/media/hdd1/yuhang/datasets/execution_wm/v0_8_pilot/train/L0_G04/b1/L0_G04_b1.npz
L0_G04_b2,L0_G04,L0,train,2,U2,R1,4,9148,mid,schedule_end,13.6,227,680,T2,526ae127225e1232e9cd280bf7ba79416c15b8d38f02b98c1461c243426ccf1f,G04,sc08,/media/hdd1/yuhang/datasets/execution_wm/v0_8_pilot/train/L0_G04/b2/L0_G04_b2.npz
L0_G04_b3,L0_G04,L0,train,3,U0_repeat,R1,4,9148,mid,schedule_end,13.6,227,680,T0,526ae127225e1232e9cd280bf7ba79416c15b8d38f02b98c1461c243426ccf1f,G04,sc06,/media/hdd1/yuhang/datasets/execution_wm/v0_8_pilot/train/L0_G04/b3/L0_G04_b3.npz
L0_G05_b0,L0_G05,L0,train,0,U0,R1,7,9185,low,schedule_end,13.6,227,680,T0,526ae127225e1232e9cd280bf7ba79416c15b8d38f02b98c1461c243426ccf1f,G05,sc06,/media/hdd1/yuhang/datasets/execution_wm/v0_8_pilot/train/L0_G05/b0/L0_G05_b0.npz
L0_G05_b1,L0_G05,L0,train,1,U1,R1,7,9185,low,schedule_end,13.6,227,680,T1,526ae127225e1232e9cd280bf7ba79416c15b8d38f02b98c1461c243426ccf1f,G05,sc07,/media/hdd1/yuhang/datasets/execution_wm/v0_8_pilot/train/L0_G05/b1/L0_G05_b1.npz
L0_G05_b2,L0_G05,L0,train,2,U2,R1,7,9185,low,schedule_end,13.6,227,680,T2,526ae127225e1232e9cd280bf7ba79416c15b8d38f02b98c1461c243426ccf1f,G05,sc08,/media/hdd1/yuhang/datasets/execution_wm/v0_8_pilot/train/L0_G05/b2/L0_G05_b2.npz
L0_G05_b3,L0_G05,L0,train,3,U0_repeat,R1,7,9185,low,schedule_end,13.6,227,680,T0,526ae127225e1232e9cd280bf7ba79416c15b8d38f02b98c1461c243426ccf1f,G05,sc06,/media/hdd1/yuhang/datasets/execution_wm/v0_8_pilot/train/L0_G05/b3/L0_G05_b3.npz
L0_G06_b0,L0_G06,L0,train,0,U0,R1,2,9222,nominal,schedule_end,13.6,227,680,T0,526ae127225e1232e9cd280bf7ba79416c15b8d38f02b98c1461c243426ccf1f,G06,sc06,/media/hdd1/yuhang/datasets/execution_wm/v0_8_pilot/train/L0_G06/b0/L0_G06_b0.npz
L0_G06_b1,L0_G06,L0,train,1,U1,R1,2,9222,nominal,schedule_end,13.6,227,680,T1,526ae127225e1232e9cd280bf7ba79416c15b8d38f02b98c1461c243426ccf1f,G06,sc07,/media/hdd1/yuhang/datasets/execution_wm/v0_8_pilot/train/L0_G06/b1/L0_G06_b1.npz
L0_G06_b2,L0_G06,L0,train,2,U2,R1,2,9222,nominal,schedule_end,13.6,227,680,T2,526ae127225e1232e9cd280bf7ba79416c15b8d38f02b98c1461c243426ccf1f,G06,sc08,/media/hdd1/yuhang/datasets/execution_wm/v0_8_pilot/train/L0_G06/b2/L0_G06_b2.npz
L0_G06_b3,L0_G06,L0,train,3,U0_repeat,R1,2,9222,nominal,schedule_end,13.6,227,680,T0,526ae127225e1232e9cd280bf7ba79416c15b8d38f02b98c1461c243426ccf1f,G06,sc06,/media/hdd1/yuhang/datasets/execution_wm/v0_8_pilot/train/L0_G06/b3/L0_G06_b3.npz
L0_G07_b0,L0_G07,L0,train,0,U0,R1,5,9259,mid,schedule_end,13.6,227,680,T0,526ae127225e1232e9cd280bf7ba79416c15b8d38f02b98c1461c243426ccf1f,G07,sc06,/media/hdd1/yuhang/datasets/execution_wm/v0_8_pilot/train/L0_G07/b0/L0_G07_b0.npz
L0_G07_b1,L0_G07,L0,train,1,U1,R1,5,9259,mid,schedule_end,13.6,227,680,T1,526ae127225e1232e9cd280bf7ba79416c15b8d38f02b98c1461c243426ccf1f,G07,sc07,/media/hdd1/yuhang/datasets/execution_wm/v0_8_pilot/train/L0_G07/b1/L0_G07_b1.npz
L0_G07_b2,L0_G07,L0,train,2,U2,R1,5,9259,mid,schedule_end,13.6,227,680,T2,526ae127225e1232e9cd280bf7ba79416c15b8d38f02b98c1461c243426ccf1f,G07,sc08,/media/hdd1/yuhang/datasets/execution_wm/v0_8_pilot/train/L0_G07/b2/L0_G07_b2.npz
L0_G07_b3,L0_G07,L0,train,3,U0_repeat,R1,5,9259,mid,schedule_end,13.6,227,680,T0,526ae127225e1232e9cd280bf7ba79416c15b8d38f02b98c1461c243426ccf1f,G07,sc06,/media/hdd1/yuhang/datasets/execution_wm/v0_8_pilot/train/L0_G07/b3/L0_G07_b3.npz
L1_G00_b0,L1_G00,L1,train,0,U0,R1,1,9296,nominal,schedule_end,13.6,227,680,T0,526ae127225e1232e9cd280bf7ba79416c15b8d38f02b98c1461c243426ccf1f,G08,sc06,/media/hdd1/yuhang/datasets/execution_wm/v0_8_pilot/train/L1_G00/b0/L1_G00_b0.npz
L1_G00_b1,L1_G00,L1,train,1,U1,R1,1,9296,nominal,schedule_end,13.6,227,680,T1,526ae127225e1232e9cd280bf7ba79416c15b8d38f02b98c1461c243426ccf1f,G08,sc07,/media/hdd1/yuhang/datasets/execution_wm/v0_8_pilot/train/L1_G00/b1/L1_G00_b1.npz
L1_G00_b2,L1_G00,L1,train,2,U2,R1,1,9296,nominal,schedule_end,13.6,227,680,T2,526ae127225e1232e9cd280bf7ba79416c15b8d38f02b98c1461c243426ccf1f,G08,sc08,/media/hdd1/yuhang/datasets/execution_wm/v0_8_pilot/train/L1_G00/b2/L1_G00_b2.npz
L1_G00_b3,L1_G00,L1,train,3,U0_repeat,R1,1,9296,nominal,schedule_end,13.6,227,680,T0,526ae127225e1232e9cd280bf7ba79416c15b8d38f02b98c1461c243426ccf1f,G08,sc06,/media/hdd1/yuhang/datasets/execution_wm/v0_8_pilot/train/L1_G00/b3/L1_G00_b3.npz
L1_G01_b0,L1_G01,L1,train,0,U0,R1,4,9333,mid,schedule_end,13.6,227,680,T0,526ae127225e1232e9cd280bf7ba79416c15b8d38f02b98c1461c243426ccf1f,G09,sc06,/media/hdd1/yuhang/datasets/execution_wm/v0_8_pilot/train/L1_G01/b0/L1_G01_b0.npz
L1_G01_b1,L1_G01,L1,train,1,U1,R1,4,9333,mid,schedule_end,13.6,227,680,T1,526ae127225e1232e9cd280bf7ba79416c15b8d38f02b98c1461c243426ccf1f,G09,sc07,/media/hdd1/yuhang/datasets/execution_wm/v0_8_pilot/train/L1_G01/b1/L1_G01_b1.npz
L1_G01_b2,L1_G01,L1,train,2,U2,R1,4,9333,mid,schedule_end,13.6,227,680,T2,526ae127225e1232e9cd280bf7ba79416c15b8d38f02b98c1461c243426ccf1f,G09,sc08,/media/hdd1/yuhang/datasets/execution_wm/v0_8_pilot/train/L1_G01/b2/L1_G01_b2.npz
L1_G01_b3,L1_G01,L1,train,3,U0_repeat,R1,4,9333,mid,schedule_end,13.6,227,680,T0,526ae127225e1232e9cd280bf7ba79416c15b8d38f02b98c1461c243426ccf1f,G09,sc06,/media/hdd1/yuhang/datasets/execution_wm/v0_8_pilot/train/L1_G01/b3/L1_G01_b3.npz
L1_G02_b0,L1_G02,L1,train,0,U0,R1,7,9370,low,schedule_end,13.6,227,680,T0,526ae127225e1232e9cd280bf7ba79416c15b8d38f02b98c1461c243426ccf1f,G10,sc06,/media/hdd1/yuhang/datasets/execution_wm/v0_8_pilot/train/L1_G02/b0/L1_G02_b0.npz
L1_G02_b1,L1_G02,L1,train,1,U1,R1,7,9370,low,schedule_end,13.6,227,680,T1,526ae127225e1232e9cd280bf7ba79416c15b8d38f02b98c1461c243426ccf1f,G10,sc07,/media/hdd1/yuhang/datasets/execution_wm/v0_8_pilot/train/L1_G02/b1/L1_G02_b1.npz
L1_G02_b2,L1_G02,L1,train,2,U2,R1,7,9370,low,schedule_end,13.6,227,680,T2,526ae127225e1232e9cd280bf7ba79416c15b8d38f02b98c1461c243426ccf1f,G10,sc08,/media/hdd1/yuhang/datasets/execution_wm/v0_8_pilot/train/L1_G02/b2/L1_G02_b2.npz
L1_G02_b3,L1_G02,L1,train,3,U0_repeat,R1,7,9370,low,schedule_end,13.6,227,680,T0,526ae127225e1232e9cd280bf7ba79416c15b8d38f02b98c1461c243426ccf1f,G10,sc06,/media/hdd1/yuhang/datasets/execution_wm/v0_8_pilot/train/L1_G02/b3/L1_G02_b3.npz
L1_G03_b0,L1_G03,L1,train,0,U0,R1,2,9407,nominal,schedule_end,13.6,227,680,T0,526ae127225e1232e9cd280bf7ba79416c15b8d38f02b98c1461c243426ccf1f,G11,sc06,/media/hdd1/yuhang/datasets/execution_wm/v0_8_pilot/train/L1_G03/b0/L1_G03_b0.npz
L1_G03_b1,L1_G03,L1,train,1,U1,R1,2,9407,nominal,schedule_end,13.6,227,680,T1,526ae127225e1232e9cd280bf7ba79416c15b8d38f02b98c1461c243426ccf1f,G11,sc07,/media/hdd1/yuhang/datasets/execution_wm/v0_8_pilot/train/L1_G03/b1/L1_G03_b1.npz
L1_G03_b2,L1_G03,L1,train,2,U2,R1,2,9407,nominal,schedule_end,13.6,227,680,T2,526ae127225e1232e9cd280bf7ba79416c15b8d38f02b98c1461c243426ccf1f,G11,sc08,/media/hdd1/yuhang/datasets/execution_wm/v0_8_pilot/train/L1_G03/b2/L1_G03_b2.npz
L1_G03_b3,L1_G03,L1,train,3,U0_repeat,R1,2,9407,nominal,schedule_end,13.6,227,680,T0,526ae127225e1232e9cd280bf7ba79416c15b8d38f02b98c1461c243426ccf1f,G11,sc06,/media/hdd1/yuhang/datasets/execution_wm/v0_8_pilot/train/L1_G03/b3/L1_G03_b3.npz
L1_G04_b0,L1_G04,L1,train,0,U0,R1,5,9444,mid,schedule_end,13.6,227,680,T0,526ae127225e1232e9cd280bf7ba79416c15b8d38f02b98c1461c243426ccf1f,G00,sc06,/media/hdd1/yuhang/datasets/execution_wm/v0_8_pilot/train/L1_G04/b0/L1_G04_b0.npz
L1_G04_b1,L1_G04,L1,train,1,U1,R1,5,9444,mid,schedule_end,13.6,227,680,T1,526ae127225e1232e9cd280bf7ba79416c15b8d38f02b98c1461c243426ccf1f,G00,sc07,/media/hdd1/yuhang/datasets/execution_wm/v0_8_pilot/train/L1_G04/b1/L1_G04_b1.npz
L1_G04_b2,L1_G04,L1,train,2,U2,R1,5,9444,mid,schedule_end,13.6,227,680,T2,526ae127225e1232e9cd280bf7ba79416c15b8d38f02b98c1461c243426ccf1f,G00,sc08,/media/hdd1/yuhang/datasets/execution_wm/v0_8_pilot/train/L1_G04/b2/L1_G04_b2.npz
L1_G04_b3,L1_G04,L1,train,3,U0_repeat,R1,5,9444,mid,schedule_end,13.6,227,680,T0,526ae127225e1232e9cd280bf7ba79416c15b8d38f02b98c1461c243426ccf1f,G00,sc06,/media/hdd1/yuhang/datasets/execution_wm/v0_8_pilot/train/L1_G04/b3/L1_G04_b3.npz
L1_G05_b0,L1_G05,L1,train,0,U0,R1,0,9481,low,schedule_end,13.6,227,680,T0,526ae127225e1232e9cd280bf7ba79416c15b8d38f02b98c1461c243426ccf1f,G01,sc06,/media/hdd1/yuhang/datasets/execution_wm/v0_8_pilot/train/L1_G05/b0/L1_G05_b0.npz
L1_G05_b1,L1_G05,L1,train,1,U1,R1,0,9481,low,schedule_end,13.6,227,680,T1,526ae127225e1232e9cd280bf7ba79416c15b8d38f02b98c1461c243426ccf1f,G01,sc07,/media/hdd1/yuhang/datasets/execution_wm/v0_8_pilot/train/L1_G05/b1/L1_G05_b1.npz
L1_G05_b2,L1_G05,L1,train,2,U2,R1,0,9481,low,schedule_end,13.6,227,680,T2,526ae127225e1232e9cd280bf7ba79416c15b8d38f02b98c1461c243426ccf1f,G01,sc08,/media/hdd1/yuhang/datasets/execution_wm/v0_8_pilot/train/L1_G05/b2/L1_G05_b2.npz
L1_G05_b3,L1_G05,L1,train,3,U0_repeat,R1,0,9481,low,schedule_end,13.6,227,680,T0,526ae127225e1232e9cd280bf7ba79416c15b8d38f02b98c1461c243426ccf1f,G01,sc06,/media/hdd1/yuhang/datasets/execution_wm/v0_8_pilot/train/L1_G05/b3/L1_G05_b3.npz
L1_G06_b0,L1_G06,L1,train,0,U0,R1,3,9518,nominal,schedule_end,13.6,227,680,T0,526ae127225e1232e9cd280bf7ba79416c15b8d38f02b98c1461c243426ccf1f,G02,sc06,/media/hdd1/yuhang/datasets/execution_wm/v0_8_pilot/train/L1_G06/b0/L1_G06_b0.npz
L1_G06_b1,L1_G06,L1,train,1,U1,R1,3,9518,nominal,schedule_end,13.6,227,680,T1,526ae127225e1232e9cd280bf7ba79416c15b8d38f02b98c1461c243426ccf1f,G02,sc07,/media/hdd1/yuhang/datasets/execution_wm/v0_8_pilot/train/L1_G06/b1/L1_G06_b1.npz
L1_G06_b2,L1_G06,L1,train,2,U2,R1,3,9518,nominal,schedule_end,13.6,227,680,T2,526ae127225e1232e9cd280bf7ba79416c15b8d38f02b98c1461c243426ccf1f,G02,sc08,/media/hdd1/yuhang/datasets/execution_wm/v0_8_pilot/train/L1_G06/b2/L1_G06_b2.npz
L1_G06_b3,L1_G06,L1,train,3,U0_repeat,R1,3,9518,nominal,schedule_end,13.6,227,680,T0,526ae127225e1232e9cd280bf7ba79416c15b8d38f02b98c1461c243426ccf1f,G02,sc06,/media/hdd1/yuhang/datasets/execution_wm/v0_8_pilot/train/L1_G06/b3/L1_G06_b3.npz
L1_G07_b0,L1_G07,L1,train,0,U0,R1,6,9555,mid,schedule_end,13.6,227,680,T0,526ae127225e1232e9cd280bf7ba79416c15b8d38f02b98c1461c243426ccf1f,G03,sc06,/media/hdd1/yuhang/datasets/execution_wm/v0_8_pilot/train/L1_G07/b0/L1_G07_b0.npz
L1_G07_b1,L1_G07,L1,train,1,U1,R1,6,9555,mid,schedule_end,13.6,227,680,T1,526ae127225e1232e9cd280bf7ba79416c15b8d38f02b98c1461c243426ccf1f,G03,sc07,/media/hdd1/yuhang/datasets/execution_wm/v0_8_pilot/train/L1_G07/b1/L1_G07_b1.npz
L1_G07_b2,L1_G07,L1,train,2,U2,R1,6,9555,mid,schedule_end,13.6,227,680,T2,526ae127225e1232e9cd280bf7ba79416c15b8d38f02b98c1461c243426ccf1f,G03,sc08,/media/hdd1/yuhang/datasets/execution_wm/v0_8_pilot/train/L1_G07/b2/L1_G07_b2.npz
L1_G07_b3,L1_G07,L1,train,3,U0_repeat,R1,6,9555,mid,schedule_end,13.6,227,680,T0,526ae127225e1232e9cd280bf7ba79416c15b8d38f02b98c1461c243426ccf1f,G03,sc06,/media/hdd1/yuhang/datasets/execution_wm/v0_8_pilot/train/L1_G07/b3/L1_G07_b3.npz
L2_G00_b0,L2_G00,L2,train,0,U0,R1,2,9592,nominal,schedule_end,13.6,227,680,T0,526ae127225e1232e9cd280bf7ba79416c15b8d38f02b98c1461c243426ccf1f,G04,sc06,/media/hdd1/yuhang/datasets/execution_wm/v0_8_pilot/train/L2_G00/b0/L2_G00_b0.npz
L2_G00_b1,L2_G00,L2,train,1,U1,R1,2,9592,nominal,schedule_end,13.6,227,680,T1,526ae127225e1232e9cd280bf7ba79416c15b8d38f02b98c1461c243426ccf1f,G04,sc07,/media/hdd1/yuhang/datasets/execution_wm/v0_8_pilot/train/L2_G00/b1/L2_G00_b1.npz
L2_G00_b2,L2_G00,L2,train,2,U2,R1,2,9592,nominal,schedule_end,13.6,227,680,T2,526ae127225e1232e9cd280bf7ba79416c15b8d38f02b98c1461c243426ccf1f,G04,sc08,/media/hdd1/yuhang/datasets/execution_wm/v0_8_pilot/train/L2_G00/b2/L2_G00_b2.npz
L2_G00_b3,L2_G00,L2,train,3,U0_repeat,R1,2,9592,nominal,schedule_end,13.6,227,680,T0,526ae127225e1232e9cd280bf7ba79416c15b8d38f02b98c1461c243426ccf1f,G04,sc06,/media/hdd1/yuhang/datasets/execution_wm/v0_8_pilot/train/L2_G00/b3/L2_G00_b3.npz
L2_G01_b0,L2_G01,L2,train,0,U0,R1,5,9629,mid,schedule_end,13.6,227,680,T0,526ae127225e1232e9cd280bf7ba79416c15b8d38f02b98c1461c243426ccf1f,G05,sc06,/media/hdd1/yuhang/datasets/execution_wm/v0_8_pilot/train/L2_G01/b0/L2_G01_b0.npz
L2_G01_b1,L2_G01,L2,train,1,U1,R1,5,9629,mid,schedule_end,13.6,227,680,T1,526ae127225e1232e9cd280bf7ba79416c15b8d38f02b98c1461c243426ccf1f,G05,sc07,/media/hdd1/yuhang/datasets/execution_wm/v0_8_pilot/train/L2_G01/b1/L2_G01_b1.npz
L2_G01_b2,L2_G01,L2,train,2,U2,R1,5,9629,mid,schedule_end,13.6,227,680,T2,526ae127225e1232e9cd280bf7ba79416c15b8d38f02b98c1461c243426ccf1f,G05,sc08,/media/hdd1/yuhang/datasets/execution_wm/v0_8_pilot/train/L2_G01/b2/L2_G01_b2.npz
L2_G01_b3,L2_G01,L2,train,3,U0_repeat,R1,5,9629,mid,schedule_end,13.6,227,680,T0,526ae127225e1232e9cd280bf7ba79416c15b8d38f02b98c1461c243426ccf1f,G05,sc06,/media/hdd1/yuhang/datasets/execution_wm/v0_8_pilot/train/L2_G01/b3/L2_G01_b3.npz
L2_G02_b0,L2_G02,L2,train,0,U0,R1,0,9666,low,schedule_end,13.6,227,680,T0,526ae127225e1232e9cd280bf7ba79416c15b8d38f02b98c1461c243426ccf1f,G06,sc06,/media/hdd1/yuhang/datasets/execution_wm/v0_8_pilot/train/L2_G02/b0/L2_G02_b0.npz
L2_G02_b1,L2_G02,L2,train,1,U1,R1,0,9666,low,schedule_end,13.6,227,680,T1,526ae127225e1232e9cd280bf7ba79416c15b8d38f02b98c1461c243426ccf1f,G06,sc07,/media/hdd1/yuhang/datasets/execution_wm/v0_8_pilot/train/L2_G02/b1/L2_G02_b1.npz
L2_G02_b2,L2_G02,L2,train,2,U2,R1,0,9666,low,schedule_end,13.6,227,680,T2,526ae127225e1232e9cd280bf7ba79416c15b8d38f02b98c1461c243426ccf1f,G06,sc08,/media/hdd1/yuhang/datasets/execution_wm/v0_8_pilot/train/L2_G02/b2/L2_G02_b2.npz
L2_G02_b3,L2_G02,L2,train,3,U0_repeat,R1,0,9666,low,schedule_end,13.6,227,680,T0,526ae127225e1232e9cd280bf7ba79416c15b8d38f02b98c1461c243426ccf1f,G06,sc06,/media/hdd1/yuhang/datasets/execution_wm/v0_8_pilot/train/L2_G02/b3/L2_G02_b3.npz
L2_G03_b0,L2_G03,L2,train,0,U0,R1,3,9703,nominal,schedule_end,13.6,227,680,T0,526ae127225e1232e9cd280bf7ba79416c15b8d38f02b98c1461c243426ccf1f,G07,sc06,/media/hdd1/yuhang/datasets/execution_wm/v0_8_pilot/train/L2_G03/b0/L2_G03_b0.npz
L2_G03_b1,L2_G03,L2,train,1,U1,R1,3,9703,nominal,schedule_end,13.6,227,680,T1,526ae127225e1232e9cd280bf7ba79416c15b8d38f02b98c1461c243426ccf1f,G07,sc07,/media/hdd1/yuhang/datasets/execution_wm/v0_8_pilot/train/L2_G03/b1/L2_G03_b1.npz
L2_G03_b2,L2_G03,L2,train,2,U2,R1,3,9703,nominal,schedule_end,13.6,227,680,T2,526ae127225e1232e9cd280bf7ba79416c15b8d38f02b98c1461c243426ccf1f,G07,sc08,/media/hdd1/yuhang/datasets/execution_wm/v0_8_pilot/train/L2_G03/b2/L2_G03_b2.npz
L2_G03_b3,L2_G03,L2,train,3,U0_repeat,R1,3,9703,nominal,schedule_end,13.6,227,680,T0,526ae127225e1232e9cd280bf7ba79416c15b8d38f02b98c1461c243426ccf1f,G07,sc06,/media/hdd1/yuhang/datasets/execution_wm/v0_8_pilot/train/L2_G03/b3/L2_G03_b3.npz
L2_G04_b0,L2_G04,L2,train,0,U0,R1,6,9740,mid,schedule_end,13.6,227,680,T0,526ae127225e1232e9cd280bf7ba79416c15b8d38f02b98c1461c243426ccf1f,G08,sc06,/media/hdd1/yuhang/datasets/execution_wm/v0_8_pilot/train/L2_G04/b0/L2_G04_b0.npz
L2_G04_b1,L2_G04,L2,train,1,U1,R1,6,9740,mid,schedule_end,13.6,227,680,T1,526ae127225e1232e9cd280bf7ba79416c15b8d38f02b98c1461c243426ccf1f,G08,sc07,/media/hdd1/yuhang/datasets/execution_wm/v0_8_pilot/train/L2_G04/b1/L2_G04_b1.npz
L2_G04_b2,L2_G04,L2,train,2,U2,R1,6,9740,mid,schedule_end,13.6,227,680,T2,526ae127225e1232e9cd280bf7ba79416c15b8d38f02b98c1461c243426ccf1f,G08,sc08,/media/hdd1/yuhang/datasets/execution_wm/v0_8_pilot/train/L2_G04/b2/L2_G04_b2.npz
L2_G04_b3,L2_G04,L2,train,3,U0_repeat,R1,6,9740,mid,schedule_end,13.6,227,680,T0,526ae127225e1232e9cd280bf7ba79416c15b8d38f02b98c1461c243426ccf1f,G08,sc06,/media/hdd1/yuhang/datasets/execution_wm/v0_8_pilot/train/L2_G04/b3/L2_G04_b3.npz
L2_G05_b0,L2_G05,L2,train,0,U0,R1,1,9777,low,schedule_end,13.6,227,680,T0,526ae127225e1232e9cd280bf7ba79416c15b8d38f02b98c1461c243426ccf1f,G09,sc06,/media/hdd1/yuhang/datasets/execution_wm/v0_8_pilot/train/L2_G05/b0/L2_G05_b0.npz
L2_G05_b1,L2_G05,L2,train,1,U1,R1,1,9777,low,schedule_end,13.6,227,680,T1,526ae127225e1232e9cd280bf7ba79416c15b8d38f02b98c1461c243426ccf1f,G09,sc07,/media/hdd1/yuhang/datasets/execution_wm/v0_8_pilot/train/L2_G05/b1/L2_G05_b1.npz
L2_G05_b2,L2_G05,L2,train,2,U2,R1,1,9777,low,schedule_end,13.6,227,680,T2,526ae127225e1232e9cd280bf7ba79416c15b8d38f02b98c1461c243426ccf1f,G09,sc08,/media/hdd1/yuhang/datasets/execution_wm/v0_8_pilot/train/L2_G05/b2/L2_G05_b2.npz
L2_G05_b3,L2_G05,L2,train,3,U0_repeat,R1,1,9777,low,schedule_end,13.6,227,680,T0,526ae127225e1232e9cd280bf7ba79416c15b8d38f02b98c1461c243426ccf1f,G09,sc06,/media/hdd1/yuhang/datasets/execution_wm/v0_8_pilot/train/L2_G05/b3/L2_G05_b3.npz
L2_G06_b0,L2_G06,L2,train,0,U0,R1,4,9814,nominal,schedule_end,13.6,227,680,T0,526ae127225e1232e9cd280bf7ba79416c15b8d38f02b98c1461c243426ccf1f,G10,sc06,/media/hdd1/yuhang/datasets/execution_wm/v0_8_pilot/train/L2_G06/b0/L2_G06_b0.npz
L2_G06_b1,L2_G06,L2,train,1,U1,R1,4,9814,nominal,schedule_end,13.6,227,680,T1,526ae127225e1232e9cd280bf7ba79416c15b8d38f02b98c1461c243426ccf1f,G10,sc07,/media/hdd1/yuhang/datasets/execution_wm/v0_8_pilot/train/L2_G06/b1/L2_G06_b1.npz
L2_G06_b2,L2_G06,L2,train,2,U2,R1,4,9814,nominal,schedule_end,13.6,227,680,T2,526ae127225e1232e9cd280bf7ba79416c15b8d38f02b98c1461c243426ccf1f,G10,sc08,/media/hdd1/yuhang/datasets/execution_wm/v0_8_pilot/train/L2_G06/b2/L2_G06_b2.npz
L2_G06_b3,L2_G06,L2,train,3,U0_repeat,R1,4,9814,nominal,schedule_end,13.6,227,680,T0,526ae127225e1232e9cd280bf7ba79416c15b8d38f02b98c1461c243426ccf1f,G10,sc06,/media/hdd1/yuhang/datasets/execution_wm/v0_8_pilot/train/L2_G06/b3/L2_G06_b3.npz
L2_G07_b0,L2_G07,L2,train,0,U0,R1,7,9851,mid,schedule_end,13.6,227,680,T0,526ae127225e1232e9cd280bf7ba79416c15b8d38f02b98c1461c243426ccf1f,G11,sc06,/media/hdd1/yuhang/datasets/execution_wm/v0_8_pilot/train/L2_G07/b0/L2_G07_b0.npz
L2_G07_b1,L2_G07,L2,train,1,U1,R1,7,9851,mid,schedule_end,13.6,227,680,T1,526ae127225e1232e9cd280bf7ba79416c15b8d38f02b98c1461c243426ccf1f,G11,sc07,/media/hdd1/yuhang/datasets/execution_wm/v0_8_pilot/train/L2_G07/b1/L2_G07_b1.npz
L2_G07_b2,L2_G07,L2,train,2,U2,R1,7,9851,mid,schedule_end,13.6,227,680,T2,526ae127225e1232e9cd280bf7ba79416c15b8d38f02b98c1461c243426ccf1f,G11,sc08,/media/hdd1/yuhang/datasets/execution_wm/v0_8_pilot/train/L2_G07/b2/L2_G07_b2.npz
L2_G07_b3,L2_G07,L2,train,3,U0_repeat,R1,7,9851,mid,schedule_end,13.6,227,680,T0,526ae127225e1232e9cd280bf7ba79416c15b8d38f02b98c1461c243426ccf1f,G11,sc06,/media/hdd1/yuhang/datasets/execution_wm/v0_8_pilot/train/L2_G07/b3/L2_G07_b3.npz
L3_G00_b0,L3_G00,L3,val,0,U0,P0,3,9888,nominal,schedule_end,13.6,227,680,T0,526ae127225e1232e9cd280bf7ba79416c15b8d38f02b98c1461c243426ccf1f,G12,sc00,/media/hdd1/yuhang/datasets/execution_wm/v0_8_pilot/val/L3_G00/b0/L3_G00_b0.npz
L3_G00_b1,L3_G00,L3,val,1,U1,P1,3,9888,nominal,schedule_end,13.6,227,680,T4,526ae127225e1232e9cd280bf7ba79416c15b8d38f02b98c1461c243426ccf1f,G12,sc04,/media/hdd1/yuhang/datasets/execution_wm/v0_8_pilot/val/L3_G00/b1/L3_G00_b1.npz
L3_G00_b2,L3_G00,L3,val,2,U2,P2,3,9888,nominal,schedule_end,13.6,227,680,T2,526ae127225e1232e9cd280bf7ba79416c15b8d38f02b98c1461c243426ccf1f,G12,sc08,/media/hdd1/yuhang/datasets/execution_wm/v0_8_pilot/val/L3_G00/b2/L3_G00_b2.npz
L3_G00_b3,L3_G00,L3,val,3,U0_repeat,P0,3,9888,nominal,schedule_end,13.6,227,680,T0,526ae127225e1232e9cd280bf7ba79416c15b8d38f02b98c1461c243426ccf1f,G12,sc00,/media/hdd1/yuhang/datasets/execution_wm/v0_8_pilot/val/L3_G00/b3/L3_G00_b3.npz
L3_G01_b0,L3_G01,L3,val,0,U0,P0,6,9925,mid,schedule_end,13.6,227,680,T0,526ae127225e1232e9cd280bf7ba79416c15b8d38f02b98c1461c243426ccf1f,G13,sc00,/media/hdd1/yuhang/datasets/execution_wm/v0_8_pilot/val/L3_G01/b0/L3_G01_b0.npz
L3_G01_b1,L3_G01,L3,val,1,U1,P1,6,9925,mid,schedule_end,13.6,227,680,T4,526ae127225e1232e9cd280bf7ba79416c15b8d38f02b98c1461c243426ccf1f,G13,sc04,/media/hdd1/yuhang/datasets/execution_wm/v0_8_pilot/val/L3_G01/b1/L3_G01_b1.npz
L3_G01_b2,L3_G01,L3,val,2,U2,P2,6,9925,mid,schedule_end,13.6,227,680,T2,526ae127225e1232e9cd280bf7ba79416c15b8d38f02b98c1461c243426ccf1f,G13,sc08,/media/hdd1/yuhang/datasets/execution_wm/v0_8_pilot/val/L3_G01/b2/L3_G01_b2.npz
L3_G01_b3,L3_G01,L3,val,3,U0_repeat,P0,6,9925,mid,schedule_end,13.6,227,680,T0,526ae127225e1232e9cd280bf7ba79416c15b8d38f02b98c1461c243426ccf1f,G13,sc00,/media/hdd1/yuhang/datasets/execution_wm/v0_8_pilot/val/L3_G01/b3/L3_G01_b3.npz
L3_G02_b0,L3_G02,L3,val,0,U0,P0,1,9962,low,schedule_end,13.6,227,680,T0,526ae127225e1232e9cd280bf7ba79416c15b8d38f02b98c1461c243426ccf1f,G14,sc00,/media/hdd1/yuhang/datasets/execution_wm/v0_8_pilot/val/L3_G02/b0/L3_G02_b0.npz
L3_G02_b1,L3_G02,L3,val,1,U1,P1,1,9962,low,schedule_end,13.6,227,680,T4,526ae127225e1232e9cd280bf7ba79416c15b8d38f02b98c1461c243426ccf1f,G14,sc04,/media/hdd1/yuhang/datasets/execution_wm/v0_8_pilot/val/L3_G02/b1/L3_G02_b1.npz
L3_G02_b2,L3_G02,L3,val,2,U2,P2,1,9962,low,schedule_end,13.6,227,680,T2,526ae127225e1232e9cd280bf7ba79416c15b8d38f02b98c1461c243426ccf1f,G14,sc08,/media/hdd1/yuhang/datasets/execution_wm/v0_8_pilot/val/L3_G02/b2/L3_G02_b2.npz
L3_G02_b3,L3_G02,L3,val,3,U0_repeat,P0,1,9962,low,schedule_end,13.6,227,680,T0,526ae127225e1232e9cd280bf7ba79416c15b8d38f02b98c1461c243426ccf1f,G14,sc00,/media/hdd1/yuhang/datasets/execution_wm/v0_8_pilot/val/L3_G02/b3/L3_G02_b3.npz
L3_G03_b0,L3_G03,L3,val,0,U0,P0,4,9999,nominal,schedule_end,13.6,227,680,T0,526ae127225e1232e9cd280bf7ba79416c15b8d38f02b98c1461c243426ccf1f,G15,sc00,/media/hdd1/yuhang/datasets/execution_wm/v0_8_pilot/val/L3_G03/b0/L3_G03_b0.npz
L3_G03_b1,L3_G03,L3,val,1,U1,P1,4,9999,nominal,schedule_end,13.6,227,680,T4,526ae127225e1232e9cd280bf7ba79416c15b8d38f02b98c1461c243426ccf1f,G15,sc04,/media/hdd1/yuhang/datasets/execution_wm/v0_8_pilot/val/L3_G03/b1/L3_G03_b1.npz
L3_G03_b2,L3_G03,L3,val,2,U2,P2,4,9999,nominal,schedule_end,13.6,227,680,T2,526ae127225e1232e9cd280bf7ba79416c15b8d38f02b98c1461c243426ccf1f,G15,sc08,/media/hdd1/yuhang/datasets/execution_wm/v0_8_pilot/val/L3_G03/b2/L3_G03_b2.npz
L3_G03_b3,L3_G03,L3,val,3,U0_repeat,P0,4,9999,nominal,schedule_end,13.6,227,680,T0,526ae127225e1232e9cd280bf7ba79416c15b8d38f02b98c1461c243426ccf1f,G15,sc00,/media/hdd1/yuhang/datasets/execution_wm/v0_8_pilot/val/L3_G03/b3/L3_G03_b3.npz
L3_G04_b0,L3_G04,L3,val,0,U0,P0,7,10036,mid,schedule_end,13.6,227,680,T0,526ae127225e1232e9cd280bf7ba79416c15b8d38f02b98c1461c243426ccf1f,G16,sc00,/media/hdd1/yuhang/datasets/execution_wm/v0_8_pilot/val/L3_G04/b0/L3_G04_b0.npz
L3_G04_b1,L3_G04,L3,val,1,U1,P1,7,10036,mid,schedule_end,13.6,227,680,T4,526ae127225e1232e9cd280bf7ba79416c15b8d38f02b98c1461c243426ccf1f,G16,sc04,/media/hdd1/yuhang/datasets/execution_wm/v0_8_pilot/val/L3_G04/b1/L3_G04_b1.npz
L3_G04_b2,L3_G04,L3,val,2,U2,P2,7,10036,mid,schedule_end,13.6,227,680,T2,526ae127225e1232e9cd280bf7ba79416c15b8d38f02b98c1461c243426ccf1f,G16,sc08,/media/hdd1/yuhang/datasets/execution_wm/v0_8_pilot/val/L3_G04/b2/L3_G04_b2.npz
L3_G04_b3,L3_G04,L3,val,3,U0_repeat,P0,7,10036,mid,schedule_end,13.6,227,680,T0,526ae127225e1232e9cd280bf7ba79416c15b8d38f02b98c1461c243426ccf1f,G16,sc00,/media/hdd1/yuhang/datasets/execution_wm/v0_8_pilot/val/L3_G04/b3/L3_G04_b3.npz
L3_G05_b0,L3_G05,L3,val,0,U0,P0,2,10073,low,schedule_end,13.6,227,680,T0,526ae127225e1232e9cd280bf7ba79416c15b8d38f02b98c1461c243426ccf1f,G17,sc00,/media/hdd1/yuhang/datasets/execution_wm/v0_8_pilot/val/L3_G05/b0/L3_G05_b0.npz
L3_G05_b1,L3_G05,L3,val,1,U1,P1,2,10073,low,schedule_end,13.6,227,680,T4,526ae127225e1232e9cd280bf7ba79416c15b8d38f02b98c1461c243426ccf1f,G17,sc04,/media/hdd1/yuhang/datasets/execution_wm/v0_8_pilot/val/L3_G05/b1/L3_G05_b1.npz
L3_G05_b2,L3_G05,L3,val,2,U2,P2,2,10073,low,schedule_end,13.6,227,680,T2,526ae127225e1232e9cd280bf7ba79416c15b8d38f02b98c1461c243426ccf1f,G17,sc08,/media/hdd1/yuhang/datasets/execution_wm/v0_8_pilot/val/L3_G05/b2/L3_G05_b2.npz
L3_G05_b3,L3_G05,L3,val,3,U0_repeat,P0,2,10073,low,schedule_end,13.6,227,680,T0,526ae127225e1232e9cd280bf7ba79416c15b8d38f02b98c1461c243426ccf1f,G17,sc00,/media/hdd1/yuhang/datasets/execution_wm/v0_8_pilot/val/L3_G05/b3/L3_G05_b3.npz
L3_G06_b0,L3_G06,L3,val,0,U0,P0,5,10110,nominal,schedule_end,13.6,227,680,T0,526ae127225e1232e9cd280bf7ba79416c15b8d38f02b98c1461c243426ccf1f,G12,sc00,/media/hdd1/yuhang/datasets/execution_wm/v0_8_pilot/val/L3_G06/b0/L3_G06_b0.npz
L3_G06_b1,L3_G06,L3,val,1,U1,P1,5,10110,nominal,schedule_end,13.6,227,680,T4,526ae127225e1232e9cd280bf7ba79416c15b8d38f02b98c1461c243426ccf1f,G12,sc04,/media/hdd1/yuhang/datasets/execution_wm/v0_8_pilot/val/L3_G06/b1/L3_G06_b1.npz
L3_G06_b2,L3_G06,L3,val,2,U2,P2,5,10110,nominal,schedule_end,13.6,227,680,T2,526ae127225e1232e9cd280bf7ba79416c15b8d38f02b98c1461c243426ccf1f,G12,sc08,/media/hdd1/yuhang/datasets/execution_wm/v0_8_pilot/val/L3_G06/b2/L3_G06_b2.npz
L3_G06_b3,L3_G06,L3,val,3,U0_repeat,P0,5,10110,nominal,schedule_end,13.6,227,680,T0,526ae127225e1232e9cd280bf7ba79416c15b8d38f02b98c1461c243426ccf1f,G12,sc00,/media/hdd1/yuhang/datasets/execution_wm/v0_8_pilot/val/L3_G06/b3/L3_G06_b3.npz
L3_G07_b0,L3_G07,L3,val,0,U0,P0,0,10147,mid,schedule_end,13.6,227,680,T0,526ae127225e1232e9cd280bf7ba79416c15b8d38f02b98c1461c243426ccf1f,G13,sc00,/media/hdd1/yuhang/datasets/execution_wm/v0_8_pilot/val/L3_G07/b0/L3_G07_b0.npz
L3_G07_b1,L3_G07,L3,val,1,U1,P1,0,10147,mid,schedule_end,13.6,227,680,T4,526ae127225e1232e9cd280bf7ba79416c15b8d38f02b98c1461c243426ccf1f,G13,sc04,/media/hdd1/yuhang/datasets/execution_wm/v0_8_pilot/val/L3_G07/b1/L3_G07_b1.npz
L3_G07_b2,L3_G07,L3,val,2,U2,P2,0,10147,mid,schedule_end,13.6,227,680,T2,526ae127225e1232e9cd280bf7ba79416c15b8d38f02b98c1461c243426ccf1f,G13,sc08,/media/hdd1/yuhang/datasets/execution_wm/v0_8_pilot/val/L3_G07/b2/L3_G07_b2.npz
L3_G07_b3,L3_G07,L3,val,3,U0_repeat,P0,0,10147,mid,schedule_end,13.6,227,680,T0,526ae127225e1232e9cd280bf7ba79416c15b8d38f02b98c1461c243426ccf1f,G13,sc00,/media/hdd1/yuhang/datasets/execution_wm/v0_8_pilot/val/L3_G07/b3/L3_G07_b3.npz
L4_G00_b0,L4_G00,L4,test,0,U0,P0,4,10184,nominal,schedule_end,13.6,227,680,T0,526ae127225e1232e9cd280bf7ba79416c15b8d38f02b98c1461c243426ccf1f,G18,sc00,/media/hdd1/yuhang/datasets/execution_wm/v0_8_pilot/test/L4_G00/b0/L4_G00_b0.npz
L4_G00_b1,L4_G00,L4,test,1,U1,P1,4,10184,nominal,schedule_end,13.6,227,680,T4,526ae127225e1232e9cd280bf7ba79416c15b8d38f02b98c1461c243426ccf1f,G18,sc04,/media/hdd1/yuhang/datasets/execution_wm/v0_8_pilot/test/L4_G00/b1/L4_G00_b1.npz
L4_G00_b2,L4_G00,L4,test,2,U2,P2,4,10184,nominal,schedule_end,13.6,227,680,T2,526ae127225e1232e9cd280bf7ba79416c15b8d38f02b98c1461c243426ccf1f,G18,sc08,/media/hdd1/yuhang/datasets/execution_wm/v0_8_pilot/test/L4_G00/b2/L4_G00_b2.npz
L4_G00_b3,L4_G00,L4,test,3,U0_repeat,P0,4,10184,nominal,schedule_end,13.6,227,680,T0,526ae127225e1232e9cd280bf7ba79416c15b8d38f02b98c1461c243426ccf1f,G18,sc00,/media/hdd1/yuhang/datasets/execution_wm/v0_8_pilot/test/L4_G00/b3/L4_G00_b3.npz
L4_G01_b0,L4_G01,L4,test,0,U0,P0,7,10221,mid,schedule_end,13.6,227,680,T0,526ae127225e1232e9cd280bf7ba79416c15b8d38f02b98c1461c243426ccf1f,G19,sc00,/media/hdd1/yuhang/datasets/execution_wm/v0_8_pilot/test/L4_G01/b0/L4_G01_b0.npz
L4_G01_b1,L4_G01,L4,test,1,U1,P1,7,10221,mid,schedule_end,13.6,227,680,T4,526ae127225e1232e9cd280bf7ba79416c15b8d38f02b98c1461c243426ccf1f,G19,sc04,/media/hdd1/yuhang/datasets/execution_wm/v0_8_pilot/test/L4_G01/b1/L4_G01_b1.npz
L4_G01_b2,L4_G01,L4,test,2,U2,P2,7,10221,mid,schedule_end,13.6,227,680,T2,526ae127225e1232e9cd280bf7ba79416c15b8d38f02b98c1461c243426ccf1f,G19,sc08,/media/hdd1/yuhang/datasets/execution_wm/v0_8_pilot/test/L4_G01/b2/L4_G01_b2.npz
L4_G01_b3,L4_G01,L4,test,3,U0_repeat,P0,7,10221,mid,schedule_end,13.6,227,680,T0,526ae127225e1232e9cd280bf7ba79416c15b8d38f02b98c1461c243426ccf1f,G19,sc00,/media/hdd1/yuhang/datasets/execution_wm/v0_8_pilot/test/L4_G01/b3/L4_G01_b3.npz
L4_G02_b0,L4_G02,L4,test,0,U0,P0,2,10258,low,schedule_end,13.6,227,680,T0,526ae127225e1232e9cd280bf7ba79416c15b8d38f02b98c1461c243426ccf1f,G20,sc00,/media/hdd1/yuhang/datasets/execution_wm/v0_8_pilot/test/L4_G02/b0/L4_G02_b0.npz
L4_G02_b1,L4_G02,L4,test,1,U1,P1,2,10258,low,schedule_end,13.6,227,680,T4,526ae127225e1232e9cd280bf7ba79416c15b8d38f02b98c1461c243426ccf1f,G20,sc04,/media/hdd1/yuhang/datasets/execution_wm/v0_8_pilot/test/L4_G02/b1/L4_G02_b1.npz
L4_G02_b2,L4_G02,L4,test,2,U2,P2,2,10258,low,schedule_end,13.6,227,680,T2,526ae127225e1232e9cd280bf7ba79416c15b8d38f02b98c1461c243426ccf1f,G20,sc08,/media/hdd1/yuhang/datasets/execution_wm/v0_8_pilot/test/L4_G02/b2/L4_G02_b2.npz
L4_G02_b3,L4_G02,L4,test,3,U0_repeat,P0,2,10258,low,schedule_end,13.6,227,680,T0,526ae127225e1232e9cd280bf7ba79416c15b8d38f02b98c1461c243426ccf1f,G20,sc00,/media/hdd1/yuhang/datasets/execution_wm/v0_8_pilot/test/L4_G02/b3/L4_G02_b3.npz
L4_G03_b0,L4_G03,L4,test,0,U0,P0,5,10295,nominal,schedule_end,13.6,227,680,T0,526ae127225e1232e9cd280bf7ba79416c15b8d38f02b98c1461c243426ccf1f,G21,sc00,/media/hdd1/yuhang/datasets/execution_wm/v0_8_pilot/test/L4_G03/b0/L4_G03_b0.npz
L4_G03_b1,L4_G03,L4,test,1,U1,P1,5,10295,nominal,schedule_end,13.6,227,680,T4,526ae127225e1232e9cd280bf7ba79416c15b8d38f02b98c1461c243426ccf1f,G21,sc04,/media/hdd1/yuhang/datasets/execution_wm/v0_8_pilot/test/L4_G03/b1/L4_G03_b1.npz
L4_G03_b2,L4_G03,L4,test,2,U2,P2,5,10295,nominal,schedule_end,13.6,227,680,T2,526ae127225e1232e9cd280bf7ba79416c15b8d38f02b98c1461c243426ccf1f,G21,sc08,/media/hdd1/yuhang/datasets/execution_wm/v0_8_pilot/test/L4_G03/b2/L4_G03_b2.npz
L4_G03_b3,L4_G03,L4,test,3,U0_repeat,P0,5,10295,nominal,schedule_end,13.6,227,680,T0,526ae127225e1232e9cd280bf7ba79416c15b8d38f02b98c1461c243426ccf1f,G21,sc00,/media/hdd1/yuhang/datasets/execution_wm/v0_8_pilot/test/L4_G03/b3/L4_G03_b3.npz
L4_G04_b0,L4_G04,L4,test,0,U0,P0,0,10332,mid,schedule_end,13.6,227,680,T0,526ae127225e1232e9cd280bf7ba79416c15b8d38f02b98c1461c243426ccf1f,G22,sc00,/media/hdd1/yuhang/datasets/execution_wm/v0_8_pilot/test/L4_G04/b0/L4_G04_b0.npz
L4_G04_b1,L4_G04,L4,test,1,U1,P1,0,10332,mid,schedule_end,13.6,227,680,T4,526ae127225e1232e9cd280bf7ba79416c15b8d38f02b98c1461c243426ccf1f,G22,sc04,/media/hdd1/yuhang/datasets/execution_wm/v0_8_pilot/test/L4_G04/b1/L4_G04_b1.npz
L4_G04_b2,L4_G04,L4,test,2,U2,P2,0,10332,mid,schedule_end,13.6,227,680,T2,526ae127225e1232e9cd280bf7ba79416c15b8d38f02b98c1461c243426ccf1f,G22,sc08,/media/hdd1/yuhang/datasets/execution_wm/v0_8_pilot/test/L4_G04/b2/L4_G04_b2.npz
L4_G04_b3,L4_G04,L4,test,3,U0_repeat,P0,0,10332,mid,schedule_end,13.6,227,680,T0,526ae127225e1232e9cd280bf7ba79416c15b8d38f02b98c1461c243426ccf1f,G22,sc00,/media/hdd1/yuhang/datasets/execution_wm/v0_8_pilot/test/L4_G04/b3/L4_G04_b3.npz
L4_G05_b0,L4_G05,L4,test,0,U0,P0,3,10369,low,schedule_end,13.6,227,680,T0,526ae127225e1232e9cd280bf7ba79416c15b8d38f02b98c1461c243426ccf1f,G23,sc00,/media/hdd1/yuhang/datasets/execution_wm/v0_8_pilot/test/L4_G05/b0/L4_G05_b0.npz
L4_G05_b1,L4_G05,L4,test,1,U1,P1,3,10369,low,schedule_end,13.6,227,680,T4,526ae127225e1232e9cd280bf7ba79416c15b8d38f02b98c1461c243426ccf1f,G23,sc04,/media/hdd1/yuhang/datasets/execution_wm/v0_8_pilot/test/L4_G05/b1/L4_G05_b1.npz
L4_G05_b2,L4_G05,L4,test,2,U2,P2,3,10369,low,schedule_end,13.6,227,680,T2,526ae127225e1232e9cd280bf7ba79416c15b8d38f02b98c1461c243426ccf1f,G23,sc08,/media/hdd1/yuhang/datasets/execution_wm/v0_8_pilot/test/L4_G05/b2/L4_G05_b2.npz
L4_G05_b3,L4_G05,L4,test,3,U0_repeat,P0,3,10369,low,schedule_end,13.6,227,680,T0,526ae127225e1232e9cd280bf7ba79416c15b8d38f02b98c1461c243426ccf1f,G23,sc00,/media/hdd1/yuhang/datasets/execution_wm/v0_8_pilot/test/L4_G05/b3/L4_G05_b3.npz
L4_G06_b0,L4_G06,L4,test,0,U0,P0,6,10406,nominal,schedule_end,13.6,227,680,T0,526ae127225e1232e9cd280bf7ba79416c15b8d38f02b98c1461c243426ccf1f,G18,sc00,/media/hdd1/yuhang/datasets/execution_wm/v0_8_pilot/test/L4_G06/b0/L4_G06_b0.npz
L4_G06_b1,L4_G06,L4,test,1,U1,P1,6,10406,nominal,schedule_end,13.6,227,680,T4,526ae127225e1232e9cd280bf7ba79416c15b8d38f02b98c1461c243426ccf1f,G18,sc04,/media/hdd1/yuhang/datasets/execution_wm/v0_8_pilot/test/L4_G06/b1/L4_G06_b1.npz
L4_G06_b2,L4_G06,L4,test,2,U2,P2,6,10406,nominal,schedule_end,13.6,227,680,T2,526ae127225e1232e9cd280bf7ba79416c15b8d38f02b98c1461c243426ccf1f,G18,sc08,/media/hdd1/yuhang/datasets/execution_wm/v0_8_pilot/test/L4_G06/b2/L4_G06_b2.npz
L4_G06_b3,L4_G06,L4,test,3,U0_repeat,P0,6,10406,nominal,schedule_end,13.6,227,680,T0,526ae127225e1232e9cd280bf7ba79416c15b8d38f02b98c1461c243426ccf1f,G18,sc00,/media/hdd1/yuhang/datasets/execution_wm/v0_8_pilot/test/L4_G06/b3/L4_G06_b3.npz
L4_G07_b0,L4_G07,L4,test,0,U0,P0,1,10443,mid,schedule_end,13.6,227,680,T0,526ae127225e1232e9cd280bf7ba79416c15b8d38f02b98c1461c243426ccf1f,G19,sc00,/media/hdd1/yuhang/datasets/execution_wm/v0_8_pilot/test/L4_G07/b0/L4_G07_b0.npz
L4_G07_b1,L4_G07,L4,test,1,U1,P1,1,10443,mid,schedule_end,13.6,227,680,T4,526ae127225e1232e9cd280bf7ba79416c15b8d38f02b98c1461c243426ccf1f,G19,sc04,/media/hdd1/yuhang/datasets/execution_wm/v0_8_pilot/test/L4_G07/b1/L4_G07_b1.npz
L4_G07_b2,L4_G07,L4,test,2,U2,P2,1,10443,mid,schedule_end,13.6,227,680,T2,526ae127225e1232e9cd280bf7ba79416c15b8d38f02b98c1461c243426ccf1f,G19,sc08,/media/hdd1/yuhang/datasets/execution_wm/v0_8_pilot/test/L4_G07/b2/L4_G07_b2.npz
L4_G07_b3,L4_G07,L4,test,3,U0_repeat,P0,1,10443,mid,schedule_end,13.6,227,680,T0,526ae127225e1232e9cd280bf7ba79416c15b8d38f02b98c1461c243426ccf1f,G19,sc00,/media/hdd1/yuhang/datasets/execution_wm/v0_8_pilot/test/L4_G07/b3/L4_G07_b3.npz
L5_G00_b0,L5_G00,L5,test,0,U0,P0,5,10480,nominal,schedule_end,13.6,227,680,T0,526ae127225e1232e9cd280bf7ba79416c15b8d38f02b98c1461c243426ccf1f,G21,sc00,/media/hdd1/yuhang/datasets/execution_wm/v0_8_pilot/test/L5_G00/b0/L5_G00_b0.npz
L5_G00_b1,L5_G00,L5,test,1,U1,P1,5,10480,nominal,schedule_end,13.6,227,680,T4,526ae127225e1232e9cd280bf7ba79416c15b8d38f02b98c1461c243426ccf1f,G21,sc04,/media/hdd1/yuhang/datasets/execution_wm/v0_8_pilot/test/L5_G00/b1/L5_G00_b1.npz
L5_G00_b2,L5_G00,L5,test,2,U2,P2,5,10480,nominal,schedule_end,13.6,227,680,T2,526ae127225e1232e9cd280bf7ba79416c15b8d38f02b98c1461c243426ccf1f,G21,sc08,/media/hdd1/yuhang/datasets/execution_wm/v0_8_pilot/test/L5_G00/b2/L5_G00_b2.npz
L5_G00_b3,L5_G00,L5,test,3,U0_repeat,P0,5,10480,nominal,schedule_end,13.6,227,680,T0,526ae127225e1232e9cd280bf7ba79416c15b8d38f02b98c1461c243426ccf1f,G21,sc00,/media/hdd1/yuhang/datasets/execution_wm/v0_8_pilot/test/L5_G00/b3/L5_G00_b3.npz
L5_G01_b0,L5_G01,L5,test,0,U0,P0,0,10517,mid,schedule_end,13.6,227,680,T0,526ae127225e1232e9cd280bf7ba79416c15b8d38f02b98c1461c243426ccf1f,G22,sc00,/media/hdd1/yuhang/datasets/execution_wm/v0_8_pilot/test/L5_G01/b0/L5_G01_b0.npz
L5_G01_b1,L5_G01,L5,test,1,U1,P1,0,10517,mid,schedule_end,13.6,227,680,T4,526ae127225e1232e9cd280bf7ba79416c15b8d38f02b98c1461c243426ccf1f,G22,sc04,/media/hdd1/yuhang/datasets/execution_wm/v0_8_pilot/test/L5_G01/b1/L5_G01_b1.npz
L5_G01_b2,L5_G01,L5,test,2,U2,P2,0,10517,mid,schedule_end,13.6,227,680,T2,526ae127225e1232e9cd280bf7ba79416c15b8d38f02b98c1461c243426ccf1f,G22,sc08,/media/hdd1/yuhang/datasets/execution_wm/v0_8_pilot/test/L5_G01/b2/L5_G01_b2.npz
L5_G01_b3,L5_G01,L5,test,3,U0_repeat,P0,0,10517,mid,schedule_end,13.6,227,680,T0,526ae127225e1232e9cd280bf7ba79416c15b8d38f02b98c1461c243426ccf1f,G22,sc00,/media/hdd1/yuhang/datasets/execution_wm/v0_8_pilot/test/L5_G01/b3/L5_G01_b3.npz
L5_G02_b0,L5_G02,L5,test,0,U0,P0,3,10554,low,schedule_end,13.6,227,680,T0,526ae127225e1232e9cd280bf7ba79416c15b8d38f02b98c1461c243426ccf1f,G23,sc00,/media/hdd1/yuhang/datasets/execution_wm/v0_8_pilot/test/L5_G02/b0/L5_G02_b0.npz
L5_G02_b1,L5_G02,L5,test,1,U1,P1,3,10554,low,schedule_end,13.6,227,680,T4,526ae127225e1232e9cd280bf7ba79416c15b8d38f02b98c1461c243426ccf1f,G23,sc04,/media/hdd1/yuhang/datasets/execution_wm/v0_8_pilot/test/L5_G02/b1/L5_G02_b1.npz
L5_G02_b2,L5_G02,L5,test,2,U2,P2,3,10554,low,schedule_end,13.6,227,680,T2,526ae127225e1232e9cd280bf7ba79416c15b8d38f02b98c1461c243426ccf1f,G23,sc08,/media/hdd1/yuhang/datasets/execution_wm/v0_8_pilot/test/L5_G02/b2/L5_G02_b2.npz
L5_G02_b3,L5_G02,L5,test,3,U0_repeat,P0,3,10554,low,schedule_end,13.6,227,680,T0,526ae127225e1232e9cd280bf7ba79416c15b8d38f02b98c1461c243426ccf1f,G23,sc00,/media/hdd1/yuhang/datasets/execution_wm/v0_8_pilot/test/L5_G02/b3/L5_G02_b3.npz
L5_G03_b0,L5_G03,L5,test,0,U0,P0,6,10591,nominal,schedule_end,13.6,227,680,T0,526ae127225e1232e9cd280bf7ba79416c15b8d38f02b98c1461c243426ccf1f,G18,sc00,/media/hdd1/yuhang/datasets/execution_wm/v0_8_pilot/test/L5_G03/b0/L5_G03_b0.npz
L5_G03_b1,L5_G03,L5,test,1,U1,P1,6,10591,nominal,schedule_end,13.6,227,680,T4,526ae127225e1232e9cd280bf7ba79416c15b8d38f02b98c1461c243426ccf1f,G18,sc04,/media/hdd1/yuhang/datasets/execution_wm/v0_8_pilot/test/L5_G03/b1/L5_G03_b1.npz
L5_G03_b2,L5_G03,L5,test,2,U2,P2,6,10591,nominal,schedule_end,13.6,227,680,T2,526ae127225e1232e9cd280bf7ba79416c15b8d38f02b98c1461c243426ccf1f,G18,sc08,/media/hdd1/yuhang/datasets/execution_wm/v0_8_pilot/test/L5_G03/b2/L5_G03_b2.npz
L5_G03_b3,L5_G03,L5,test,3,U0_repeat,P0,6,10591,nominal,schedule_end,13.6,227,680,T0,526ae127225e1232e9cd280bf7ba79416c15b8d38f02b98c1461c243426ccf1f,G18,sc00,/media/hdd1/yuhang/datasets/execution_wm/v0_8_pilot/test/L5_G03/b3/L5_G03_b3.npz
L5_G04_b0,L5_G04,L5,test,0,U0,P0,1,10628,mid,schedule_end,13.6,227,680,T0,526ae127225e1232e9cd280bf7ba79416c15b8d38f02b98c1461c243426ccf1f,G19,sc00,/media/hdd1/yuhang/datasets/execution_wm/v0_8_pilot/test/L5_G04/b0/L5_G04_b0.npz
L5_G04_b1,L5_G04,L5,test,1,U1,P1,1,10628,mid,schedule_end,13.6,227,680,T4,526ae127225e1232e9cd280bf7ba79416c15b8d38f02b98c1461c243426ccf1f,G19,sc04,/media/hdd1/yuhang/datasets/execution_wm/v0_8_pilot/test/L5_G04/b1/L5_G04_b1.npz
L5_G04_b2,L5_G04,L5,test,2,U2,P2,1,10628,mid,schedule_end,13.6,227,680,T2,526ae127225e1232e9cd280bf7ba79416c15b8d38f02b98c1461c243426ccf1f,G19,sc08,/media/hdd1/yuhang/datasets/execution_wm/v0_8_pilot/test/L5_G04/b2/L5_G04_b2.npz
L5_G04_b3,L5_G04,L5,test,3,U0_repeat,P0,1,10628,mid,schedule_end,13.6,227,680,T0,526ae127225e1232e9cd280bf7ba79416c15b8d38f02b98c1461c243426ccf1f,G19,sc00,/media/hdd1/yuhang/datasets/execution_wm/v0_8_pilot/test/L5_G04/b3/L5_G04_b3.npz
L5_G05_b0,L5_G05,L5,test,0,U0,P0,4,10665,low,schedule_end,13.6,227,680,T0,526ae127225e1232e9cd280bf7ba79416c15b8d38f02b98c1461c243426ccf1f,G20,sc00,/media/hdd1/yuhang/datasets/execution_wm/v0_8_pilot/test/L5_G05/b0/L5_G05_b0.npz
L5_G05_b1,L5_G05,L5,test,1,U1,P1,4,10665,low,schedule_end,13.6,227,680,T4,526ae127225e1232e9cd280bf7ba79416c15b8d38f02b98c1461c243426ccf1f,G20,sc04,/media/hdd1/yuhang/datasets/execution_wm/v0_8_pilot/test/L5_G05/b1/L5_G05_b1.npz
L5_G05_b2,L5_G05,L5,test,2,U2,P2,4,10665,low,schedule_end,13.6,227,680,T2,526ae127225e1232e9cd280bf7ba79416c15b8d38f02b98c1461c243426ccf1f,G20,sc08,/media/hdd1/yuhang/datasets/execution_wm/v0_8_pilot/test/L5_G05/b2/L5_G05_b2.npz
L5_G05_b3,L5_G05,L5,test,3,U0_repeat,P0,4,10665,low,schedule_end,13.6,227,680,T0,526ae127225e1232e9cd280bf7ba79416c15b8d38f02b98c1461c243426ccf1f,G20,sc00,/media/hdd1/yuhang/datasets/execution_wm/v0_8_pilot/test/L5_G05/b3/L5_G05_b3.npz
L5_G06_b0,L5_G06,L5,test,0,U0,P0,7,10702,nominal,schedule_end,13.6,227,680,T0,526ae127225e1232e9cd280bf7ba79416c15b8d38f02b98c1461c243426ccf1f,G21,sc00,/media/hdd1/yuhang/datasets/execution_wm/v0_8_pilot/test/L5_G06/b0/L5_G06_b0.npz
L5_G06_b1,L5_G06,L5,test,1,U1,P1,7,10702,nominal,schedule_end,13.6,227,680,T4,526ae127225e1232e9cd280bf7ba79416c15b8d38f02b98c1461c243426ccf1f,G21,sc04,/media/hdd1/yuhang/datasets/execution_wm/v0_8_pilot/test/L5_G06/b1/L5_G06_b1.npz
L5_G06_b2,L5_G06,L5,test,2,U2,P2,7,10702,nominal,schedule_end,13.6,227,680,T2,526ae127225e1232e9cd280bf7ba79416c15b8d38f02b98c1461c243426ccf1f,G21,sc08,/media/hdd1/yuhang/datasets/execution_wm/v0_8_pilot/test/L5_G06/b2/L5_G06_b2.npz
L5_G06_b3,L5_G06,L5,test,3,U0_repeat,P0,7,10702,nominal,schedule_end,13.6,227,680,T0,526ae127225e1232e9cd280bf7ba79416c15b8d38f02b98c1461c243426ccf1f,G21,sc00,/media/hdd1/yuhang/datasets/execution_wm/v0_8_pilot/test/L5_G06/b3/L5_G06_b3.npz
L5_G07_b0,L5_G07,L5,test,0,U0,P0,2,10739,mid,schedule_end,13.6,227,680,T0,526ae127225e1232e9cd280bf7ba79416c15b8d38f02b98c1461c243426ccf1f,G22,sc00,/media/hdd1/yuhang/datasets/execution_wm/v0_8_pilot/test/L5_G07/b0/L5_G07_b0.npz
L5_G07_b1,L5_G07,L5,test,1,U1,P1,2,10739,mid,schedule_end,13.6,227,680,T4,526ae127225e1232e9cd280bf7ba79416c15b8d38f02b98c1461c243426ccf1f,G22,sc04,/media/hdd1/yuhang/datasets/execution_wm/v0_8_pilot/test/L5_G07/b1/L5_G07_b1.npz
L5_G07_b2,L5_G07,L5,test,2,U2,P2,2,10739,mid,schedule_end,13.6,227,680,T2,526ae127225e1232e9cd280bf7ba79416c15b8d38f02b98c1461c243426ccf1f,G22,sc08,/media/hdd1/yuhang/datasets/execution_wm/v0_8_pilot/test/L5_G07/b2/L5_G07_b2.npz
L5_G07_b3,L5_G07,L5,test,3,U0_repeat,P0,2,10739,mid,schedule_end,13.6,227,680,T0,526ae127225e1232e9cd280bf7ba79416c15b8d38f02b98c1461c243426ccf1f,G22,sc00,/media/hdd1/yuhang/datasets/execution_wm/v0_8_pilot/test/L5_G07/b3/L5_G07_b3.npz
