file,n20,max_identity_err,mean_identity_err,max_err_vx,max_err_vy,max_err_wz,n_exceed_1e-4
ep_00160.npz,80,0.2800971567630768,0.006731352105271071,0.2800971567630768,0.0,0.0,56
ep_00161.npz,80,0.7001300156116486,0.008702114369589254,0.0,0.7001300156116486,0.0,57
ep_00162.npz,80,1.1202080249786377,0.013923384336036786,0.0,0.0,1.1202080249786377,57
ep_00163.npz,80,0.8401561975479126,0.020885079019353724,0.8401560187339783,0.0,0.8401561975479126,114
ep_00164.npz,81,0.11961494386196136,0.002174824411087811,0.11961494386196136,0.0,0.0,58
ep_00165.npz,82,0.14991612918674946,0.0027155239680191367,0.0,0.14991612918674946,0.0,58
ep_00166.npz,82,0.23986592888832092,0.004344840800343271,0.0,0.0,0.23986592888832092,58
ep_00167.npz,82,0.1798994243144989,0.006517257107700017,0.1798994243144989,0.0,0.1798993945121765,116
ep_00168.npz,80,0.2800971269607544,0.006731349319549432,0.2800971269607544,0.0,0.0,56
ep_00169.npz,80,0.7001299858093262,0.008702116479253164,0.0,0.7001299858093262,0.0,57
ep_00170.npz,80,1.1202081441879272,0.01392338388832286,0.0,0.0,1.1202081441879272,57
ep_00171.npz,80,0.840156078338623,0.020885080949907812,0.840156078338623,0.0,0.8401560187339783,114
ep_00172.npz,84,0.05040323734283447,0.0014190514052715448,0.05040323734283447,0.0,0.0,58
ep_00173.npz,83,0.12589532136917114,0.0018520475873428147,0.0,0.12589532136917114,0.0,57
ep_00174.npz,83,0.20143240690231323,0.002963281009602454,0.0,0.0,0.20143240690231323,58
ep_00175.npz,83,0.1510745882987976,0.004444919254473713,0.1510745882987976,0.0,0.15107423067092896,114
ep_00176.npz,80,0.28009718656539917,0.00673134885825372,0.28009718656539917,0.0,0.0,56
ep_00177.npz,80,0.7001301050186157,0.008702115806712148,0.0,0.7001301050186157,0.0,57
ep_00178.npz,80,1.1202081441879272,0.013923388944628337,0.0,0.0,1.1202081441879272,57
ep_00179.npz,80,0.8401561379432678,0.020885082612221596,0.840156078338623,0.0,0.8401561379432678,114
ep_00180.npz,82,0.28006699308753014,0.00584674887813446,0.28006699308753014,0.0,0.0,58
ep_00181.npz,82,0.3500838866457343,0.006633669394447006,0.0,0.3500838866457343,0.0,57
ep_00182.npz,82,0.5601342096924782,0.010613872485342521,0.0,0.0,0.5601342096924782,57
ep_00183.npz,82,0.42010062746703625,0.015920805998952924,0.4201006144285202,0.0,0.42010062746703625,114
ep_00184.npz,80,0.28009721636772156,0.0067313540159375405,0.28009721636772156,0.0,0.0,56
ep_00185.npz,80,0.70013028383255,0.008702118284903311,0.0,0.70013028383255,0.0,57
ep_00186.npz,80,1.1202081441879272,0.013923383854610923,0.0,0.0,1.1202081441879272,57
ep_00187.npz,80,0.8401561379432678,0.02088507817958695,0.8401560187339783,0.0,0.8401561379432678,114
ep_00188.npz,80,0.28009721636772156,0.003927924436963318,0.28009721636772156,0.0,0.0,56
ep_00189.npz,80,0.7001302242279053,0.005310364493804324,0.0,0.7001302242279053,0.0,56
ep_00190.npz,80,1.1202084422111511,0.008496584906727852,0.0,0.0,1.1202084422111511,58
ep_00191.npz,80,0.8401563167572021,0.012744876892732767,0.8401563167572021,0.0,0.8401561975479126,112
ep_00192.npz,80,0.280097097158432,0.006731349729913442,0.280097097158432,0.0,0.0,56
ep_00193.npz,80,0.70013028383255,0.008702116332036288,0.0,0.70013028383255,0.0,57
ep_00194.npz,80,1.1202081441879272,0.013923389267317059,0.0,0.0,1.1202081441879272,57
ep_00195.npz,80,0.8401561379432678,0.020885076665823968,0.8401561379432678,0.0,0.840156078338623,114
ep_00196.npz,81,0.2794537842273712,0.005834647305328936,0.2794537842273712,0.0,0.0,56
ep_00197.npz,82,0.3500462770462036,0.006633367758562289,0.0,0.3500462770462036,0.0,57
ep_00198.npz,82,0.5600739121437073,0.01061338613735421,0.0,0.0,0.5600739121437073,57
ep_00199.npz,82,0.4200555086135864,0.015920073907596165,0.4200555086135864,0.0,0.42005541920661926,114
ep_00200.npz,80,0.2800970673561096,0.006731349339467367,0.2800970673561096,0.0,0.0,56
ep_00201.npz,80,0.700130045413971,0.008702113452515429,0.0,0.700130045413971,0.0,57
ep_00202.npz,80,1.1202084422111511,0.013923386367241618,0.0,0.0,1.1202084422111511,57
ep_00203.npz,80,0.8401561975479126,0.020885077665540545,0.8401559591293335,0.0,0.8401561975479126,114
ep_00204.npz,84,0.2800670964643359,0.003837171641718005,0.2800670964643359,0.0,0.0,59
ep_00205.npz,86,0.35008385544642806,0.003365065175101392,0.0,0.35008385544642806,0.0,58
ep_00206.npz,86,0.5601342059671879,0.005384105530228148,0.0,0.0,0.5601342059671879,58
ep_00207.npz,86,0.4201006814837456,0.008076156457288682,0.42010062746703625,0.0,0.4201006814837456,116
ep_00208.npz,80,0.28009721636772156,0.006731353340486143,0.28009721636772156,0.0,0.0,56
ep_00209.npz,80,0.7001301050186157,0.00870211802199871,0.0,0.7001301050186157,0.0,57
ep_00210.npz,80,1.1202082633972168,0.013923390275643517,0.0,0.0,1.1202082633972168,57
ep_00211.npz,80,0.8401561379432678,0.020885076601795543,0.8401561379432678,0.0,0.840156078338623,114
ep_00212.npz,84,0.28009721636772156,0.00464209237427909,0.28009721636772156,0.0,0.0,60
ep_00213.npz,84,0.7001302242279053,0.0058795279245324695,0.0,0.7001302242279053,0.0,57
ep_00214.npz,84,1.1202083230018616,0.009407251687084754,0.0,0.0,1.1202083230018616,57
ep_00215.npz,84,0.840156227350235,0.014110873628346276,0.8401561975479126,0.0,0.840156227350235,114
ep_00216.npz,80,0.2800971567630768,0.006731348110285277,0.2800971567630768,0.0,0.0,56
ep_00217.npz,80,0.7001301050186157,0.008702112158547,0.0,0.7001301050186157,0.0,57
ep_00218.npz,80,1.1202080845832825,0.013923388546390924,0.0,0.0,1.1202080845832825,57
ep_00219.npz,80,0.8401561975479126,0.0208850805058925,0.8401561975479126,0.0,0.840156078338623,114
ep_00220.npz,80,0.28021594882011414,0.004086542973527685,0.28021594882011414,0.0,0.0,54
ep_00221.npz,78,0.29986974596977234,0.004619736524903749,0.0,0.29986974596977234,0.0,54
ep_00222.npz,78,0.4797919988632202,0.007391576605458927,0.0,0.0,0.4797919988632202,54
ep_00223.npz,78,0.3598439395427704,0.011087368471790742,0.35984373092651367,0.0,0.3598439395427704,108
ep_00224.npz,160,1.0355945229530334,0.020722897881447957,0.954955518245697,1.0355945229530334,0.498893516138196,413
ep_00225.npz,123,1.0020235776901245,0.027587145216945056,0.9360776543617249,1.0020235776901245,0.5143691897392273,285
ep_00226.npz,160,0.8843331336975098,0.020391765011239234,0.8843331336975098,0.8603463768959045,0.79619500041008,329
ep_00227.npz,160,0.8478394448757172,0.029782305735110034,0.7951476126909256,0.8156008720397949,0.8478394448757172,408
ep_00228.npz,160,0.8888563513755798,0.022165957187401848,0.6553568243980408,0.8888563513755798,0.45865464210510254,412
ep_00229.npz,160,0.8321965634822845,0.022272798103707223,0.42080940026789904,0.8015786111354828,0.8321965634822845,386
ep_00230.npz,160,0.9960731267929077,0.022836608144795417,0.9960731267929077,0.4519807696342468,0.8907648324966431,423
ep_00231.npz,160,1.0536712408065796,0.02946960698100156,1.0536712408065796,0.989119827747345,0.4409467577934265,405
ep_00232.npz,160,0.9662458896636963,0.023928916011815696,0.9662458896636963,0.22931979247368872,0.876205563545227,424
ep_00233.npz,160,0.8961879312992096,0.01936505189084225,0.8373000621795654,0.8961879312992096,0.18536889553070068,341
ep_00234.npz,160,0.9202543497085571,0.024028374559566145,0.8561974167823792,0.4610721580684185,0.9202543497085571,417
ep_00235.npz,160,1.0723149180412292,0.024823874211930767,0.6385983228683472,1.0723149180412292,0.948296844959259,386
ep_00236.npz,160,0.9510636925697327,0.02734214114432992,0.9510636925697327,0.9076170027256012,0.4286300092935562,438
ep_00237.npz,160,0.9544010758399963,0.027670178410448897,0.688401073217392,0.9544010758399963,0.5550296902656555,436
ep_00238.npz,160,0.8678034543991089,0.02523576368709352,0.5036678165197372,0.7649787962436676,0.8678034543991089,395
ep_00239.npz,160,0.8659245371818542,0.0223667873812398,0.7061233818531036,0.8659245371818542,0.4517742097377777,405
ep_00080.npz,80,0.2800971269607544,0.00673134681613495,0.2800971269607544,0.0,0.0,56
ep_00081.npz,80,0.7001302540302277,0.008702118591706191,0.0,0.7001302540302277,0.0,57
ep_00082.npz,80,1.1202082633972168,0.013923387989295103,0.0,0.0,1.1202082633972168,57
ep_00083.npz,80,0.8401564359664917,0.02088508066517534,0.8401564359664917,0.0,0.840156227350235,114
ep_00084.npz,81,0.11961489915847778,0.0021748210355225536,0.11961489915847778,0.0,0.0,58
ep_00085.npz,82,0.14991609752178192,0.002715524022795858,0.0,0.14991609752178192,0.0,58
ep_00086.npz,82,0.23986577987670898,0.004344838519241828,0.0,0.0,0.23986577987670898,58
ep_00087.npz,82,0.17989946901798248,0.006517252951057825,0.1798994392156601,0.0,0.17989946901798248,116
ep_00088.npz,80,0.2800971269607544,0.006731347536212222,0.2800971269607544,0.0,0.0,56
ep_00089.npz,80,0.7001300752162933,0.008702116092839182,0.0,0.7001300752162933,0.0,57
ep_00090.npz,80,1.1202080249786377,0.013923384949642544,0.0,0.0,1.1202080249786377,57
ep_00091.npz,80,0.8401561379432678,0.02088507895047466,0.840156078338623,0.0,0.8401561379432678,114
ep_00092.npz,84,0.05040326714515686,0.0014190471454870901,0.05040326714515686,0.0,0.0,58
ep_00093.npz,83,0.12589523196220398,0.0018520486534897604,0.0,0.12589523196220398,0.0,57
ep_00094.npz,83,0.20143240690231323,0.0029632785951533547,0.0,0.0,0.20143240690231323,58
ep_00095.npz,83,0.1510745882987976,0.004444921272923706,0.1510745882987976,0.0,0.1510743498802185,114
ep_00096.npz,80,0.2800971567630768,0.0067313522546707345,0.2800971567630768,0.0,0.0,56
ep_00097.npz,80,0.7001299262046814,0.00870211331845591,0.0,0.7001299262046814,0.0,57
ep_00098.npz,80,1.120208203792572,0.013923385662201327,0.0,0.0,1.120208203792572,57
ep_00099.npz,80,0.8401561975479126,0.020885074075097994,0.8401560187339783,0.0,0.8401561975479126,114
ep_00100.npz,82,0.280067041516304,0.0058467496613351004,0.280067041516304,0.0,0.0,58
ep_00101.npz,82,0.3500838610052597,0.006633670711099564,0.0,0.3500838610052597,0.0,57
ep_00102.npz,82,0.5601341798901558,0.010613872785106058,0.0,0.0,0.5601341798901558,57
ep_00103.npz,82,0.4201006703078747,0.01592081097026575,0.4201006703078747,0.0,0.4201005920767784,114
ep_00104.npz,80,0.28009718656539917,0.006731347653355139,0.28009718656539917,0.0,0.0,56
ep_00105.npz,80,0.7001301050186157,0.008702116098008143,0.0,0.7001301050186157,0.0,57
ep_00106.npz,80,1.120208203792572,0.01392338796867989,0.0,0.0,1.120208203792572,57
ep_00107.npz,80,0.8401563167572021,0.020885075716796563,0.8401561081409454,0.0,0.8401563167572021,114
ep_00108.npz,80,0.28009718656539917,0.0039279248555734135,0.28009718656539917,0.0,0.0,56
ep_00109.npz,80,0.7001300156116486,0.005310362669600484,0.0,0.7001300156116486,0.0,56
ep_00110.npz,80,1.1202081441879272,0.008496582314789218,0.0,0.0,1.1202081441879272,58
ep_00111.npz,80,0.8401564359664917,0.012744875957044618,0.8401562571525574,0.0,0.8401564359664917,112
ep_00112.npz,80,0.2800971120595932,0.006731350037140752,0.2800971120595932,0.0,0.0,56
ep_00113.npz,80,0.7001300752162933,0.00870211297418185,0.0,0.7001300752162933,0.0,57
ep_00114.npz,80,1.1202083826065063,0.013923389137198683,0.0,0.0,1.1202083826065063,57
ep_00115.npz,80,0.8401562571525574,0.020885080717804764,0.8401562571525574,0.0,0.840155839920044,114
ep_00116.npz,81,0.27945417165756226,0.005834648393788241,0.27945417165756226,0.0,0.0,56
ep_00117.npz,82,0.3500462472438812,0.00663336650567788,0.0,0.3500462472438812,0.0,57
ep_00118.npz,82,0.5600741505622864,0.010613384719784713,0.0,0.0,0.5600741505622864,57
ep_00119.npz,82,0.42005565762519836,0.01592007455557047,0.42005565762519836,0.0,0.4200553596019745,114
ep_00120.npz,80,0.2800971120595932,0.0067313480035712326,0.2800971120595932,0.0,0.0,56
ep_00121.npz,80,0.70013028383255,0.008702115970178663,0.0,0.70013028383255,0.0,57
ep_00122.npz,80,1.1202081441879272,0.013923387102840934,0.0,0.0,1.1202081441879272,57
ep_00123.npz,80,0.8401561081409454,0.020885077422402296,0.8401560187339783,0.0,0.8401561081409454,114
ep_00124.npz,84,0.28006710670888424,0.0038371710382754886,0.28006710670888424,0.0,0.0,59
ep_00125.npz,86,0.35008387826383114,0.003365066905538443,0.0,0.35008387826383114,0.0,58
ep_00126.npz,86,0.5601340718567371,0.005384102558253275,0.0,0.0,0.5601340718567371,58
ep_00127.npz,86,0.4201006591320038,0.008076152570686454,0.42010058369487524,0.0,0.4201006591320038,116
ep_00128.npz,80,0.28009721636772156,0.0067313523036621825,0.28009721636772156,0.0,0.0,56
ep_00129.npz,80,0.7001301050186157,0.008702116122488708,0.0,0.7001301050186157,0.0,57
ep_00130.npz,80,1.1202082633972168,0.013923384355924403,0.0,0.0,1.1202082633972168,57
ep_00131.npz,80,0.8401561975479126,0.020885085545887704,0.8401561975479126,0.0,0.8401561379432678,114
ep_00132.npz,84,0.28009727597236633,0.004642094670709903,0.28009727597236633,0.0,0.0,60
ep_00133.npz,84,0.7001298069953918,0.00587952850591613,0.0,0.7001298069953918,0.0,57
ep_00134.npz,84,1.120208203792572,0.009407251116095318,0.0,0.0,1.120208203792572,57
ep_00135.npz,84,0.840156078338623,0.014110869540701738,0.8401560187339783,0.0,0.840156078338623,114
ep_00136.npz,80,0.2800971269607544,0.006731348941199636,0.2800971269607544,0.0,0.0,56
ep_00137.npz,80,0.7001303136348724,0.008702117040593293,0.0,0.7001303136348724,0.0,57
ep_00138.npz,80,1.1202080249786377,0.013923384843656095,0.0,0.0,1.1202080249786377,57
ep_00139.npz,80,0.8401561379432678,0.02088507748091312,0.8401561379432678,0.0,0.840156078338623,114
ep_00140.npz,80,0.28021594882011414,0.0040865450321386255,0.28021594882011414,0.0,0.0,54
ep_00141.npz,78,0.2998698651790619,0.004619736692561712,0.0,0.2998698651790619,0.0,54
ep_00142.npz,78,0.4797917604446411,0.007391575938807084,0.0,0.0,0.4797917604446411,54
ep_00143.npz,78,0.359843909740448,0.011087364034327224,0.359843909740448,0.0,0.35984382033348083,108
ep_00144.npz,160,1.035595178604126,0.020722898229420632,0.9549556374549866,1.035595178604126,0.4988935925066471,413
ep_00145.npz,160,1.0020237565040588,0.024193624096687925,0.9360775351524353,1.0020237565040588,0.5143693089485168,361
ep_00146.npz,160,0.8843328952789307,0.020391771059689746,0.8843328952789307,0.8603461384773254,0.7961947917938232,329
ep_00147.npz,160,0.84783935546875,0.02978230178062707,0.7951474785804749,0.8156009316444397,0.84783935546875,408
ep_00148.npz,160,0.8888561725616455,0.02216595217738965,0.6553568840026855,0.8888561725616455,0.45865458995103836,412
ep_00149.npz,160,0.8321965634822845,0.022272797219360048,0.42080942168831825,0.8015786707401276,0.8321965634822845,386
ep_00150.npz,160,0.9960727095603943,0.02283661031851807,0.9960727095603943,0.4519807696342468,0.8907648026943207,423
ep_00151.npz,160,1.0536713600158691,0.029469600234369862,1.0536713600158691,0.9891197085380554,0.44094690680503845,405
ep_00152.npz,160,0.9662458300590515,0.023928919373490013,0.9662458300590515,0.22931989072822034,0.876205563545227,424
ep_00153.npz,160,0.8961879014968872,0.019365055674097676,0.8373001217842102,0.8961879014968872,0.1853688359260559,341
ep_00154.npz,160,0.920254647731781,0.024028374694777692,0.8561975955963135,0.4610721692442894,0.920254647731781,417
ep_00155.npz,160,1.0723148584365845,0.024823876186170917,0.6385981738567352,1.0723148584365845,0.9482970237731934,386
ep_00156.npz,160,0.9510637521743774,0.02734214557543358,0.9510637521743774,0.9076167941093445,0.42863008566200733,438
ep_00157.npz,160,0.9544009566307068,0.027670182957444923,0.6884013414382935,0.9544009566307068,0.5550297312438488,436
ep_00158.npz,160,0.8678035140037537,0.025235765517209074,0.5036676712334156,0.76497882604599,0.8678035140037537,395
ep_00159.npz,160,0.865924596786499,0.02236678568321319,0.7061233222484589,0.865924596786499,0.4517742991447449,405
ep_00000.npz,80,0.28009718656539917,0.006731350431315756,0.28009718656539917,0.0,0.0,56
ep_00001.npz,80,0.700130045413971,0.00870211470828508,0.0,0.700130045413971,0.0,57
ep_00002.npz,80,1.1202080845832825,0.013923385848950904,0.0,0.0,1.1202080845832825,57
ep_00003.npz,80,0.8401561379432678,0.02088508081700032,0.8401559591293335,0.0,0.8401561379432678,114
ep_00004.npz,81,0.11961492896080017,0.0021748243591081305,0.11961492896080017,0.0,0.0,58
ep_00005.npz,82,0.1499161794781685,0.0027155249898475255,0.0,0.1499161794781685,0.0,58
ep_00006.npz,82,0.23986580967903137,0.0043448360534612,0.0,0.0,0.23986580967903137,58
ep_00007.npz,82,0.17989937961101532,0.0065172540622089456,0.17989932000637054,0.0,0.17989937961101532,116
ep_00008.npz,80,0.2800971567630768,0.0067313491987685365,0.2800971567630768,0.0,0.0,56
ep_00009.npz,80,0.7001301646232605,0.008702119549464744,0.0,0.7001301646232605,0.0,57
ep_00010.npz,80,1.1202082633972168,0.013923383609896216,0.0,0.0,1.1202082633972168,57
ep_00011.npz,80,0.8401561975479126,0.020885080403483396,0.8401561677455902,0.0,0.8401561975479126,114
ep_00012.npz,84,0.0504031777381897,0.0014190514542398946,0.0504031777381897,0.0,0.0,58
ep_00013.npz,83,0.12589532136917114,0.0018520487197038968,0.0,0.12589532136917114,0.0,57
ep_00014.npz,83,0.2014322280883789,0.00296328129456285,0.0,0.0,0.2014322280883789,58
ep_00015.npz,83,0.15107440948486328,0.00444491798728826,0.15107440948486328,0.0,0.15107432007789612,114
ep_00016.npz,80,0.28009727597236633,0.006731351355362373,0.28009727597236633,0.0,0.0,56
ep_00017.npz,80,0.7001302242279053,0.008702116510964213,0.0,0.7001302242279053,0.0,57
ep_00018.npz,80,1.1202083230018616,0.013923381987842732,0.0,0.0,1.1202083230018616,57
ep_00019.npz,80,0.8401562571525574,0.020885079584210566,0.8401562571525574,0.0,0.8401561379432678,114
ep_00020.npz,82,0.2800670750439167,0.005846746979523602,0.2800670750439167,0.0,0.0,58
ep_00021.npz,82,0.3500839173793793,0.006633673002375517,0.0,0.3500839173793793,0.0,57
ep_00022.npz,82,0.560134120285511,0.010613872893949652,0.0,0.0,0.560134120285511,57
ep_00023.npz,82,0.42010075598955154,0.015920816000022858,0.4201006181538105,0.0,0.42010075598955154,114
ep_00024.npz,80,0.28009720146656036,0.006731346433298313,0.28009720146656036,0.0,0.0,56
ep_00025.npz,80,0.7001301646232605,0.008702116673248383,0.0,0.7001301646232605,0.0,57
ep_00026.npz,80,1.1202084422111511,0.013923386663373094,0.0,0.0,1.1202084422111511,57
ep_00027.npz,80,0.8401561975479126,0.020885075216574477,0.8401561975479126,0.0,0.8401559591293335,114
ep_00028.npz,80,0.2800971269607544,0.003927926179433901,0.2800971269607544,0.0,0.0,56
ep_00029.npz,80,0.700130045413971,0.005310366025272136,0.0,0.700130045413971,0.0,56
ep_00030.npz,80,1.120207965373993,0.008496583098894917,0.0,0.0,1.120207965373993,58
ep_00031.npz,80,0.840156078338623,0.012744873193575283,0.8401560187339783,0.0,0.840156078338623,112
ep_00032.npz,80,0.28009724617004395,0.006731352282804437,0.28009724617004395,0.0,0.0,56
ep_00033.npz,80,0.7001302242279053,0.008702114224433899,0.0,0.7001302242279053,0.0,57
ep_00034.npz,80,1.1202083826065063,0.013923384114241344,0.0,0.0,1.1202083826065063,57
ep_00035.npz,80,0.8401561975479126,0.020885080812877276,0.8401561975479126,0.0,0.8401559591293335,114
ep_00036.npz,81,0.27945394814014435,0.005834647145317753,0.27945394814014435,0.0,0.0,56
ep_00037.npz,82,0.3500463664531708,0.0066333665963020025,0.0,0.3500463664531708,0.0,57
ep_00038.npz,82,0.5600739419460297,0.010613383569118635,0.0,0.0,0.5600739419460297,57
ep_00039.npz,82,0.420055627822876,0.015920074869087343,0.42005547881126404,0.0,0.420055627822876,114
ep_00040.npz,80,0.28009727597236633,0.006731351936953918,0.28009727597236633,0.0,0.0,56
ep_00041.npz,80,0.7001300156116486,0.00870211535608784,0.0,0.7001300156116486,0.0,57
ep_00042.npz,80,1.120208203792572,0.013923384724542605,0.0,0.0,1.120208203792572,57
ep_00043.npz,80,0.8401562571525574,0.020885070177003702,0.8401562571525574,0.0,0.8401561975479126,114
ep_00044.npz,84,0.28006708808243275,0.0038371730146796574,0.28006708808243275,0.0,0.0,59
ep_00045.npz,86,0.35008395090699196,0.003365062622086311,0.0,0.35008395090699196,0.0,58
ep_00046.npz,86,0.5601341687142849,0.005384105152103963,0.0,0.0,0.5601341687142849,58
ep_00047.npz,86,0.42010074853897095,0.00807614765462083,0.42010062374174595,0.0,0.42010074853897095,116
ep_00048.npz,80,0.280097097158432,0.0067313481081024895,0.280097097158432,0.0,0.0,56
ep_00049.npz,80,0.7001299858093262,0.008702117910979723,0.0,0.7001299858093262,0.0,57
ep_00050.npz,80,1.1202083230018616,0.013923386902509568,0.0,0.0,1.1202083230018616,57
ep_00051.npz,80,0.8401561975479126,0.020885077170047832,0.8401561975479126,0.0,0.840156078338623,114
ep_00052.npz,84,0.28009724617004395,0.004642094345486146,0.28009724617004395,0.0,0.0,60
ep_00053.npz,84,0.7001301050186157,0.0058795276979383615,0.0,0.7001301050186157,0.0,57
ep_00054.npz,84,1.1202081739902496,0.009407250777792161,0.0,0.0,1.1202081739902496,57
ep_00055.npz,84,0.8401563167572021,0.01411087404763777,0.8401563167572021,0.0,0.8401560187339783,114
ep_00056.npz,80,0.28009721636772156,0.006731349136134668,0.28009721636772156,0.0,0.0,56
ep_00057.npz,80,0.7001299858093262,0.008702114169561051,0.0,0.7001299858093262,0.0,57
ep_00058.npz,80,1.1202080845832825,0.013923383259316325,0.0,0.0,1.1202080845832825,57
ep_00059.npz,80,0.8401561379432678,0.02088508064916823,0.840156078338623,0.0,0.8401561379432678,114
ep_00060.npz,80,0.28021594882011414,0.004086547973323225,0.28021594882011414,0.0,0.0,54
ep_00061.npz,78,0.29986990988254547,0.004619738479089151,0.0,0.29986990988254547,0.0,54
ep_00062.npz,78,0.47979190945625305,0.007391578144728182,0.0,0.0,0.47979190945625305,54
ep_00063.npz,78,0.3598439395427704,0.011087366962371569,0.3598438799381256,0.0,0.3598439395427704,108
ep_00064.npz,160,1.0355949401855469,0.020722896806970918,0.9549553990364075,1.0355949401855469,0.4988935785368085,413
ep_00065.npz,160,1.002023696899414,0.024193629617184343,0.9360774755477905,1.002023696899414,0.5143693089485168,361
ep_00066.npz,160,0.8843330144882202,0.0203917679745094,0.8843330144882202,0.8603464365005493,0.7961946725845337,329
ep_00067.npz,160,0.8478394746780396,0.02978230066407074,0.7951475977897644,0.8156009316444397,0.8478394746780396,408
ep_00068.npz,160,0.8888562321662903,0.022165950037469885,0.6553568840026855,0.8888562321662903,0.45865460485219955,412
ep_00069.npz,160,0.8321965634822845,0.022272799804644212,0.42080941144376993,0.8015784919261932,0.8321965634822845,386
ep_00070.npz,160,0.9960731267929077,0.02283661429522302,0.9960731267929077,0.45198071002960205,0.8907649195753038,423
ep_00071.npz,160,1.0536711812019348,0.0294696057897454,1.0536711812019348,0.9891196489334106,0.4409467577934265,405
ep_00072.npz,160,0.9662456512451172,0.023928913596137136,0.9662456512451172,0.22931977384723723,0.8762054443359375,424
ep_00073.npz,160,0.8961879014968872,0.019365053360161255,0.8373003005981445,0.8961879014968872,0.18536899983882904,341
ep_00074.npz,160,0.9202545881271362,0.02402837857624339,0.8561975359916687,0.4610721543431282,0.9202545881271362,417
ep_00075.npz,160,1.0723148584365845,0.02482387760161752,0.6385983526706696,1.0723148584365845,0.9482971429824829,386
ep_00076.npz,160,0.9510636925697327,0.02734213947005628,0.9510636925697327,0.9076170921325684,0.42863007821142673,438
ep_00077.npz,160,0.9544010162353516,0.02767018426202412,0.6884011328220367,0.9544010162353516,0.555029883980751,436
ep_00078.npz,160,0.8678035140037537,0.02523576925374679,0.5036676190793514,0.7649787068367004,0.8678035140037537,395
ep_00079.npz,160,0.8659246563911438,0.02236678130114645,0.7061232924461365,0.8659246563911438,0.45177438855171204,405
