file,n_points,max_norm_dev,mean_norm_dev,n_violate_1em3,n_sign_flips
ep_00160.20hz.npz,80,0.2998339064330394,0.00809763665177685,19,0
ep_00161.20hz.npz,80,0.2998339064330394,0.008103743343847215,19,0
ep_00162.20hz.npz,80,0.2998339064330394,0.008096998049545997,19,0
ep_00163.20hz.npz,80,0.2998339064330394,0.00811111385639395,19,0
ep_00164.20hz.npz,81,0.2998339064330394,0.006223002519475533,17,0
ep_00165.20hz.npz,82,0.2998339064330394,0.008284699849042851,18,0
ep_00166.20hz.npz,82,0.2998339064330394,0.00829202428089657,18,0
ep_00167.20hz.npz,82,0.2998339064330394,0.008287987041646667,18,0
ep_00168.20hz.npz,80,0.29983861834172787,0.008099370674970536,19,0
ep_00169.20hz.npz,80,0.29983861834172787,0.008101320885874279,19,0
ep_00170.20hz.npz,80,0.29983861834172787,0.00809767625902141,19,0
ep_00171.20hz.npz,80,0.29983861834172787,0.008096047618140697,19,0
ep_00172.20hz.npz,84,0.29983861834172787,0.0077147723155733105,19,0
ep_00173.20hz.npz,83,0.29983861834172787,0.006078168016973989,17,0
ep_00174.20hz.npz,83,0.29983861834172787,0.006074116323988943,17,0
ep_00175.20hz.npz,83,0.29983861834172787,0.0060785052341034455,17,0
ep_00176.20hz.npz,80,0.2998323327490682,0.008099426998389671,19,0
ep_00177.20hz.npz,80,0.2998323327490682,0.008103084367828053,19,0
ep_00178.20hz.npz,80,0.2998323327490682,0.008099256572487404,19,0
ep_00179.20hz.npz,80,0.2998323327490682,0.008109488746283141,19,0
ep_00180.20hz.npz,82,0.2998323327490682,0.008289130447776275,18,0
ep_00181.20hz.npz,82,0.2998323327490682,0.007902707310116852,19,0
ep_00182.20hz.npz,82,0.2998323327490682,0.007904390970512218,19,0
ep_00183.20hz.npz,82,0.2998323327490682,0.0079098353298836,19,0
ep_00184.20hz.npz,80,0.29982257271267676,0.008095065936698058,19,0
ep_00185.20hz.npz,80,0.29982257271267676,0.00810049636278531,19,0
ep_00186.20hz.npz,80,0.29982257271267676,0.008094760036165919,19,0
ep_00187.20hz.npz,80,0.29982257271267676,0.008099040757129255,19,0
ep_00188.20hz.npz,80,0.29982257271267676,0.008489861732972935,18,0
ep_00189.20hz.npz,80,0.5000427537490804,0.014906446925123922,20,0
ep_00190.20hz.npz,80,0.5000388982960748,0.014901065316825298,20,0
ep_00191.20hz.npz,80,0.5000414504825819,0.01490098434083626,20,0
ep_00192.20hz.npz,80,0.2998360435354822,0.008097214435123047,19,0
ep_00193.20hz.npz,80,0.2998360435354822,0.008105303785025358,19,0
ep_00194.20hz.npz,80,0.2998360435354822,0.008096530987629762,19,0
ep_00195.20hz.npz,80,0.2998360435354822,0.008102825461633437,19,0
ep_00196.20hz.npz,81,0.2998360435354822,0.006218537276282402,17,0
ep_00197.20hz.npz,82,0.5000322163594191,0.014542043666374599,20,0
ep_00198.20hz.npz,82,0.5000370969193851,0.01453754675776742,20,0
ep_00199.20hz.npz,82,0.5000372530173351,0.014539465199937188,20,0
ep_00200.20hz.npz,80,0.2998321174608146,0.00809448337134783,19,0
ep_00201.20hz.npz,80,0.2998321174608146,0.008104341668531433,19,0
ep_00202.20hz.npz,80,0.2998321174608146,0.008095522253224009,19,0
ep_00203.20hz.npz,80,0.2998321174608146,0.008090048912818086,19,0
ep_00204.20hz.npz,84,0.2998321174608146,0.007717870817906389,19,0
ep_00205.20hz.npz,86,0.5000377412241193,0.013859596790501047,20,0
ep_00206.20hz.npz,86,0.5000382620750033,0.013867244009569945,20,0
ep_00207.20hz.npz,86,0.5000365756792262,0.013864144327701444,20,0
ep_00208.20hz.npz,80,0.2998280276084827,0.008092999499201,19,0
ep_00209.20hz.npz,80,0.2998280276084827,0.008101280881151394,19,0
ep_00210.20hz.npz,80,0.2998280276084827,0.008098422943840243,19,0
ep_00211.20hz.npz,80,0.2998280276084827,0.008095650403925736,19,0
ep_00212.20hz.npz,84,0.2998280276084827,0.008093092346005835,18,0
ep_00213.20hz.npz,84,0.2998280276084827,0.007709971093415533,19,0
ep_00214.20hz.npz,84,0.2998280276084827,0.007713442770975455,19,0
ep_00215.20hz.npz,84,0.2998280276084827,0.007715510016907469,19,0
ep_00216.20hz.npz,80,0.2998309611075286,0.00809957311104444,19,0
ep_00217.20hz.npz,80,0.2998309611075286,0.008100619344131857,19,0
ep_00218.20hz.npz,80,0.2998309611075286,0.008093772973468888,19,0
ep_00219.20hz.npz,80,0.2998309611075286,0.00809598286438093,19,0
ep_00220.20hz.npz,80,0.5000366898881223,0.014900791156824583,20,0
ep_00221.20hz.npz,78,0.2998309611075286,0.008296773821840008,19,0
ep_00222.20hz.npz,78,0.2998309611075286,0.008301247073276813,19,0
ep_00223.20hz.npz,78,0.2998309611075286,0.00831007356488654,19,0
ep_00224.20hz.npz,160,0.2998239452314925,0.004088226853031849,19,0
ep_00225.20hz.npz,123,0.29980730379053266,0.007619081821064217,18,0
ep_00226.20hz.npz,160,0.29979934278665255,0.0040855421200145965,19,0
ep_00227.20hz.npz,160,0.29981033313258243,0.00409363531735602,19,0
ep_00228.20hz.npz,160,0.29984499280362176,0.004091234078435237,19,0
ep_00229.20hz.npz,160,0.29981885346230264,0.00408980043715053,19,0
ep_00230.20hz.npz,160,0.29985963738229837,0.0040949113623364045,19,0
ep_00231.20hz.npz,160,0.29977925605300837,0.004082099914611597,19,0
ep_00232.20hz.npz,160,0.2997743657561759,0.004091615152628819,19,0
ep_00233.20hz.npz,160,0.29982276754237425,0.0040914544833333625,19,0
ep_00234.20hz.npz,160,0.29983738685428596,0.004086671658147555,19,0
ep_00235.20hz.npz,160,0.2998550749294461,0.004085527008618884,19,0
ep_00236.20hz.npz,160,0.29982397534496474,0.004093987079250455,19,0
ep_00237.20hz.npz,160,0.29980539723918775,0.004078129295449101,19,0
ep_00238.20hz.npz,160,0.2998098241115794,0.00407978775749713,19,0
ep_00239.20hz.npz,160,0.29985904909972594,0.004085628040088543,19,0
ep_00080.20hz.npz,80,0.29984223857687975,0.008099069830282878,19,0
ep_00081.20hz.npz,80,0.29984223857687975,0.008096950730378335,19,0
ep_00082.20hz.npz,80,0.29984223857687975,0.008099439974754354,19,0
ep_00083.20hz.npz,80,0.29984223857687975,0.008100237965490658,19,0
ep_00084.20hz.npz,81,0.29984223857687975,0.006221749428319496,17,0
ep_00085.20hz.npz,82,0.29984223857687975,0.008289058747211114,18,0
ep_00086.20hz.npz,82,0.29984223857687975,0.008291086740782794,18,0
ep_00087.20hz.npz,82,0.29984223857687975,0.00828970230907377,18,0
ep_00088.20hz.npz,80,0.29984199138243495,0.008098741570076578,19,0
ep_00089.20hz.npz,80,0.29984199138243495,0.00809937798119183,19,0
ep_00090.20hz.npz,80,0.29984199138243495,0.00810019373388272,19,0
ep_00091.20hz.npz,80,0.29984199138243495,0.008102352275082311,19,0
ep_00092.20hz.npz,84,0.29984199138243495,0.007716636285342975,19,0
ep_00093.20hz.npz,83,0.29984199138243495,0.006073925521330168,17,0
ep_00094.20hz.npz,83,0.29984199138243495,0.006075398914745398,17,0
ep_00095.20hz.npz,83,0.29984199138243495,0.006078286358885668,17,0
ep_00096.20hz.npz,80,0.2998351886585108,0.008099325997317398,19,0
ep_00097.20hz.npz,80,0.2998351886585108,0.008097986456981296,19,0
ep_00098.20hz.npz,80,0.2998351886585108,0.008093596541798679,19,0
ep_00099.20hz.npz,80,0.2998351886585108,0.008096399450123441,19,0
ep_00100.20hz.npz,82,0.2998351886585108,0.008291559003240082,18,0
ep_00101.20hz.npz,82,0.2998351886585108,0.007901314098354038,19,0
ep_00102.20hz.npz,82,0.2998351886585108,0.007898696062700196,19,0
ep_00103.20hz.npz,82,0.2998351886585108,0.00790349485350019,19,0
ep_00104.20hz.npz,80,0.2998294408823332,0.008098083164565843,19,0
ep_00105.20hz.npz,80,0.2998294408823332,0.008096193542998967,19,0
ep_00106.20hz.npz,80,0.2998294408823332,0.008095388703247903,19,0
ep_00107.20hz.npz,80,0.2998294408823332,0.008099896230631735,19,0
ep_00108.20hz.npz,80,0.2998294408823332,0.008495109075996262,18,0
ep_00109.20hz.npz,80,0.5000372155975072,0.014901593591383933,20,0
ep_00110.20hz.npz,80,0.5000381835019818,0.014898921728521378,20,0
ep_00111.20hz.npz,80,0.5000373752678124,0.014901493394642997,20,0
ep_00112.20hz.npz,80,0.2998416909368937,0.008097401016964777,19,0
ep_00113.20hz.npz,80,0.2998416909368937,0.00809716323493084,19,0
ep_00114.20hz.npz,80,0.2998416909368937,0.00809516689245022,19,0
ep_00115.20hz.npz,80,0.2998416909368937,0.008098918357833626,19,0
ep_00116.20hz.npz,81,0.2998416909368937,0.006221573412144564,17,0
ep_00117.20hz.npz,82,0.5000380242412545,0.01453908545113212,20,0
ep_00118.20hz.npz,82,0.5000371863727116,0.014538156430436192,20,0
ep_00119.20hz.npz,82,0.5000367145632272,0.01454106426797209,20,0
ep_00120.20hz.npz,80,0.29983512966956916,0.008098672806484599,19,0
ep_00121.20hz.npz,80,0.29983512966956916,0.00809871845809223,19,0
ep_00122.20hz.npz,80,0.29983512966956916,0.008099262180276484,19,0
ep_00123.20hz.npz,80,0.29983512966956916,0.008098978324494396,19,0
ep_00124.20hz.npz,84,0.29983512966956916,0.007715840245901051,19,0
ep_00125.20hz.npz,86,0.5000377983350253,0.01386813361862191,20,0
ep_00126.20hz.npz,86,0.5000382170341041,0.013867707213663968,20,0
ep_00127.20hz.npz,86,0.5000383471497563,0.013865046389305148,20,0
ep_00128.20hz.npz,80,0.2998370374541889,0.008098424310570961,19,0
ep_00129.20hz.npz,80,0.2998370374541889,0.008096153863067713,19,0
ep_00130.20hz.npz,80,0.2998370374541889,0.008097438445579254,19,0
ep_00131.20hz.npz,80,0.2998370374541889,0.008099052010903664,19,0
ep_00132.20hz.npz,84,0.2998370374541889,0.008094012275704736,18,0
ep_00133.20hz.npz,84,0.2998370374541889,0.007716165636154397,19,0
ep_00134.20hz.npz,84,0.2998370374541889,0.007713467406641074,19,0
ep_00135.20hz.npz,84,0.2998370374541889,0.00771711086758393,19,0
ep_00136.20hz.npz,80,0.29983849648878036,0.008098038636803402,19,0
ep_00137.20hz.npz,80,0.29983849648878036,0.008097642333320939,19,0
ep_00138.20hz.npz,80,0.29983849648878036,0.008096335663845548,19,0
ep_00139.20hz.npz,80,0.29983849648878036,0.008101606832799172,19,0
ep_00140.20hz.npz,80,0.50003759313804,0.01490162470983245,20,0
ep_00141.20hz.npz,78,0.29983849648878036,0.008302458055297945,19,0
ep_00142.20hz.npz,78,0.29983849648878036,0.008301446927008599,19,0
ep_00143.20hz.npz,78,0.29983849648878036,0.00830852490924673,19,0
ep_00144.20hz.npz,160,0.2998507895269713,0.004087202874647154,19,0
ep_00145.20hz.npz,160,0.29983822106542934,0.00408478569861626,19,0
ep_00146.20hz.npz,160,0.2998170169669304,0.00408456478332783,19,0
ep_00147.20hz.npz,160,0.2998126246815416,0.0040819809002286935,19,0
ep_00148.20hz.npz,160,0.2998120457451622,0.004080802677275987,19,0
ep_00149.20hz.npz,160,0.29981985981975356,0.004087161912882569,19,0
ep_00150.20hz.npz,160,0.2998392378753696,0.004078771137309515,19,0
ep_00151.20hz.npz,160,0.2998285841067332,0.004089659459170715,19,0
ep_00152.20hz.npz,160,0.2998322647420639,0.004083966631972922,19,0
ep_00153.20hz.npz,160,0.2998276922886003,0.004084521998144189,19,0
ep_00154.20hz.npz,160,0.29983450864031636,0.004083097226413783,19,0
ep_00155.20hz.npz,160,0.29984317344469447,0.004081386045911109,19,0
ep_00156.20hz.npz,160,0.29984567909983273,0.004082125706528965,19,0
ep_00157.20hz.npz,160,0.2998079352680154,0.004078525387725862,19,0
ep_00158.20hz.npz,160,0.29982182000644764,0.004082512630189702,19,0
ep_00159.20hz.npz,160,0.2998537668222745,0.004083556723676405,19,0
ep_00000.20hz.npz,80,0.29984330102297474,0.008096407713978633,19,0
ep_00001.20hz.npz,80,0.29984330102297474,0.008097749868263204,19,0
ep_00002.20hz.npz,80,0.29984330102297474,0.008097831178559792,19,0
ep_00003.20hz.npz,80,0.29984330102297474,0.008102926859967798,19,0
ep_00004.20hz.npz,81,0.29984330102297474,0.00622091626288124,17,0
ep_00005.20hz.npz,82,0.29984330102297474,0.008289316531834358,18,0
ep_00006.20hz.npz,82,0.29984330102297474,0.008289521043410627,18,0
ep_00007.20hz.npz,82,0.29984330102297474,0.008290876656921319,18,0
ep_00008.20hz.npz,80,0.2998433510852647,0.008097319681029709,19,0
ep_00009.20hz.npz,80,0.2998433510852647,0.00809874690825681,19,0
ep_00010.20hz.npz,80,0.2998433510852647,0.008099185559708101,19,0
ep_00011.20hz.npz,80,0.2998433510852647,0.008099197267055278,19,0
ep_00012.20hz.npz,84,0.2998433510852647,0.0077162351973416995,19,0
ep_00013.20hz.npz,83,0.2998433510852647,0.006073200129612041,17,0
ep_00014.20hz.npz,83,0.2998433510852647,0.006073912573824189,17,0
ep_00015.20hz.npz,83,0.2998433510852647,0.00607458880041694,17,0
ep_00016.20hz.npz,80,0.29983187748594686,0.008097442762131481,19,0
ep_00017.20hz.npz,80,0.29983187748594686,0.008098571373544444,19,0
ep_00018.20hz.npz,80,0.29983187748594686,0.008096413843209492,19,0
ep_00019.20hz.npz,80,0.29983187748594686,0.008100651226272812,19,0
ep_00020.20hz.npz,82,0.29983187748594686,0.008289918885433638,18,0
ep_00021.20hz.npz,82,0.29983187748594686,0.00790215392912442,19,0
ep_00022.20hz.npz,82,0.29983187748594686,0.00789986662162323,19,0
ep_00023.20hz.npz,82,0.29983187748594686,0.007903894389572912,19,0
ep_00024.20hz.npz,80,0.29983040362144175,0.008098005184865807,19,0
ep_00025.20hz.npz,80,0.29983040362144175,0.008098658521307313,19,0
ep_00026.20hz.npz,80,0.29983040362144175,0.008096447109883326,19,0
ep_00027.20hz.npz,80,0.29983040362144175,0.008098550571934046,19,0
ep_00028.20hz.npz,80,0.29983040362144175,0.008495926272659379,18,0
ep_00029.20hz.npz,80,0.5000383826840615,0.014901462405897103,20,0
ep_00030.20hz.npz,80,0.5000374321568257,0.014901263358926359,20,0
ep_00031.20hz.npz,80,0.500039349500552,0.01490334811822538,20,0
ep_00032.20hz.npz,80,0.2998422289648388,0.008097546930967158,19,0
ep_00033.20hz.npz,80,0.2998422289648388,0.00809808626228975,19,0
ep_00034.20hz.npz,80,0.2998422289648388,0.008097230718528995,19,0
ep_00035.20hz.npz,80,0.2998422289648388,0.008098641280052906,19,0
ep_00036.20hz.npz,81,0.2998422289648388,0.006220532007829965,17,0
ep_00037.20hz.npz,82,0.500036994386139,0.014540183907022178,20,0
ep_00038.20hz.npz,82,0.5000373846576052,0.014536434008032024,20,0
ep_00039.20hz.npz,82,0.5000369152006674,0.01453587866393596,20,0
ep_00040.20hz.npz,80,0.29983586982792376,0.008097842072544197,19,0
ep_00041.20hz.npz,80,0.29983586982792376,0.008097720879264109,19,0
ep_00042.20hz.npz,80,0.29983586982792376,0.008098692100765189,19,0
ep_00043.20hz.npz,80,0.29983586982792376,0.00809903138160815,19,0
ep_00044.20hz.npz,84,0.29983586982792376,0.007715471402651812,19,0
ep_00045.20hz.npz,86,0.5000377576520603,0.013866749028869519,20,0
ep_00046.20hz.npz,86,0.50003754159367,0.013868283666652948,20,0
ep_00047.20hz.npz,86,0.5000375343723916,0.013868119476121443,20,0
ep_00048.20hz.npz,80,0.2998404728326607,0.008098300952331473,19,0
ep_00049.20hz.npz,80,0.2998404728326607,0.008098648996315337,19,0
ep_00050.20hz.npz,80,0.2998404728326607,0.008100520058076937,19,0
ep_00051.20hz.npz,80,0.2998404728326607,0.008103199633983923,19,0
ep_00052.20hz.npz,84,0.2998404728326607,0.008096149763158164,18,0
ep_00053.20hz.npz,84,0.2998404728326607,0.0077159773173619845,19,0
ep_00054.20hz.npz,84,0.2998404728326607,0.007718268409449253,19,0
ep_00055.20hz.npz,84,0.2998404728326607,0.00771941435327458,19,0
ep_00056.20hz.npz,80,0.2998388996902135,0.008099061217418813,19,0
ep_00057.20hz.npz,80,0.2998388996902135,0.008099438558272989,19,0
ep_00058.20hz.npz,80,0.2998388996902135,0.008099139650319272,19,0
ep_00059.20hz.npz,80,0.2998388996902135,0.00810362049836505,19,0
ep_00060.20hz.npz,80,0.5000375410936804,0.01490238747159682,20,0
ep_00061.20hz.npz,78,0.2998388996902135,0.00830423445281027,19,0
ep_00062.20hz.npz,78,0.2998388996902135,0.008303257239695291,19,0
ep_00063.20hz.npz,78,0.2998388996902135,0.008304162591593892,19,0
ep_00064.20hz.npz,160,0.2998567215169202,0.004087285274024839,19,0
ep_00065.20hz.npz,160,0.2998600661828097,0.004084772781561405,19,0
ep_00066.20hz.npz,160,0.2997877220766335,0.004082662646552026,19,0
ep_00067.20hz.npz,160,0.29980800049908063,0.004091980653883719,19,0
ep_00068.20hz.npz,160,0.299819717372929,0.004088524232846926,19,0
ep_00069.20hz.npz,160,0.29984665994757087,0.00408746196050507,19,0
ep_00070.20hz.npz,160,0.2998285832926797,0.004089645402375098,19,0
ep_00071.20hz.npz,160,0.2998392936263513,0.004087065481024483,19,0
ep_00072.20hz.npz,160,0.2998433137747145,0.004085938097545273,19,0
ep_00073.20hz.npz,160,0.2998261204941235,0.004094879073272847,19,0
ep_00074.20hz.npz,160,0.29983508744418375,0.004087745166403756,19,0
ep_00075.20hz.npz,160,0.2998401597512812,0.004083825792397077,19,0
ep_00076.20hz.npz,160,0.29984321498673516,0.004087873976661273,19,0
ep_00077.20hz.npz,160,0.299804751971562,0.004084392675452289,19,0
ep_00078.20hz.npz,160,0.2998293959561744,0.0040854205134721235,19,0
ep_00079.20hz.npz,160,0.2998490026063704,0.0040864549885090305,19,0
