transition,metric,cluster_mean,cluster_ci_low,cluster_ci_high,num_pairs,num_clusters
normal->friction_low,dE_self,0.6804251067314424,0.6674423000627583,0.6934613194282596,5510,951
normal->friction_low,P_target,-0.17157367392855744,-0.18430746402772255,-0.15871323868841655,5510,951
normal->friction_low,S_dir,0.3033605776359899,0.2976605399143192,0.3090795129073813,5510,951
normal->friction_low,S_mag,0.9919153061858232,0.9842788511346212,0.9996332353267777,5510,951
normal->friction_low,M_shift_cross,1.427579484199284,1.4129983220132845,1.4419140187036095,5510,951
same(normal),M_same,0.5463809819267587,0.5393931504816825,0.5532855822901238,6792,552
normal->friction_low,M_cross_minus_M_same,0.8812253027098559,0.8652059539326996,0.8972581797155271,12302,1503
friction_low->normal,dE_self,-0.16450104616468092,-0.1771343623199937,-0.1516557644710621,5510,951
friction_low->normal,P_target,0.6869523014913087,0.6742360203990132,0.6995767874257383,5510,951
friction_low->normal,S_dir,0.3205420715532016,0.31497573883270324,0.3261672337684343,5510,951
friction_low->normal,S_mag,0.9961634844893721,0.9885890528519196,1.004072314558021,5510,951
friction_low->normal,M_shift_cross,1.434384288497698,1.4206535030969698,1.4486889999520107,5510,951
same(friction_low),M_same,1.0669180803209721,1.0500104531818684,1.0832841563264484,2044,360
friction_low->normal,M_cross_minus_M_same,0.36741769254529283,0.34564153031572936,0.38994509157785834,7554,1311
normal->friction_vlow,dE_self,1.274651964906968,1.242923958254481,1.3051707971760078,2675,536
normal->friction_vlow,P_target,-0.3774055802554763,-0.42009743241729547,-0.3353999150255869,2675,536
normal->friction_vlow,S_dir,0.3786276277925723,0.37036772405741786,0.38691450053724963,2675,536
normal->friction_vlow,S_mag,1.1783957565004926,1.1558310541761239,1.2012116476700139,2675,536
normal->friction_vlow,M_shift_cross,2.0214590942603095,1.9897222477945724,2.0522300035347727,2675,536
same(normal),M_same,0.5464333994224043,0.5396936879828071,0.5531643558118755,6792,552
normal->friction_vlow,M_cross_minus_M_same,1.475175854314049,1.4418099002223919,1.5065965783446802,9467,1088
friction_vlow->normal,dE_self,-0.35859380166583626,-0.4007963184348366,-0.3173944075743098,2675,536
friction_vlow->normal,P_target,1.269791251031783,1.2402372066482947,1.2997247678948076,2675,536
friction_vlow->normal,S_dir,0.39494488199908645,0.386994737568169,0.4031324857267351,2675,536
friction_vlow->normal,S_mag,1.1848238809667728,1.1621734981065146,1.2071640617804211,2675,536
friction_vlow->normal,M_shift_cross,2.0309996031425466,2.000268654767277,2.0615255054084325,2675,536
same(friction_vlow),M_same,1.3360802567499652,1.2929218450914566,1.3803568141072973,566,112
friction_vlow->normal,M_cross_minus_M_same,0.694659262021318,0.6401595045149787,0.747892575836328,3241,648
