split,lead,axis,ccopy,M0,M1,M2,M3,best_model,context_minus_direct
A_unseen_anchor_seen_family,0.25s,vx,0.0559058003127574,0.0398,0.041,0.0395,0.041,M2,0.00121
A_unseen_anchor_seen_family,0.25s,vy,0.0561630725860595,0.0366,0.035,0.0385,0.0349,M3,-0.00161
A_unseen_anchor_seen_family,0.25s,wz,0.0923801809549331,0.0878,0.088,0.0875,0.0881,M2,0.00021
A_unseen_anchor_seen_family,1.0s,vx,0.0603324174880981,0.0432,0.0418,0.0427,0.0417,M3,-0.00141
A_unseen_anchor_seen_family,1.0s,vy,0.1073527857661247,0.0432,0.0443,0.0491,0.0442,M0,0.00111
A_unseen_anchor_seen_family,1.0s,wz,0.1123552843928337,0.1015,0.1067,0.1061,0.1065,M0,0.0052
A_unseen_anchor_seen_family,2.0s,vx,0.0654800832271575,0.0424,0.041,0.0462,0.041,M3,-0.00133
A_unseen_anchor_seen_family,2.0s,vy,0.0641248971223831,0.0437,0.0419,0.0468,0.0418,M3,-0.00187
A_unseen_anchor_seen_family,2.0s,wz,0.088770180940628,0.078,0.0757,0.0821,0.0757,M3,-0.00232
B_seen_anchor_unseen_family,0.25s,vx,0.1502911895513534,0.1633,0.1787,0.1739,0.1787,M0,0.01544
B_seen_anchor_unseen_family,0.25s,vy,0.0294840708374977,0.0592,0.0768,0.0813,0.0764,M0,0.01759
B_seen_anchor_unseen_family,0.25s,wz,0.1515549272298813,0.1524,0.1515,0.1488,0.1514,M2,-0.0009
B_seen_anchor_unseen_family,1.0s,vx,0.3100856840610504,0.255,0.2581,0.2766,0.2592,M0,0.00316
B_seen_anchor_unseen_family,1.0s,vy,0.0401123277842998,0.059,0.0655,0.0735,0.0659,M0,0.00647
B_seen_anchor_unseen_family,1.0s,wz,0.2072108536958694,0.2017,0.209,0.226,0.2083,M0,0.00727
B_seen_anchor_unseen_family,2.0s,vx,0.1890538334846496,0.1925,0.182,0.1722,0.1818,M2,-0.01046
B_seen_anchor_unseen_family,2.0s,vy,0.0305480379611253,0.0919,0.0673,0.0619,0.0672,M2,-0.02461
B_seen_anchor_unseen_family,2.0s,wz,0.1160219237208366,0.1364,0.1385,0.1341,0.1384,M2,0.00212
C_unseen_anchor_unseen_family,0.25s,vx,0.1506673842668533,0.1571,0.1705,0.1638,0.1704,M0,0.01347
C_unseen_anchor_unseen_family,0.25s,vy,0.0298756510019302,0.062,0.0755,0.0769,0.0753,M0,0.0135
C_unseen_anchor_unseen_family,0.25s,wz,0.1441709846258163,0.1455,0.1511,0.1552,0.1508,M0,0.0056
C_unseen_anchor_unseen_family,1.0s,vx,0.3270676434040069,0.2666,0.2717,0.2871,0.2728,M0,0.00504
C_unseen_anchor_unseen_family,1.0s,vy,0.0424172393977642,0.0615,0.0694,0.0766,0.0697,M0,0.00782
C_unseen_anchor_unseen_family,1.0s,wz,0.2150799036026001,0.2092,0.2205,0.2321,0.2197,M0,0.0113
C_unseen_anchor_unseen_family,2.0s,vx,0.1965031176805496,0.1798,0.1682,0.1564,0.1678,M2,-0.01156
C_unseen_anchor_unseen_family,2.0s,vy,0.0285243894904851,0.0871,0.0668,0.06,0.0667,M2,-0.0204
C_unseen_anchor_unseen_family,2.0s,wz,0.1242741346359252,0.1524,0.1538,0.1467,0.1535,M2,0.00133
