split,variant,n_windows,mean_abs_delta_yaw_err_rad,delta_yaw_true_std,delta_yaw_true_mean_abs
A_unseen_anchor_seen_family,command-copy,288,1.5544475038225452,2.8589449461221927,1.545433980723222
A_unseen_anchor_seen_family,persistence,288,1.6787595339727381,2.8589449461221927,1.545433980723222
A_unseen_anchor_seen_family,ridge_multioutput,288,1.5489475495803562,2.8589449461221927,1.545433980723222
A_unseen_anchor_seen_family,M0_s42,288,1.5508657780624668,2.8589449461221927,1.545433980723222
A_unseen_anchor_seen_family,M0_s43,288,1.5526813318319101,2.8589449461221927,1.545433980723222
A_unseen_anchor_seen_family,M0_s44,288,1.5514862804867637,2.8589449461221927,1.545433980723222
A_unseen_anchor_seen_family,M1_s42,288,1.5554981177103602,2.8589449461221927,1.545433980723222
A_unseen_anchor_seen_family,M1_s43,288,1.5499797632355086,2.8589449461221927,1.545433980723222
A_unseen_anchor_seen_family,M1_s44,288,1.5486674328658008,2.8589449461221927,1.545433980723222
A_unseen_anchor_seen_family,M2_s42,288,1.5478264685868957,2.8589449461221927,1.545433980723222
A_unseen_anchor_seen_family,M2_s43,288,1.5471112110044085,2.8589449461221927,1.545433980723222
A_unseen_anchor_seen_family,M2_s44,288,1.5465541548587174,2.8589449461221927,1.545433980723222
A_unseen_anchor_seen_family,M3_s42,288,1.5551347023380608,2.8589449461221927,1.545433980723222
A_unseen_anchor_seen_family,M3_s43,288,1.5501047949811133,2.8589449461221927,1.545433980723222
A_unseen_anchor_seen_family,M3_s44,288,1.5485474760631202,2.8589449461221927,1.545433980723222
A_unseen_anchor_seen_family,M2_s42__donor_same_cond,288,1.5469159409022217,2.8589449461221927,1.545433980723222
A_unseen_anchor_seen_family,M2_s42__donor_wrong_cond,288,1.554018715077675,2.8589449461221927,1.545433980723222
A_unseen_anchor_seen_family,M2_s42__donor_native,288,1.5478264685868957,2.8589449461221927,1.545433980723222
A_unseen_anchor_seen_family,M2_s42__donor_zero,288,1.547282469893495,2.8589449461221927,1.545433980723222
A_unseen_anchor_seen_family,M2_s43__donor_same_cond,288,1.5456780673289259,2.8589449461221927,1.545433980723222
A_unseen_anchor_seen_family,M2_s43__donor_wrong_cond,288,1.5532480154768564,2.8589449461221927,1.545433980723222
A_unseen_anchor_seen_family,M2_s43__donor_native,288,1.5471112110044085,2.8589449461221927,1.545433980723222
A_unseen_anchor_seen_family,M2_s43__donor_zero,288,1.547209979792307,2.8589449461221927,1.545433980723222
A_unseen_anchor_seen_family,M2_s44__donor_same_cond,288,1.54590053434626,2.8589449461221927,1.545433980723222
A_unseen_anchor_seen_family,M2_s44__donor_wrong_cond,288,1.552565954082335,2.8589449461221927,1.545433980723222
A_unseen_anchor_seen_family,M2_s44__donor_native,288,1.5465541548587174,2.8589449461221927,1.545433980723222
A_unseen_anchor_seen_family,M2_s44__donor_zero,288,1.5461729896086682,2.8589449461221927,1.545433980723222
B_seen_anchor_unseen_family,command-copy,240,0.30582078350087005,1.09326597465608,0.3849695747097333
B_seen_anchor_unseen_family,persistence,240,0.795784953031689,1.09326597465608,0.3849695747097333
B_seen_anchor_unseen_family,ridge_multioutput,240,0.30433353642943417,1.09326597465608,0.3849695747097333
B_seen_anchor_unseen_family,M0_s42,240,0.30637698454782364,1.09326597465608,0.3849695747097333
B_seen_anchor_unseen_family,M0_s43,240,0.30892879559348024,1.09326597465608,0.3849695747097333
B_seen_anchor_unseen_family,M0_s44,240,0.3143194946398337,1.09326597465608,0.3849695747097333
B_seen_anchor_unseen_family,M1_s42,240,0.3398497378639877,1.09326597465608,0.3849695747097333
B_seen_anchor_unseen_family,M1_s43,240,0.3176369766270121,1.09326597465608,0.3849695747097333
B_seen_anchor_unseen_family,M1_s44,240,0.30745934329306085,1.09326597465608,0.3849695747097333
B_seen_anchor_unseen_family,M2_s42,240,0.31650949073955414,1.09326597465608,0.3849695747097333
B_seen_anchor_unseen_family,M2_s43,240,0.29276841442411145,1.09326597465608,0.3849695747097333
B_seen_anchor_unseen_family,M2_s44,240,0.3002180592094858,1.09326597465608,0.3849695747097333
B_seen_anchor_unseen_family,M3_s42,240,0.34014976572866235,1.09326597465608,0.3849695747097333
B_seen_anchor_unseen_family,M3_s43,240,0.3176265126963456,1.09326597465608,0.3849695747097333
B_seen_anchor_unseen_family,M3_s44,240,0.307294890495638,1.09326597465608,0.3849695747097333
B_seen_anchor_unseen_family,M2_s42__donor_same_cond,240,0.31850624844431874,1.09326597465608,0.3849695747097333
B_seen_anchor_unseen_family,M2_s42__donor_wrong_cond,240,0.31861947831387316,1.09326597465608,0.3849695747097333
B_seen_anchor_unseen_family,M2_s42__donor_native,240,0.31650949073955414,1.09326597465608,0.3849695747097333
B_seen_anchor_unseen_family,M2_s42__donor_zero,240,0.31413053613156083,1.09326597465608,0.3849695747097333
B_seen_anchor_unseen_family,M2_s43__donor_same_cond,240,0.2996464555586378,1.09326597465608,0.3849695747097333
B_seen_anchor_unseen_family,M2_s43__donor_wrong_cond,240,0.3037201265556117,1.09326597465608,0.3849695747097333
B_seen_anchor_unseen_family,M2_s43__donor_native,240,0.29276841442411145,1.09326597465608,0.3849695747097333
B_seen_anchor_unseen_family,M2_s43__donor_zero,240,0.29767237339168784,1.09326597465608,0.3849695747097333
B_seen_anchor_unseen_family,M2_s44__donor_same_cond,240,0.30341512574503826,1.09326597465608,0.3849695747097333
B_seen_anchor_unseen_family,M2_s44__donor_wrong_cond,240,0.30471121851354843,1.09326597465608,0.3849695747097333
B_seen_anchor_unseen_family,M2_s44__donor_native,240,0.3002180592094858,1.09326597465608,0.3849695747097333
B_seen_anchor_unseen_family,M2_s44__donor_zero,240,0.2977868765965104,1.09326597465608,0.3849695747097333
C_unseen_anchor_unseen_family,command-copy,96,2.6482465270906683,3.766836954174677,2.6095180213451385
C_unseen_anchor_unseen_family,persistence,96,2.8205367390454437,3.766836954174677,2.6095180213451385
C_unseen_anchor_unseen_family,ridge_multioutput,96,2.636609607542386,3.766836954174677,2.6095180213451385
C_unseen_anchor_unseen_family,M0_s42,96,2.6389377439084156,3.766836954174677,2.6095180213451385
C_unseen_anchor_unseen_family,M0_s43,96,2.633796947294225,3.766836954174677,2.6095180213451385
C_unseen_anchor_unseen_family,M0_s44,96,2.641151302447543,3.766836954174677,2.6095180213451385
C_unseen_anchor_unseen_family,M1_s42,96,2.6444909089710564,3.766836954174677,2.6095180213451385
C_unseen_anchor_unseen_family,M1_s43,96,2.6382541769028953,3.766836954174677,2.6095180213451385
C_unseen_anchor_unseen_family,M1_s44,96,2.637845424686869,3.766836954174677,2.6095180213451385
C_unseen_anchor_unseen_family,M2_s42,96,2.6294474970549344,3.766836954174677,2.6095180213451385
C_unseen_anchor_unseen_family,M2_s43,96,2.631058983473728,3.766836954174677,2.6095180213451385
C_unseen_anchor_unseen_family,M2_s44,96,2.6411607124842704,3.766836954174677,2.6095180213451385
C_unseen_anchor_unseen_family,M3_s42,96,2.64452741506199,3.766836954174677,2.6095180213451385
C_unseen_anchor_unseen_family,M3_s43,96,2.63804144943133,3.766836954174677,2.6095180213451385
C_unseen_anchor_unseen_family,M3_s44,96,2.637854312934602,3.766836954174677,2.6095180213451385
C_unseen_anchor_unseen_family,M2_s42__donor_same_cond,96,2.6310233683480573,3.766836954174677,2.6095180213451385
C_unseen_anchor_unseen_family,M2_s42__donor_wrong_cond,96,2.630595985675851,3.766836954174677,2.6095180213451385
C_unseen_anchor_unseen_family,M2_s42__donor_native,96,2.6294474970549344,3.766836954174677,2.6095180213451385
C_unseen_anchor_unseen_family,M2_s42__donor_zero,96,2.629093478868405,3.766836954174677,2.6095180213451385
C_unseen_anchor_unseen_family,M2_s43__donor_same_cond,96,2.630467504868284,3.766836954174677,2.6095180213451385
C_unseen_anchor_unseen_family,M2_s43__donor_wrong_cond,96,2.633064512784282,3.766836954174677,2.6095180213451385
C_unseen_anchor_unseen_family,M2_s43__donor_native,96,2.631058983473728,3.766836954174677,2.6095180213451385
C_unseen_anchor_unseen_family,M2_s43__donor_zero,96,2.6306024791362383,3.766836954174677,2.6095180213451385
C_unseen_anchor_unseen_family,M2_s44__donor_same_cond,96,2.6407954360358414,3.766836954174677,2.6095180213451385
C_unseen_anchor_unseen_family,M2_s44__donor_wrong_cond,96,2.642176675392936,3.766836954174677,2.6095180213451385
C_unseen_anchor_unseen_family,M2_s44__donor_native,96,2.6411607124842704,3.766836954174677,2.6095180213451385
C_unseen_anchor_unseen_family,M2_s44__donor_zero,96,2.6398050077259536,3.766836954174677,2.6095180213451385
supp_AQ5xQ4,command-copy,48,0.09815513724461199,0.25973754998365,0.2302504338634511
supp_AQ5xQ4,persistence,48,0.6833143487262229,0.25973754998365,0.2302504338634511
supp_AQ5xQ4,ridge_multioutput,48,0.11583422150685847,0.25973754998365,0.2302504338634511
supp_AQ5xQ4,M0_s42,48,0.11403201182062427,0.25973754998365,0.2302504338634511
supp_AQ5xQ4,M0_s43,48,0.11910748335843284,0.25973754998365,0.2302504338634511
supp_AQ5xQ4,M0_s44,48,0.12285976860051352,0.25973754998365,0.2302504338634511
supp_AQ5xQ4,M1_s42,48,0.15185522185638547,0.25973754998365,0.2302504338634511
supp_AQ5xQ4,M1_s43,48,0.12875325515245398,0.25973754998365,0.2302504338634511
supp_AQ5xQ4,M1_s44,48,0.11902834565068283,0.25973754998365,0.2302504338634511
supp_AQ5xQ4,M2_s42,48,0.12903510291750234,0.25973754998365,0.2302504338634511
supp_AQ5xQ4,M2_s43,48,0.10590133896718422,0.25973754998365,0.2302504338634511
supp_AQ5xQ4,M2_s44,48,0.10242556702966492,0.25973754998365,0.2302504338634511
supp_AQ5xQ4,M3_s42,48,0.1517669076099992,0.25973754998365,0.2302504338634511
supp_AQ5xQ4,M3_s43,48,0.12983590671792625,0.25973754998365,0.2302504338634511
supp_AQ5xQ4,M3_s44,48,0.11892228676006196,0.25973754998365,0.2302504338634511
supp_AQ5xQ4,M2_s42__donor_same_cond,48,0.12925830815608302,0.25973754998365,0.2302504338634511
supp_AQ5xQ4,M2_s42__donor_wrong_cond,48,0.12991833255315818,0.25973754998365,0.2302504338634511
supp_AQ5xQ4,M2_s42__donor_native,48,0.12903510291750234,0.25973754998365,0.2302504338634511
supp_AQ5xQ4,M2_s42__donor_zero,48,0.12566979853436352,0.25973754998365,0.2302504338634511
supp_AQ5xQ4,M2_s43__donor_same_cond,48,0.11099296466757853,0.25973754998365,0.2302504338634511
supp_AQ5xQ4,M2_s43__donor_wrong_cond,48,0.11654036032656828,0.25973754998365,0.2302504338634511
supp_AQ5xQ4,M2_s43__donor_native,48,0.10590133896718422,0.25973754998365,0.2302504338634511
supp_AQ5xQ4,M2_s43__donor_zero,48,0.1111582137644291,0.25973754998365,0.2302504338634511
supp_AQ5xQ4,M2_s44__donor_same_cond,48,0.10404329892868797,0.25973754998365,0.2302504338634511
supp_AQ5xQ4,M2_s44__donor_wrong_cond,48,0.10657433125500877,0.25973754998365,0.2302504338634511
supp_AQ5xQ4,M2_s44__donor_native,48,0.10242556702966492,0.25973754998365,0.2302504338634511
supp_AQ5xQ4,M2_s44__donor_zero,48,0.10080491146072745,0.25973754998365,0.2302504338634511
