anchor_group,command_family,rep,cond_a,cond_b,n_grid,mean_abs_e_gap_vx,mean_abs_e_gap_vy,mean_abs_e_gap_wz,max_abs_e_gap
AQ0,Q1_straight,0,normal,friction_mid,80,0.040705014020204544,0.024131182581186295,0.0496261827647686,0.21506762504577637
AQ0,Q1_straight,0,normal,friction_low,80,0.08223886787891388,0.03175993636250496,0.07552725821733475,0.4009900689125061
AQ0,Q1_straight,0,friction_mid,friction_low,80,0.05877457186579704,0.027849536389112473,0.06814198195934296,0.375383198261261
AQ0,Q1_straight,1,normal,friction_mid,81,0.043334826827049255,0.02431402914226055,0.05118025839328766,0.3834597170352936
AQ0,Q1_straight,1,normal,friction_low,81,0.07813760638237,0.028226613998413086,0.07316410541534424,0.36427032947540283
AQ0,Q1_straight,1,friction_mid,friction_low,81,0.054425034672021866,0.023378044366836548,0.06328098475933075,0.2949025332927704
AQ0,Q2_lateral,0,normal,friction_mid,80,0.01914866641163826,0.05901407077908516,0.05545271188020706,0.3749489188194275
AQ0,Q2_lateral,0,normal,friction_low,80,0.02637222409248352,0.14106838405132294,0.08446472883224487,0.6102954745292664
AQ0,Q2_lateral,0,friction_mid,friction_low,80,0.015334904193878174,0.11713752895593643,0.06690465658903122,0.4982568919658661
AQ0,Q2_lateral,1,normal,friction_mid,82,0.016650745645165443,0.05178232491016388,0.06144272908568382,0.5110301375389099
AQ0,Q2_lateral,1,normal,friction_low,82,0.022511538118124008,0.13022099435329437,0.09658832103013992,0.6557949781417847
AQ0,Q2_lateral,1,friction_mid,friction_low,82,0.01827298104763031,0.10696709901094437,0.07944419234991074,0.5134247541427612
AQ0,Q3_turn,0,normal,friction_mid,80,0.01637168787419796,0.016762500628829002,0.10661403834819794,0.7551754117012024
AQ0,Q3_turn,0,normal,friction_low,80,0.022643228992819786,0.027674401178956032,0.15065009891986847,0.862871527671814
AQ0,Q3_turn,0,friction_mid,friction_low,80,0.020465737208724022,0.021876905113458633,0.07536627352237701,0.4928858280181885
AQ0,Q3_turn,1,normal,friction_mid,82,0.01715242490172386,0.02155933529138565,0.09190637618303299,0.7695127725601196
AQ0,Q3_turn,1,normal,friction_low,82,0.020431796088814735,0.028542524203658104,0.1130826398730278,0.7531700134277344
AQ0,Q3_turn,1,friction_mid,friction_low,82,0.014899089932441711,0.02032395638525486,0.10453526675701141,0.6595065593719482
AQ0,Q4_combo,0,normal,friction_mid,80,0.05660609155893326,0.025943035259842873,0.061451785266399384,0.44690412282943726
AQ0,Q4_combo,0,normal,friction_low,80,0.16603001952171326,0.03601483628153801,0.1523713618516922,1.0033009052276611
AQ0,Q4_combo,0,friction_mid,friction_low,80,0.13769415020942688,0.03657571226358414,0.14507830142974854,0.8714402914047241
AQ0,Q4_combo,1,normal,friction_mid,82,0.055340349674224854,0.02918974868953228,0.0822235643863678,0.6789470911026001
AQ0,Q4_combo,1,normal,friction_low,82,0.17242440581321716,0.028616013005375862,0.16239865124225616,1.0738780498504639
AQ0,Q4_combo,1,friction_mid,friction_low,82,0.13878369331359863,0.032633405178785324,0.14291760325431824,0.900985836982727
AQ1,Q1_straight,0,normal,friction_mid,80,0.05181703716516495,0.016060085967183113,0.04691784828901291,0.37651264667510986
AQ1,Q1_straight,0,normal,friction_low,80,0.09009277075529099,0.0270860493183136,0.07769045978784561,0.39085882902145386
AQ1,Q1_straight,0,friction_mid,friction_low,80,0.059233736246824265,0.024838626384735107,0.06965614855289459,0.2722010016441345
AQ1,Q1_straight,1,normal,friction_mid,84,0.04423633962869644,0.02362438105046749,0.03957507386803627,0.28080499172210693
AQ1,Q1_straight,1,normal,friction_low,84,0.07715509831905365,0.027984246611595154,0.07735414057970047,0.38293135166168213
AQ1,Q1_straight,1,friction_mid,friction_low,84,0.054595641791820526,0.01918208971619606,0.06103748455643654,0.2829757332801819
AQ1,Q2_lateral,0,normal,friction_mid,80,0.01848735474050045,0.04560374468564987,0.062130965292453766,0.412117600440979
AQ1,Q2_lateral,0,normal,friction_low,80,0.02212527021765709,0.13166789710521698,0.09502173215150833,0.5382789373397827
AQ1,Q2_lateral,0,friction_mid,friction_low,80,0.016291465610265732,0.12187303602695465,0.07995782047510147,0.5010316967964172
AQ1,Q2_lateral,1,normal,friction_mid,83,0.021413518115878105,0.05046341195702553,0.06216086074709892,0.5281461477279663
AQ1,Q2_lateral,1,normal,friction_low,83,0.023720141500234604,0.13095438480377197,0.1005178838968277,0.5980877876281738
AQ1,Q2_lateral,1,friction_mid,friction_low,83,0.017936022952198982,0.10972784459590912,0.09232479333877563,0.4478656053543091
AQ1,Q3_turn,0,normal,friction_mid,80,0.019708245992660522,0.020690521225333214,0.0928882509469986,0.6591909527778625
AQ1,Q3_turn,0,normal,friction_low,80,0.0273769311606884,0.029413212090730667,0.1526268720626831,0.8251602649688721
AQ1,Q3_turn,0,friction_mid,friction_low,80,0.022727420553565025,0.023564724251627922,0.08465053886175156,0.5081177949905396
AQ1,Q3_turn,1,normal,friction_mid,83,0.013132510706782341,0.0170553270727396,0.06121745705604553,0.3446137607097626
AQ1,Q3_turn,1,normal,friction_low,83,0.027634652331471443,0.029725566506385803,0.1221211701631546,0.7609776258468628
AQ1,Q3_turn,1,friction_mid,friction_low,83,0.020438630133867264,0.025899043306708336,0.08826524019241333,0.6638829112052917
AQ1,Q4_combo,0,normal,friction_mid,80,0.08145101368427277,0.025944849476218224,0.06905883550643921,0.6565821766853333
AQ1,Q4_combo,0,normal,friction_low,80,0.19239351153373718,0.039668671786785126,0.15904223918914795,1.295475721359253
AQ1,Q4_combo,0,friction_mid,friction_low,80,0.13108983635902405,0.045583613216876984,0.14650820195674896,0.9572818279266357
AQ1,Q4_combo,1,normal,friction_mid,83,0.06662299484014511,0.032628823071718216,0.0702570229768753,0.4423729479312897
AQ1,Q4_combo,1,normal,friction_low,83,0.1875360906124115,0.033913254737854004,0.15893661975860596,1.0578832626342773
AQ1,Q4_combo,1,friction_mid,friction_low,83,0.14049462974071503,0.030613204464316368,0.12973061203956604,0.9019824862480164
AQ2,Q1_straight,0,normal,friction_mid,80,0.052886657416820526,0.027187954634428024,0.06161835789680481,0.2581186890602112
AQ2,Q1_straight,0,normal,friction_low,80,0.09075699001550674,0.030216053128242493,0.08404652029275894,0.5674960613250732
AQ2,Q1_straight,0,friction_mid,friction_low,80,0.04958032816648483,0.024922257289290428,0.07408104836940765,0.5633178949356079
AQ2,Q1_straight,1,normal,friction_mid,82,0.04568317160010338,0.027484193444252014,0.05598090961575508,0.26282384991645813
AQ2,Q1_straight,1,normal,friction_low,82,0.06643622368574142,0.03007756732404232,0.07737495005130768,0.43734464049339294
AQ2,Q1_straight,1,friction_mid,friction_low,82,0.05134447664022446,0.02567163296043873,0.07187538594007492,0.4301660358905792
AQ2,Q2_lateral,0,normal,friction_mid,80,0.020086726173758507,0.05430455878376961,0.06871803104877472,0.4155963063240051
AQ2,Q2_lateral,0,normal,friction_low,80,0.035774823278188705,0.1407998651266098,0.08542240411043167,0.6383085250854492
AQ2,Q2_lateral,0,friction_mid,friction_low,80,0.028749387711286545,0.12087434530258179,0.06768468767404556,0.4552406370639801
AQ2,Q2_lateral,1,normal,friction_mid,82,0.02307404763996601,0.059758592396974564,0.07562536746263504,0.5111015439033508
AQ2,Q2_lateral,1,normal,friction_low,82,0.03558841720223427,0.1438477337360382,0.09300558269023895,0.624879777431488
AQ2,Q2_lateral,1,friction_mid,friction_low,82,0.025997430086135864,0.11750432103872299,0.0661470964550972,0.45722246170043945
AQ2,Q3_turn,0,normal,friction_mid,80,0.02161160483956337,0.02171868458390236,0.07164811342954636,0.3842570185661316
AQ2,Q3_turn,0,normal,friction_low,80,0.034249477088451385,0.035915810614824295,0.09947893768548965,0.5824647545814514
AQ2,Q3_turn,0,friction_mid,friction_low,80,0.02342195436358452,0.02953730896115303,0.08871845155954361,0.382232666015625
AQ2,Q3_turn,1,normal,friction_mid,82,0.015645883977413177,0.015563394874334335,0.0726839229464531,0.3987305462360382
AQ2,Q3_turn,1,normal,friction_low,82,0.0346900038421154,0.03433697298169136,0.11068101972341537,0.5694011449813843
AQ2,Q3_turn,1,friction_mid,friction_low,82,0.027330150827765465,0.030668258666992188,0.0807674378156662,0.527065634727478
AQ2,Q4_combo,0,normal,friction_mid,80,0.06444410234689713,0.026937192305922508,0.07436992973089218,0.5478652715682983
AQ2,Q4_combo,0,normal,friction_low,80,0.1818399280309677,0.03317464143037796,0.17184261977672577,1.0286331176757812
AQ2,Q4_combo,0,friction_mid,friction_low,80,0.1406770795583725,0.03396783769130707,0.14565223455429077,0.8081398010253906
AQ2,Q4_combo,1,normal,friction_mid,82,0.06513234227895737,0.028741417452692986,0.06732010841369629,0.6322177648544312
AQ2,Q4_combo,1,normal,friction_low,82,0.17755816876888275,0.03903445228934288,0.17264485359191895,1.1941229104995728
AQ2,Q4_combo,1,friction_mid,friction_low,82,0.13750439882278442,0.03584294021129608,0.14228427410125732,0.7926439046859741
AQ3,Q1_straight,0,normal,friction_mid,80,0.041167959570884705,0.02038704976439476,0.04475834220647812,0.22640657424926758
AQ3,Q1_straight,0,normal,friction_low,80,0.08416024595499039,0.027194928377866745,0.08443339914083481,0.3375852108001709
AQ3,Q1_straight,0,friction_mid,friction_low,80,0.06419871747493744,0.023363817483186722,0.07717203348875046,0.2882799506187439
AQ3,Q1_straight,1,normal,friction_mid,80,0.04258356988430023,0.017384544014930725,0.03982827812433243,0.2726544737815857
AQ3,Q1_straight,1,normal,friction_low,80,0.08266635239124298,0.02638736367225647,0.08312927931547165,0.30283573269844055
AQ3,Q1_straight,1,friction_mid,friction_low,80,0.055550359189510345,0.024311114102602005,0.05849505588412285,0.2555557191371918
AQ3,Q2_lateral,0,normal,friction_mid,80,0.019489888101816177,0.04036487266421318,0.05696681886911392,0.5297582149505615
AQ3,Q2_lateral,0,normal,friction_low,80,0.023299211636185646,0.13641925156116486,0.09857238829135895,0.6450480818748474
AQ3,Q2_lateral,0,friction_mid,friction_low,80,0.016902873292565346,0.12541604042053223,0.07123138010501862,0.49242374300956726
AQ3,Q2_lateral,1,normal,friction_mid,80,0.02062780037522316,0.049185533076524734,0.0597628653049469,0.5891646146774292
AQ3,Q2_lateral,1,normal,friction_low,80,0.022599855437874794,0.14165739715099335,0.09720830619335175,0.6812466979026794
AQ3,Q2_lateral,1,friction_mid,friction_low,80,0.017591843381524086,0.11767622083425522,0.06759625673294067,0.4641801118850708
AQ3,Q3_turn,0,normal,friction_mid,80,0.01588599942624569,0.02077348902821541,0.07185069471597672,0.39491912722587585
AQ3,Q3_turn,0,normal,friction_low,80,0.025383438915014267,0.03208460658788681,0.11293590068817139,0.5879655480384827
AQ3,Q3_turn,0,friction_mid,friction_low,80,0.02117147669196129,0.027616214007139206,0.08861134201288223,0.5182640552520752
AQ3,Q3_turn,1,normal,friction_mid,80,0.011750448495149612,0.023698169738054276,0.07330624759197235,0.36739957332611084
AQ3,Q3_turn,1,normal,friction_low,80,0.02513052150607109,0.032878365367650986,0.10854178667068481,0.7311472296714783
AQ3,Q3_turn,1,friction_mid,friction_low,80,0.022387925535440445,0.031073888763785362,0.08571381866931915,0.5891620516777039
AQ3,Q4_combo,0,normal,friction_mid,80,0.06519642472267151,0.02917381562292576,0.10237084329128265,0.5728292465209961
AQ3,Q4_combo,0,normal,friction_low,80,0.17909692227840424,0.03435743972659111,0.15426738560199738,1.0088845491409302
AQ3,Q4_combo,0,friction_mid,friction_low,80,0.16778138279914856,0.04518694803118706,0.14411164820194244,0.8042209148406982
AQ3,Q4_combo,1,normal,friction_mid,80,0.07899713516235352,0.03119966760277748,0.08952007442712784,0.8513142466545105
AQ3,Q4_combo,1,normal,friction_low,80,0.15494580566883087,0.04109599068760872,0.13310463726520538,0.7614858150482178
AQ3,Q4_combo,1,friction_mid,friction_low,80,0.10608609020709991,0.03551723435521126,0.101715087890625,0.5796732902526855
AQ4,Q1_straight,0,normal,friction_mid,80,0.04606696218252182,0.02404605969786644,0.06207076832652092,0.28145065903663635
AQ4,Q1_straight,0,normal,friction_low,80,0.07952176034450531,0.02524753287434578,0.07408582419157028,0.34182286262512207
AQ4,Q1_straight,0,friction_mid,friction_low,80,0.05307170748710632,0.025087308138608932,0.06353862583637238,0.2731073200702667
AQ4,Q1_straight,1,normal,friction_mid,81,0.05473905801773071,0.023781374096870422,0.05717748403549194,0.3090689778327942
AQ4,Q1_straight,1,normal,friction_low,81,0.09589673578739166,0.026310773566365242,0.08486023545265198,0.4238477349281311
AQ4,Q1_straight,1,friction_mid,friction_low,81,0.06360650062561035,0.02228728123009205,0.06806089729070663,0.3531016707420349
AQ4,Q2_lateral,0,normal,friction_mid,80,0.020206794142723083,0.0446232371032238,0.06628986448049545,0.32536572217941284
AQ4,Q2_lateral,0,normal,friction_low,80,0.025508910417556763,0.13716639578342438,0.09372395277023315,0.5750932693481445
AQ4,Q2_lateral,0,friction_mid,friction_low,80,0.021192321553826332,0.11160922050476074,0.07422782480716705,0.44707953929901123
AQ4,Q2_lateral,1,normal,friction_mid,82,0.023722397163510323,0.04860962927341461,0.06397434324026108,0.3697502911090851
AQ4,Q2_lateral,1,normal,friction_low,82,0.03203955665230751,0.1300695538520813,0.08990241587162018,0.536554217338562
AQ4,Q2_lateral,1,friction_mid,friction_low,82,0.020338602364063263,0.1083926111459732,0.073504738509655,0.4254191517829895
AQ4,Q3_turn,0,normal,friction_mid,80,0.012667061761021614,0.015274882316589355,0.07563862949609756,0.3428772985935211
AQ4,Q3_turn,0,normal,friction_low,80,0.029600346460938454,0.03163337707519531,0.15136222541332245,0.765233039855957
AQ4,Q3_turn,0,friction_mid,friction_low,80,0.02272064983844757,0.02610551193356514,0.09750206768512726,0.4830544590950012
AQ4,Q3_turn,1,normal,friction_mid,82,0.011648940853774548,0.019532233476638794,0.061210747808218,0.5696467161178589
AQ4,Q3_turn,1,normal,friction_low,82,0.024995725601911545,0.03479224443435669,0.13839426636695862,0.6043374538421631
AQ4,Q3_turn,1,friction_mid,friction_low,82,0.023980461061000824,0.029109546914696693,0.1029137372970581,0.4816153049468994
AQ4,Q4_combo,0,normal,friction_mid,80,0.07482974231243134,0.030639782547950745,0.07724984735250473,0.7025784254074097
AQ4,Q4_combo,0,normal,friction_low,80,0.16443340480327606,0.037459880113601685,0.12483663856983185,0.7880144119262695
AQ4,Q4_combo,0,friction_mid,friction_low,80,0.11170108616352081,0.03854231908917427,0.09174339473247528,0.6067016124725342
AQ4,Q4_combo,1,normal,friction_mid,82,0.06652513146400452,0.02703700214624405,0.07488451898097992,0.5727726221084595
AQ4,Q4_combo,1,normal,friction_low,82,0.1680138111114502,0.04271811246871948,0.14927595853805542,0.8230414986610413
AQ4,Q4_combo,1,friction_mid,friction_low,82,0.12217969447374344,0.03935210406780243,0.12123265862464905,0.4968055486679077
AQ5,Q1_straight,0,normal,friction_mid,80,0.05373678356409073,0.022876884788274765,0.059826962649822235,0.23951151967048645
AQ5,Q1_straight,0,normal,friction_low,80,0.08165828883647919,0.033271465450525284,0.07990451157093048,0.4444704055786133
AQ5,Q1_straight,0,friction_mid,friction_low,80,0.050203192979097366,0.026860833168029785,0.05667848512530327,0.33043140172958374
AQ5,Q1_straight,1,normal,friction_mid,84,0.04435575008392334,0.021169466897845268,0.05277114361524582,0.22191494703292847
AQ5,Q1_straight,1,normal,friction_low,84,0.08580037206411362,0.03597154840826988,0.07408655434846878,0.2923707365989685
AQ5,Q1_straight,1,friction_mid,friction_low,84,0.05442558601498604,0.027413109317421913,0.06962734460830688,0.29036158323287964
AQ5,Q2_lateral,0,normal,friction_mid,80,0.019267773255705833,0.04214925691485405,0.059375979006290436,0.3332411050796509
AQ5,Q2_lateral,0,normal,friction_low,80,0.022439533844590187,0.1303495168685913,0.10109658539295197,0.5386267900466919
AQ5,Q2_lateral,0,friction_mid,friction_low,80,0.018508553504943848,0.11414675414562225,0.08744200319051743,0.5002500414848328
AQ5,Q2_lateral,1,normal,friction_mid,86,0.020565293729305267,0.0454532727599144,0.0582733191549778,0.34058547019958496
AQ5,Q2_lateral,1,normal,friction_low,86,0.02379121072590351,0.12822717428207397,0.07975056022405624,0.5258839130401611
AQ5,Q2_lateral,1,friction_mid,friction_low,86,0.019268928095698357,0.10041873157024384,0.06887391209602356,0.423249751329422
AQ5,Q3_turn,0,normal,friction_mid,80,0.022654971107840538,0.015326268970966339,0.10717572271823883,0.8184068202972412
AQ5,Q3_turn,0,normal,friction_low,80,0.03241343051195145,0.028853964060544968,0.19213013350963593,0.813844621181488
AQ5,Q3_turn,0,friction_mid,friction_low,80,0.015644636005163193,0.02397286519408226,0.11665811389684677,0.8355600237846375
AQ5,Q3_turn,1,normal,friction_mid,86,0.02338092215359211,0.024268407374620438,0.12674875557422638,0.9227226376533508
AQ5,Q3_turn,1,normal,friction_low,86,0.04138797149062157,0.03503426909446716,0.19115152955055237,0.9102721214294434
AQ5,Q3_turn,1,friction_mid,friction_low,86,0.028306592255830765,0.025812210515141487,0.1023169755935669,0.6286016702651978
AQ5,Q4_combo,0,normal,friction_mid,80,0.03900573030114174,0.022915152832865715,0.07071224600076675,0.3295043110847473
AQ5,Q4_combo,0,normal,friction_low,80,0.19777986407279968,0.04377637431025505,0.16677138209342957,1.2491049766540527
AQ5,Q4_combo,0,friction_mid,friction_low,80,0.1822652518749237,0.04489303380250931,0.15500709414482117,1.1945500373840332
AQ5,Q4_combo,1,normal,friction_mid,86,0.05685272440314293,0.02354028820991516,0.07581213861703873,0.7703602910041809
AQ5,Q4_combo,1,normal,friction_low,86,0.18432751297950745,0.03313366696238518,0.15456435084342957,1.1240813732147217
AQ5,Q4_combo,1,friction_mid,friction_low,86,0.15131914615631104,0.032419078052043915,0.13714441657066345,0.9164618849754333
AQ6,Q1_straight,0,normal,friction_mid,80,0.04799116402864456,0.020577680319547653,0.05448349192738533,0.31169283390045166
AQ6,Q1_straight,0,normal,friction_low,80,0.07564910501241684,0.03140191361308098,0.0711870938539505,0.3127075433731079
AQ6,Q1_straight,0,friction_mid,friction_low,80,0.04417141154408455,0.02584627829492092,0.06623847782611847,0.28247761726379395
AQ6,Q1_straight,1,normal,friction_mid,84,0.033148929476737976,0.019842559471726418,0.039647359400987625,0.2757894992828369
AQ6,Q1_straight,1,normal,friction_low,84,0.0809992179274559,0.030142685398459435,0.07631918042898178,0.4448056221008301
AQ6,Q1_straight,1,friction_mid,friction_low,84,0.06171349808573723,0.02498728409409523,0.059654563665390015,0.3526029884815216
AQ6,Q2_lateral,0,normal,friction_mid,80,0.018773343414068222,0.04159882664680481,0.0537676103413105,0.2599034309387207
AQ6,Q2_lateral,0,normal,friction_low,80,0.0268262829631567,0.13387414813041687,0.07239693403244019,0.6125905513763428
AQ6,Q2_lateral,0,friction_mid,friction_low,80,0.018326586112380028,0.1284414380788803,0.06373466551303864,0.48582732677459717
AQ6,Q2_lateral,1,normal,friction_mid,84,0.023096244782209396,0.054930318146944046,0.05969852954149246,0.3366292417049408
AQ6,Q2_lateral,1,normal,friction_low,84,0.025340914726257324,0.12951557338237762,0.09390176832675934,0.598835289478302
AQ6,Q2_lateral,1,friction_mid,friction_low,84,0.02102145180106163,0.10800217092037201,0.08185824751853943,0.5422872304916382
AQ6,Q3_turn,0,normal,friction_mid,80,0.013430632650852203,0.02164177969098091,0.06473289430141449,0.4345589876174927
AQ6,Q3_turn,0,normal,friction_low,80,0.026916390284895897,0.030613750219345093,0.0882960632443428,0.570960283279419
AQ6,Q3_turn,0,friction_mid,friction_low,80,0.02158278226852417,0.022853052243590355,0.07301399111747742,0.3832108974456787
AQ6,Q3_turn,1,normal,friction_mid,84,0.017543431371450424,0.023985987529158592,0.07847888022661209,0.5551643371582031
AQ6,Q3_turn,1,normal,friction_low,84,0.03301386535167694,0.03249431774020195,0.13726729154586792,0.7306411266326904
AQ6,Q3_turn,1,friction_mid,friction_low,84,0.0222907904535532,0.02755868062376976,0.09014695882797241,0.4562927186489105
AQ6,Q4_combo,0,normal,friction_mid,80,0.0542096383869648,0.027003267779946327,0.10238649696111679,0.8010860681533813
AQ6,Q4_combo,0,normal,friction_low,80,0.17171485722064972,0.0339718759059906,0.17243017256259918,1.0603740215301514
AQ6,Q4_combo,0,friction_mid,friction_low,80,0.13173943758010864,0.035070933401584625,0.13605573773384094,0.7405495643615723
AQ6,Q4_combo,1,normal,friction_mid,84,0.07513655722141266,0.023916933685541153,0.09241369366645813,0.5193189978599548
AQ6,Q4_combo,1,normal,friction_low,84,0.1773618459701538,0.040328532457351685,0.15962868928909302,0.959659218788147
AQ6,Q4_combo,1,friction_mid,friction_low,84,0.14436395466327667,0.0411418117582798,0.1338297426700592,0.7069740295410156
AQ7,Q1_straight,0,normal,friction_mid,80,0.0483376681804657,0.02370416559278965,0.05911802127957344,0.21890191733837128
AQ7,Q1_straight,0,normal,friction_low,80,0.06371158361434937,0.030649613589048386,0.08375038206577301,0.3423716127872467
AQ7,Q1_straight,0,friction_mid,friction_low,80,0.04726063460111618,0.025459859520196915,0.06551851332187653,0.3314366936683655
AQ7,Q1_straight,1,normal,friction_mid,80,0.04680874943733215,0.023633847013115883,0.06830952316522598,0.23931831121444702
AQ7,Q1_straight,1,normal,friction_low,80,0.0737258791923523,0.028473174199461937,0.07967247068881989,0.39486411213874817
AQ7,Q1_straight,1,friction_mid,friction_low,80,0.06304650008678436,0.023097535595297813,0.06493689864873886,0.2063472419977188
AQ7,Q2_lateral,0,normal,friction_mid,80,0.021864261478185654,0.042456287890672684,0.0648016557097435,0.43512940406799316
AQ7,Q2_lateral,0,normal,friction_low,80,0.028055351227521896,0.12779422104358673,0.09169847518205643,0.5406110882759094
AQ7,Q2_lateral,0,friction_mid,friction_low,80,0.0204112958163023,0.12756787240505219,0.07054056227207184,0.490313321352005
AQ7,Q2_lateral,1,normal,friction_mid,78,0.02637498266994953,0.04923691973090172,0.05933191254734993,0.35977277159690857
AQ7,Q2_lateral,1,normal,friction_low,78,0.029514683410525322,0.13578537106513977,0.08842826634645462,0.5784724354743958
AQ7,Q2_lateral,1,friction_mid,friction_low,78,0.021258940920233727,0.12507924437522888,0.0732772946357727,0.4588542878627777
AQ7,Q3_turn,0,normal,friction_mid,80,0.01935512386262417,0.026781031861901283,0.09501683712005615,0.7827771902084351
AQ7,Q3_turn,0,normal,friction_low,80,0.029416721314191818,0.03204653039574623,0.15749868750572205,0.7394343018531799
AQ7,Q3_turn,0,friction_mid,friction_low,80,0.021886544302105904,0.023315783590078354,0.09696710109710693,0.3544090986251831
AQ7,Q3_turn,1,normal,friction_mid,78,0.024345913901925087,0.020780125632882118,0.10288894176483154,0.7088297009468079
AQ7,Q3_turn,1,normal,friction_low,78,0.02727982960641384,0.030371641740202904,0.14522798359394073,0.7450143098831177
AQ7,Q3_turn,1,friction_mid,friction_low,78,0.02676018327474594,0.02825249545276165,0.08667798340320587,0.37907832860946655
AQ7,Q4_combo,0,normal,friction_mid,80,0.061550576239824295,0.03002116084098816,0.07306234538555145,0.47257423400878906
AQ7,Q4_combo,0,normal,friction_low,80,0.16684041917324066,0.035783372819423676,0.1440652757883072,0.8691267967224121
AQ7,Q4_combo,0,friction_mid,friction_low,80,0.13403289020061493,0.03716462478041649,0.13497929275035858,0.8323310017585754
AQ7,Q4_combo,1,normal,friction_mid,78,0.06669577211141586,0.02119409665465355,0.07490835338830948,0.5456666946411133
AQ7,Q4_combo,1,normal,friction_low,78,0.19079098105430603,0.042841508984565735,0.16408513486385345,0.9154298305511475
AQ7,Q4_combo,1,friction_mid,friction_low,78,0.1431216150522232,0.037999287247657776,0.1413392424583435,0.7146477699279785
