split,diff,mean,ci_low,ci_high,crosses_zero,n_windows,n_episode_clusters,n_anchor_groups,scope
A_unseen_anchor_seen_family,M1-M0,-0.001076877349987626,-0.0016167435966457965,-0.0005544788242938629,False,288,36,2,EXPLORATORY
A_unseen_anchor_seen_family,M2-M1,0.00376470061019063,0.0021477955487272183,0.005630015074469458,False,288,36,2,EXPLORATORY
A_unseen_anchor_seen_family,M3-M1,-5.0742786697810516e-05,-6.775274297170755e-05,-3.361731942277402e-05,False,288,36,2,EXPLORATORY
A_unseen_anchor_seen_family,M1-command-copy,-0.024407945573329926,-0.03353256503728012,-0.01656874171005459,False,288,36,2,EXPLORATORY
A_unseen_anchor_seen_family,M2-ridge,0.0015276693363482005,0.00041868444794613386,0.002654633670325116,False,288,36,2,EXPLORATORY
A_unseen_anchor_seen_family,persistence-correct_vs_OLD_wrong_axis,0.010638167150318623,0.005579809678925408,0.015955745994708396,False,288,36,2,EXPLORATORY
A_unseen_anchor_seen_family,M2donor_native-zero,-0.0028878224547952414,-0.005352751660393551,-0.0005699367631071564,False,288,36,2,EXPLORATORY
A_unseen_anchor_seen_family,M2donor_native-same_cond,0.005373292602598667,0.0025813870610565774,0.008480678490337191,False,288,36,2,EXPLORATORY
A_unseen_anchor_seen_family,M2donor_native-wrong_cond,-0.016150321811437607,-0.02000490706381647,-0.01236784230633122,False,288,36,2,EXPLORATORY
A_unseen_anchor_seen_family,M2donor_same-wrong_cond,-0.02152361534535885,-0.027159671577909546,-0.015978525254953035,False,288,36,2,EXPLORATORY
A_unseen_anchor_seen_family,M1cvar_native-cross_support,-0.01852964423596859,-0.021022177988197655,-0.015870513274825904,False,288,36,2,EXPLORATORY
A_unseen_anchor_seen_family,M1cvar_native-diff_condition,-0.020247049629688263,-0.023556656253963915,-0.017082759704337352,False,288,36,2,EXPLORATORY
A_unseen_anchor_seen_family,M1cvar_native-zero,-0.008904067799448967,-0.012021319912229147,-0.006131134539868476,False,288,36,2,EXPLORATORY
A_unseen_anchor_seen_family,M1cvar_native-shuffle,-0.01575002633035183,-0.01937040685960609,-0.012389707049523068,False,288,36,2,EXPLORATORY
B_seen_anchor_unseen_family,M1-M0,0.004270026460289955,0.003691712579069038,0.004811392532816777,False,240,30,5,EXPLORATORY
B_seen_anchor_unseen_family,M2-M1,-0.0008410882437601686,-0.0015901496595082183,-7.153852997968697e-05,False,240,30,5,EXPLORATORY
B_seen_anchor_unseen_family,M3-M1,-4.917109981761314e-05,-8.352540666237474e-05,-1.9254152818272548e-05,False,240,30,5,EXPLORATORY
B_seen_anchor_unseen_family,M1-command-copy,-0.00020260164455976337,-0.006163251852461448,0.0058557585681167715,True,240,30,5,EXPLORATORY
B_seen_anchor_unseen_family,M2-ridge,-0.0019688646310124713,-0.0033336641399436544,-0.0005582172911443641,False,240,30,5,EXPLORATORY
B_seen_anchor_unseen_family,persistence-correct_vs_OLD_wrong_axis,0.0207328163087368,0.01784973913182815,0.023518311485337715,False,240,30,5,EXPLORATORY
B_seen_anchor_unseen_family,M2donor_native-zero,0.004085282329469919,0.0032678387803025542,0.004908808025841912,False,240,30,5,EXPLORATORY
B_seen_anchor_unseen_family,M2donor_native-same_cond,0.0021221742499619722,0.0006760236194046836,0.0037596500005262577,False,240,30,5,EXPLORATORY
B_seen_anchor_unseen_family,M2donor_native-wrong_cond,-0.007577985525131226,-0.009107901869962612,-0.006019253777340055,False,240,30,5,EXPLORATORY
B_seen_anchor_unseen_family,M2donor_same-wrong_cond,-0.009700160473585129,-0.012689951182498285,-0.006742566428147257,False,240,30,5,EXPLORATORY
B_seen_anchor_unseen_family,M1cvar_native-cross_support,-0.004330289084464312,-0.006599934929981828,-0.0022019714916435384,False,240,30,5,EXPLORATORY
B_seen_anchor_unseen_family,M1cvar_native-diff_condition,-0.003452642122283578,-0.005111828790201495,-0.0019135147488365581,False,240,30,5,EXPLORATORY
B_seen_anchor_unseen_family,M1cvar_native-zero,0.0023147326428443193,0.0007112530013546348,0.0038194901371995608,False,240,30,5,EXPLORATORY
B_seen_anchor_unseen_family,M1cvar_native-shuffle,-0.001907455618493259,-0.004106592481645445,3.2727684204773845e-05,True,240,30,5,EXPLORATORY
C_unseen_anchor_unseen_family,M1-M0,0.00414157984778285,0.0033638050799102833,0.004992551979376003,False,96,12,2,EXPLORATORY
C_unseen_anchor_unseen_family,M2-M1,-0.002060062251985073,-0.003420344274491072,-0.000754242167264844,False,96,12,2,EXPLORATORY
C_unseen_anchor_unseen_family,M3-M1,-7.917095354059711e-05,-0.00013324090202028552,-2.801616210490466e-05,False,96,12,2,EXPLORATORY
C_unseen_anchor_unseen_family,M1-command-copy,0.003518996760249138,-0.00604758423481447,0.01347915202301616,True,96,12,2,EXPLORATORY
C_unseen_anchor_unseen_family,M2-ridge,-0.001780945683562498,-0.0037637866182068376,0.0005550746916231938,True,96,12,2,EXPLORATORY
C_unseen_anchor_unseen_family,persistence-correct_vs_OLD_wrong_axis,0.02289748378098011,0.018124453894173106,0.027362290994885064,False,96,12,2,EXPLORATORY
C_unseen_anchor_unseen_family,M2donor_native-zero,0.0038497995119541883,0.0022820155854181698,0.00529724420630373,False,96,12,2,EXPLORATORY
C_unseen_anchor_unseen_family,M2donor_native-same_cond,0.0017572821816429496,-0.0005783343338407577,0.004430988143819073,True,96,12,2,EXPLORATORY
C_unseen_anchor_unseen_family,M2donor_native-wrong_cond,-0.007047513034194708,-0.009790249599609523,-0.004350334689176332,False,96,12,2,EXPLORATORY
C_unseen_anchor_unseen_family,M2donor_same-wrong_cond,-0.00880479533225298,-0.01388877626741305,-0.0039103480948445716,False,96,12,2,EXPLORATORY
C_unseen_anchor_unseen_family,M1cvar_native-cross_support,-0.0028803658206015825,-0.005649731108375515,-0.0002899986361929527,False,96,12,2,EXPLORATORY
C_unseen_anchor_unseen_family,M1cvar_native-diff_condition,-0.0015054792165756226,-0.0031462194980122152,0.0001710631768219167,True,96,12,2,EXPLORATORY
C_unseen_anchor_unseen_family,M1cvar_native-zero,0.0033392624463886023,0.0011578066158108415,0.005474277453807492,False,96,12,2,EXPLORATORY
C_unseen_anchor_unseen_family,M1cvar_native-shuffle,-0.00018420047126710415,-0.0038206042586049686,0.002987375446051977,True,96,12,2,EXPLORATORY
supp_AQ5xQ4,M1-M0,0.004374674987047911,0.0030851662158966064,0.005784349516034126,False,48,6,1,EXPLORATORY
supp_AQ5xQ4,M2-M1,-0.0009724132833071053,-0.0019618300332998233,-3.600273824607348e-05,False,48,6,1,EXPLORATORY
supp_AQ5xQ4,M3-M1,-1.65825094882166e-05,-8.600397268310189e-05,5.8080380161603294e-05,True,48,6,1,EXPLORATORY
supp_AQ5xQ4,M1-command-copy,0.007129646837711334,-0.008345015812665224,0.023117649058500927,True,48,6,1,EXPLORATORY
supp_AQ5xQ4,M2-ridge,-0.004385951698611833,-0.006789476733321166,-0.0019336859589426274,False,48,6,1,EXPLORATORY
supp_AQ5xQ4,persistence-correct_vs_OLD_wrong_axis,0.025456475093960762,0.016890711484787366,0.030791350019474823,False,48,6,1,EXPLORATORY
supp_AQ5xQ4,M2donor_native-zero,0.002705765888094902,0.00041037534053126973,0.0046071989151338704,False,48,6,1,EXPLORATORY
supp_AQ5xQ4,M2donor_native-same_cond,0.002447715727612376,-4.3076579459010555e-06,0.005081577847401301,True,48,6,1,EXPLORATORY
supp_AQ5xQ4,M2donor_native-wrong_cond,-0.0076561677269637585,-0.010264848979810873,-0.004778527060989292,False,48,6,1,EXPLORATORY
supp_AQ5xQ4,M2donor_same-wrong_cond,-0.010103884153068066,-0.015788366785272956,-0.00497779481035347,False,48,6,1,EXPLORATORY
supp_AQ5xQ4,M1cvar_native-cross_support,-0.004067117813974619,-0.006931172866219033,-0.0007783990974227587,False,48,6,1,EXPLORATORY
supp_AQ5xQ4,M1cvar_native-diff_condition,-0.0039096917025744915,-0.00584978765497605,-0.0016286959871649742,False,48,6,1,EXPLORATORY
supp_AQ5xQ4,M1cvar_native-zero,0.0016065388917922974,-0.0006668798935910066,0.003957768281300862,True,48,6,1,EXPLORATORY
supp_AQ5xQ4,M1cvar_native-shuffle,-0.0025704021099954844,-0.005278374999761581,0.00024813755104939145,True,48,6,1,EXPLORATORY
