split,variant,mean_err,ci_low,ci_high,n_episode_clusters,n_anchor_groups,scope
A_unseen_anchor_seen_family,M1-M0,-0.001076877349987626,,,,,
A_unseen_anchor_seen_family,M2-M1,0.00376470061019063,,,,,
A_unseen_anchor_seen_family,M3-M1,-5.0742786697810516e-05,,,,,
A_unseen_anchor_seen_family,M1-command-copy,-0.024407945573329926,,,,,
A_unseen_anchor_seen_family,M2-ridge,0.0015276693363482005,,,,,
A_unseen_anchor_seen_family,persistence-correct_vs_OLD_wrong_axis,0.010638167150318623,,,,,
A_unseen_anchor_seen_family,M2donor_native-zero,-0.0028878224547952414,,,,,
A_unseen_anchor_seen_family,M2donor_native-same_cond,0.005373292602598667,,,,,
A_unseen_anchor_seen_family,M2donor_native-wrong_cond,-0.016150321811437607,,,,,
A_unseen_anchor_seen_family,M2donor_same-wrong_cond,-0.02152361534535885,,,,,
A_unseen_anchor_seen_family,M1cvar_native-cross_support,-0.01852964423596859,,,,,
A_unseen_anchor_seen_family,M1cvar_native-diff_condition,-0.020247049629688263,,,,,
A_unseen_anchor_seen_family,M1cvar_native-zero,-0.008904067799448967,,,,,
A_unseen_anchor_seen_family,M1cvar_native-shuffle,-0.01575002633035183,,,,,
A_unseen_anchor_seen_family,M0_s42,0.06146726384758949,0.0585020898404764,0.06439510761863655,36.0,2.0,EXPLORATORY
A_unseen_anchor_seen_family,M0_s43,0.061382003128528595,0.0583281154168718,0.06438366339490231,36.0,2.0,EXPLORATORY
A_unseen_anchor_seen_family,M0_s44,0.06152103468775749,0.058646044810625936,0.06452141703953707,36.0,2.0,EXPLORATORY
A_unseen_anchor_seen_family,M1_s42,0.06094498187303543,0.058126859456468886,0.06401714228688636,36.0,2.0,EXPLORATORY
A_unseen_anchor_seen_family,M1_s42__cvar_cross_support,0.07947463542222977,0.07605793404347624,0.08293425826381684,36.0,2.0,EXPLORATORY
A_unseen_anchor_seen_family,M1_s42__cvar_diff_condition,0.08119203895330429,0.0771803462738818,0.08558251256278405,36.0,2.0,EXPLORATORY
A_unseen_anchor_seen_family,M1_s42__cvar_shuffle,0.076695017516613,0.07310161952886524,0.08080539643770963,36.0,2.0,EXPLORATORY
A_unseen_anchor_seen_family,M1_s42__cvar_zero,0.06984905153512955,0.06641051202152287,0.07339735085875468,36.0,2.0,EXPLORATORY
A_unseen_anchor_seen_family,M1_s43,0.06018512696027756,0.05717197037495983,0.06323896507771375,36.0,2.0,EXPLORATORY
A_unseen_anchor_seen_family,M1_s43__cvar_cross_support,0.07963362336158752,0.07659261345559369,0.08288560187858011,36.0,2.0,EXPLORATORY
A_unseen_anchor_seen_family,M1_s43__cvar_diff_condition,0.0811295211315155,0.07725892259461237,0.08500809558382671,36.0,2.0,EXPLORATORY
A_unseen_anchor_seen_family,M1_s43__cvar_shuffle,0.07796675711870193,0.07467851899046864,0.08148039528653803,36.0,2.0,EXPLORATORY
A_unseen_anchor_seen_family,M1_s43__cvar_zero,0.06978588551282883,0.06666275313861358,0.07312284920610385,36.0,2.0,EXPLORATORY
A_unseen_anchor_seen_family,M1_s44,0.06000954657793045,0.0570391458452731,0.0630370644008508,36.0,2.0,EXPLORATORY
A_unseen_anchor_seen_family,M1_s44__cvar_cross_support,0.07993709295988083,0.07624536952029706,0.08343727890977687,36.0,2.0,EXPLORATORY
A_unseen_anchor_seen_family,M1_s44__cvar_diff_condition,0.08067932724952698,0.07704254250663022,0.08455411947894996,36.0,2.0,EXPLORATORY
A_unseen_anchor_seen_family,M1_s44__cvar_shuffle,0.07596100121736526,0.07273348262986272,0.07954789605088687,36.0,2.0,EXPLORATORY
A_unseen_anchor_seen_family,M1_s44__cvar_zero,0.06974604725837708,0.06649513442890667,0.07283833862068907,36.0,2.0,EXPLORATORY
A_unseen_anchor_seen_family,M2_s42,0.0639006569981575,0.06038797778407267,0.06766859375929925,36.0,2.0,EXPLORATORY
A_unseen_anchor_seen_family,M2_s42__donor_native,0.0639006569981575,0.06035679092908847,0.06758561543732261,36.0,2.0,EXPLORATORY
A_unseen_anchor_seen_family,M2_s42__donor_same_cond,0.05852736905217171,0.055441680042551726,0.06145826077392687,36.0,2.0,EXPLORATORY
A_unseen_anchor_seen_family,M2_s42__donor_wrong_cond,0.0800509825348854,0.07407999838146175,0.08626622226179782,36.0,2.0,EXPLORATORY
A_unseen_anchor_seen_family,M2_s42__donor_zero,0.06678848713636398,0.06364917843052859,0.07004471661736413,36.0,2.0,EXPLORATORY
A_unseen_anchor_seen_family,M2_s43,0.06429994851350784,0.06124921499738573,0.06745421139478115,36.0,2.0,EXPLORATORY
A_unseen_anchor_seen_family,M2_s43__donor_native,0.06429994851350784,0.06124013273123031,0.0672489087081178,36.0,2.0,EXPLORATORY
A_unseen_anchor_seen_family,M2_s43__donor_same_cond,0.05877893418073654,0.05566126866744728,0.06179953350478576,36.0,2.0,EXPLORATORY
A_unseen_anchor_seen_family,M2_s43__donor_wrong_cond,0.0814235508441925,0.07576129429055274,0.0872998386032931,36.0,2.0,EXPLORATORY
A_unseen_anchor_seen_family,M2_s43__donor_zero,0.06669873744249344,0.06339264215720404,0.07009747579189328,36.0,2.0,EXPLORATORY
A_unseen_anchor_seen_family,M2_s44,0.06423315405845642,0.06146417139518437,0.06715824188690427,36.0,2.0,EXPLORATORY
A_unseen_anchor_seen_family,M2_s44__donor_native,0.06423315405845642,0.06132811559234849,0.06711386199361488,36.0,2.0,EXPLORATORY
A_unseen_anchor_seen_family,M2_s44__donor_same_cond,0.05851287394762039,0.055179138924156886,0.06163406695963608,36.0,2.0,EXPLORATORY
A_unseen_anchor_seen_family,M2_s44__donor_wrong_cond,0.08171651512384415,0.07584316392118731,0.08780817482200089,36.0,2.0,EXPLORATORY
A_unseen_anchor_seen_family,M2_s44__donor_zero,0.06635157018899918,0.0631890805008071,0.0697751545418416,36.0,2.0,EXPLORATORY
A_unseen_anchor_seen_family,M3_s42,0.06083919107913971,0.057775363254606624,0.06381045844625785,36.0,2.0,EXPLORATORY
A_unseen_anchor_seen_family,M3_s43,0.06013214588165283,0.05703037694070695,0.06327349601908483,36.0,2.0,EXPLORATORY
A_unseen_anchor_seen_family,M3_s44,0.06001610308885574,0.05713115113839093,0.06295430230157863,36.0,2.0,EXPLORATORY
A_unseen_anchor_seen_family,command-copy,0.08478783816099167,0.07783343560877257,0.09294293122560096,36.0,2.0,EXPLORATORY
A_unseen_anchor_seen_family,persistence,0.20676904916763306,0.19150460609428893,0.22217305762331105,36.0,2.0,EXPLORATORY
A_unseen_anchor_seen_family,persistence_OLD_wrong_axis,0.1961308866739273,0.18531463466869252,0.20680830724369215,36.0,2.0,EXPLORATORY
A_unseen_anchor_seen_family,ridge_multioutput,0.06261692057600508,0.060082799123967114,0.06523296576007671,36.0,2.0,EXPLORATORY
B_seen_anchor_unseen_family,M1-M0,0.004270026460289955,,,,,
B_seen_anchor_unseen_family,M2-M1,-0.0008410882437601686,,,,,
B_seen_anchor_unseen_family,M3-M1,-4.917109981761314e-05,,,,,
B_seen_anchor_unseen_family,M1-command-copy,-0.00020260164455976337,,,,,
B_seen_anchor_unseen_family,M2-ridge,-0.0019688646310124713,,,,,
B_seen_anchor_unseen_family,persistence-correct_vs_OLD_wrong_axis,0.0207328163087368,,,,,
B_seen_anchor_unseen_family,M2donor_native-zero,0.004085282329469919,,,,,
B_seen_anchor_unseen_family,M2donor_native-same_cond,0.0021221742499619722,,,,,
B_seen_anchor_unseen_family,M2donor_native-wrong_cond,-0.007577985525131226,,,,,
B_seen_anchor_unseen_family,M2donor_same-wrong_cond,-0.009700160473585129,,,,,
B_seen_anchor_unseen_family,M1cvar_native-cross_support,-0.004330289084464312,,,,,
B_seen_anchor_unseen_family,M1cvar_native-diff_condition,-0.003452642122283578,,,,,
B_seen_anchor_unseen_family,M1cvar_native-zero,0.0023147326428443193,,,,,
B_seen_anchor_unseen_family,M1cvar_native-shuffle,-0.001907455618493259,,,,,
B_seen_anchor_unseen_family,M0_s42,0.15810845792293549,0.1438536538144884,0.17372654439260563,30.0,5.0,EXPLORATORY
B_seen_anchor_unseen_family,M0_s43,0.15660987794399261,0.14296254323407387,0.1719447636930272,30.0,5.0,EXPLORATORY
B_seen_anchor_unseen_family,M0_s44,0.15921850502490997,0.1440336526930332,0.17552384593834477,30.0,5.0,EXPLORATORY
B_seen_anchor_unseen_family,M1_s42,0.1635957658290863,0.15021603836212305,0.17776314949151129,30.0,5.0,EXPLORATORY
B_seen_anchor_unseen_family,M1_s42__cvar_cross_support,0.16792605817317963,0.15283738628262655,0.18433823484384143,30.0,5.0,EXPLORATORY
B_seen_anchor_unseen_family,M1_s42__cvar_diff_condition,0.16704842448234558,0.15248544406145811,0.18296039327901478,30.0,5.0,EXPLORATORY
B_seen_anchor_unseen_family,M1_s42__cvar_shuffle,0.16550324857234955,0.15007388811015215,0.18202087193572272,30.0,5.0,EXPLORATORY
B_seen_anchor_unseen_family,M1_s42__cvar_zero,0.1612810492515564,0.1463585662166588,0.1768770014750771,30.0,5.0,EXPLORATORY
B_seen_anchor_unseen_family,M1_s43,0.1632520705461502,0.14871936146790782,0.1782715863540458,30.0,5.0,EXPLORATORY
B_seen_anchor_unseen_family,M1_s43__cvar_cross_support,0.17093054950237274,0.15532773164178557,0.18868576400913298,30.0,5.0,EXPLORATORY
B_seen_anchor_unseen_family,M1_s43__cvar_diff_condition,0.17021600902080536,0.1546379524267589,0.18664781514089554,30.0,5.0,EXPLORATORY
B_seen_anchor_unseen_family,M1_s43__cvar_shuffle,0.16768871247768402,0.15169723810007174,0.18461486207243677,30.0,5.0,EXPLORATORY
B_seen_anchor_unseen_family,M1_s43__cvar_zero,0.1644996702671051,0.1482940754053804,0.17976880979336177,30.0,5.0,EXPLORATORY
B_seen_anchor_unseen_family,M1_s44,0.15989908576011658,0.14472376074564333,0.1760605704334254,30.0,5.0,EXPLORATORY
B_seen_anchor_unseen_family,M1_s44__cvar_cross_support,0.16403603553771973,0.14691106491877387,0.18202038355559733,30.0,5.0,EXPLORATORY
B_seen_anchor_unseen_family,M1_s44__cvar_diff_condition,0.16283217072486877,0.14766631187172605,0.17913918508216736,30.0,5.0,EXPLORATORY
B_seen_anchor_unseen_family,M1_s44__cvar_shuffle,0.16208915412425995,0.1459576431506624,0.1787578695756383,30.0,5.0,EXPLORATORY
B_seen_anchor_unseen_family,M1_s44__cvar_zero,0.15940217673778534,0.14245689819256466,0.17600079642143102,30.0,5.0,EXPLORATORY
B_seen_anchor_unseen_family,M2_s42,0.16030661761760712,0.14591530282050372,0.1749981714839426,30.0,5.0,EXPLORATORY
B_seen_anchor_unseen_family,M2_s42__donor_native,0.16030661761760712,0.1459271915272499,0.17549321353357905,30.0,5.0,EXPLORATORY
B_seen_anchor_unseen_family,M2_s42__donor_same_cond,0.15818443894386292,0.14451715768237286,0.1719158664656182,30.0,5.0,EXPLORATORY
B_seen_anchor_unseen_family,M2_s42__donor_wrong_cond,0.16788458824157715,0.1524173673793363,0.18531790560654673,30.0,5.0,EXPLORATORY
B_seen_anchor_unseen_family,M2_s42__donor_zero,0.15622133016586304,0.14128343211719765,0.1715005799382925,30.0,5.0,EXPLORATORY
B_seen_anchor_unseen_family,M2_s43,0.16173841059207916,0.14744845867079373,0.17719827899864563,30.0,5.0,EXPLORATORY
B_seen_anchor_unseen_family,M2_s43__donor_native,0.16173841059207916,0.14708821605192499,0.1770537576156979,30.0,5.0,EXPLORATORY
B_seen_anchor_unseen_family,M2_s43__donor_same_cond,0.16290953755378723,0.14937876181909815,0.17715908473435169,30.0,5.0,EXPLORATORY
B_seen_anchor_unseen_family,M2_s43__donor_wrong_cond,0.17165526747703552,0.15441848297991478,0.18900457179096217,30.0,5.0,EXPLORATORY
B_seen_anchor_unseen_family,M2_s43__donor_zero,0.1615557074546814,0.14625843752563622,0.17789960752241313,30.0,5.0,EXPLORATORY
B_seen_anchor_unseen_family,M2_s44,0.16217868030071259,0.1472497328176784,0.17778375443692007,30.0,5.0,EXPLORATORY
B_seen_anchor_unseen_family,M2_s44__donor_native,0.16217868030071259,0.14707033795925478,0.17824406402961662,30.0,5.0,EXPLORATORY
B_seen_anchor_unseen_family,M2_s44__donor_same_cond,0.16132193803787231,0.14744367201036462,0.17613135434376698,30.0,5.0,EXPLORATORY
B_seen_anchor_unseen_family,M2_s44__donor_wrong_cond,0.1698959916830063,0.15357129428768532,0.18682270999221748,30.0,5.0,EXPLORATORY
B_seen_anchor_unseen_family,M2_s44__donor_zero,0.15957802534103394,0.14366328847206508,0.17591691710908583,30.0,5.0,EXPLORATORY
B_seen_anchor_unseen_family,M3_s42,0.16336148977279663,0.15038498447897533,0.1775934007585359,30.0,5.0,EXPLORATORY
B_seen_anchor_unseen_family,M3_s43,0.16329194605350494,0.1494727736005249,0.17863847960252316,30.0,5.0,EXPLORATORY
B_seen_anchor_unseen_family,M3_s44,0.1599459946155548,0.145018894529591,0.17611456951514506,30.0,5.0,EXPLORATORY
B_seen_anchor_unseen_family,command-copy,0.1624515801668167,0.14175798277836293,0.1839922226251413,30.0,5.0,EXPLORATORY
B_seen_anchor_unseen_family,persistence,0.335899293422699,0.3175535860300685,0.3530352698018153,30.0,5.0,EXPLORATORY
B_seen_anchor_unseen_family,persistence_OLD_wrong_axis,0.3151664733886719,0.29996016825238864,0.330021949938188,30.0,5.0,EXPLORATORY
B_seen_anchor_unseen_family,ridge_multioutput,0.16337675567105947,0.148177811472303,0.17960442323904965,30.0,5.0,EXPLORATORY
C_unseen_anchor_unseen_family,M1-M0,0.00414157984778285,,,,,
C_unseen_anchor_unseen_family,M2-M1,-0.002060062251985073,,,,,
C_unseen_anchor_unseen_family,M3-M1,-7.917095354059711e-05,,,,,
C_unseen_anchor_unseen_family,M1-command-copy,0.003518996760249138,,,,,
C_unseen_anchor_unseen_family,M2-ridge,-0.001780945683562498,,,,,
C_unseen_anchor_unseen_family,persistence-correct_vs_OLD_wrong_axis,0.02289748378098011,,,,,
C_unseen_anchor_unseen_family,M2donor_native-zero,0.0038497995119541883,,,,,
C_unseen_anchor_unseen_family,M2donor_native-same_cond,0.0017572821816429496,,,,,
C_unseen_anchor_unseen_family,M2donor_native-wrong_cond,-0.007047513034194708,,,,,
C_unseen_anchor_unseen_family,M2donor_same-wrong_cond,-0.00880479533225298,,,,,
C_unseen_anchor_unseen_family,M1cvar_native-cross_support,-0.0028803658206015825,,,,,
C_unseen_anchor_unseen_family,M1cvar_native-diff_condition,-0.0015054792165756226,,,,,
C_unseen_anchor_unseen_family,M1cvar_native-zero,0.0033392624463886023,,,,,
C_unseen_anchor_unseen_family,M1cvar_native-shuffle,-0.00018420047126710415,,,,,
C_unseen_anchor_unseen_family,M0_s42,0.16497185826301575,0.1420715210668277,0.189968699789218,12.0,2.0,EXPLORATORY
C_unseen_anchor_unseen_family,M0_s43,0.16492924094200134,0.1437978688297638,0.18767339769013536,12.0,2.0,EXPLORATORY
C_unseen_anchor_unseen_family,M0_s44,0.1658686101436615,0.14077553970273582,0.192488776576162,12.0,2.0,EXPLORATORY
C_unseen_anchor_unseen_family,M1_s42,0.17208831012248993,0.15039359526320673,0.19416920363825435,12.0,2.0,EXPLORATORY
C_unseen_anchor_unseen_family,M1_s42__cvar_cross_support,0.1749686747789383,0.15130756029199496,0.20103797864673348,12.0,2.0,EXPLORATORY
C_unseen_anchor_unseen_family,M1_s42__cvar_diff_condition,0.17359380424022675,0.1509349567699246,0.1973939909638526,12.0,2.0,EXPLORATORY
C_unseen_anchor_unseen_family,M1_s42__cvar_shuffle,0.17227250337600708,0.1471383762875727,0.19874836021141765,12.0,2.0,EXPLORATORY
C_unseen_anchor_unseen_family,M1_s42__cvar_zero,0.16874901950359344,0.1460095605541331,0.19504749147066225,12.0,2.0,EXPLORATORY
C_unseen_anchor_unseen_family,M1_s43,0.17048132419586182,0.1473413952102419,0.19431403071891207,12.0,2.0,EXPLORATORY
C_unseen_anchor_unseen_family,M1_s43__cvar_cross_support,0.17454098165035248,0.14943374994327316,0.20125884189813706,12.0,2.0,EXPLORATORY
C_unseen_anchor_unseen_family,M1_s43__cvar_diff_condition,0.17540156841278076,0.15197422459023074,0.20003569393884388,12.0,2.0,EXPLORATORY
C_unseen_anchor_unseen_family,M1_s43__cvar_shuffle,0.17222356796264648,0.14774605329536522,0.19946999443151678,12.0,2.0,EXPLORATORY
C_unseen_anchor_unseen_family,M1_s43__cvar_zero,0.170357346534729,0.146948413552794,0.19583858655532818,12.0,2.0,EXPLORATORY
C_unseen_anchor_unseen_family,M1_s44,0.16562481224536896,0.14074199526221493,0.1925891589547973,12.0,2.0,EXPLORATORY
C_unseen_anchor_unseen_family,M1_s44__cvar_cross_support,0.1680862307548523,0.14260798726269666,0.19560085731985352,12.0,2.0,EXPLORATORY
C_unseen_anchor_unseen_family,M1_s44__cvar_diff_condition,0.16786806285381317,0.145261331104363,0.1932372594097008,12.0,2.0,EXPLORATORY
C_unseen_anchor_unseen_family,M1_s44__cvar_shuffle,0.16697435081005096,0.14175754557363687,0.1945437778078485,12.0,2.0,EXPLORATORY
C_unseen_anchor_unseen_family,M1_s44__cvar_zero,0.1645892709493637,0.13857389247859828,0.19260615927050817,12.0,2.0,EXPLORATORY
C_unseen_anchor_unseen_family,M2_s42,0.16739213466644287,0.14378549722605385,0.1910270655876957,12.0,2.0,EXPLORATORY
C_unseen_anchor_unseen_family,M2_s42__donor_native,0.16739213466644287,0.14363311731140127,0.1910711224074475,12.0,2.0,EXPLORATORY
C_unseen_anchor_unseen_family,M2_s42__donor_same_cond,0.1656348556280136,0.14453580013359896,0.18895330512702155,12.0,2.0,EXPLORATORY
C_unseen_anchor_unseen_family,M2_s42__donor_wrong_cond,0.17443965375423431,0.1496557884849608,0.20123918712876424,12.0,2.0,EXPLORATORY
C_unseen_anchor_unseen_family,M2_s42__donor_zero,0.16354233026504517,0.14008087950642223,0.18904625788757884,12.0,2.0,EXPLORATORY
C_unseen_anchor_unseen_family,M2_s43,0.16608810424804688,0.14317106286568257,0.19074993474253762,12.0,2.0,EXPLORATORY
C_unseen_anchor_unseen_family,M2_s43__donor_native,0.16608810424804688,0.14181439875780294,0.19189437340440538,12.0,2.0,EXPLORATORY
C_unseen_anchor_unseen_family,M2_s43__donor_same_cond,0.16883492469787598,0.14718506959616207,0.19150828183240565,12.0,2.0,EXPLORATORY
C_unseen_anchor_unseen_family,M2_s43__donor_wrong_cond,0.1766250878572464,0.15190329962642862,0.20396533196326336,12.0,2.0,EXPLORATORY
C_unseen_anchor_unseen_family,M2_s43__donor_zero,0.1668172925710678,0.1427948330529034,0.1924797987448983,12.0,2.0,EXPLORATORY
C_unseen_anchor_unseen_family,M2_s44,0.1685340255498886,0.14499096200840236,0.19276376742442755,12.0,2.0,EXPLORATORY
C_unseen_anchor_unseen_family,M2_s44__donor_native,0.1685340255498886,0.14527106197783723,0.19442117389990016,12.0,2.0,EXPLORATORY
C_unseen_anchor_unseen_family,M2_s44__donor_same_cond,0.16801214218139648,0.14578089254403798,0.19324281081984127,12.0,2.0,EXPLORATORY
C_unseen_anchor_unseen_family,M2_s44__donor_wrong_cond,0.17602162063121796,0.14900568063215663,0.20414505026807694,12.0,2.0,EXPLORATORY
C_unseen_anchor_unseen_family,M2_s44__donor_zero,0.1660696119070053,0.14115498748918373,0.19325300106235468,12.0,2.0,EXPLORATORY
C_unseen_anchor_unseen_family,M3_s42,0.17178654670715332,0.1499431888165418,0.19619516463135367,12.0,2.0,EXPLORATORY
C_unseen_anchor_unseen_family,M3_s43,0.17050369083881378,0.1482931964506861,0.19504378104077957,12.0,2.0,EXPLORATORY
C_unseen_anchor_unseen_family,M3_s44,0.16566666960716248,0.14000517544336616,0.19205686659552157,12.0,2.0,EXPLORATORY
C_unseen_anchor_unseen_family,command-copy,0.16587914526462555,0.13397784527235973,0.2001817505108192,12.0,2.0,EXPLORATORY
C_unseen_anchor_unseen_family,persistence,0.3328922688961029,0.30240618824415527,0.3622086976383192,12.0,2.0,EXPLORATORY
C_unseen_anchor_unseen_family,persistence_OLD_wrong_axis,0.30999478697776794,0.28493599250602225,0.3333350903742636,12.0,2.0,EXPLORATORY
C_unseen_anchor_unseen_family,ridge_multioutput,0.16911903065633646,0.14484160748296507,0.19438870109962467,12.0,2.0,EXPLORATORY
supp_AQ5xQ4,M1-M0,0.004374674987047911,,,,,
supp_AQ5xQ4,M2-M1,-0.0009724132833071053,,,,,
supp_AQ5xQ4,M3-M1,-1.65825094882166e-05,,,,,
supp_AQ5xQ4,M1-command-copy,0.007129646837711334,,,,,
supp_AQ5xQ4,M2-ridge,-0.004385951698611833,,,,,
supp_AQ5xQ4,persistence-correct_vs_OLD_wrong_axis,0.025456475093960762,,,,,
supp_AQ5xQ4,M2donor_native-zero,0.002705765888094902,,,,,
supp_AQ5xQ4,M2donor_native-same_cond,0.002447715727612376,,,,,
supp_AQ5xQ4,M2donor_native-wrong_cond,-0.0076561677269637585,,,,,
supp_AQ5xQ4,M2donor_same-wrong_cond,-0.010103884153068066,,,,,
supp_AQ5xQ4,M1cvar_native-cross_support,-0.004067117813974619,,,,,
supp_AQ5xQ4,M1cvar_native-diff_condition,-0.0039096917025744915,,,,,
supp_AQ5xQ4,M1cvar_native-zero,0.0016065388917922974,,,,,
supp_AQ5xQ4,M1cvar_native-shuffle,-0.0025704021099954844,,,,,
supp_AQ5xQ4,M0_s42,0.16135357320308685,0.1255474699040254,0.19802954870586595,6.0,1.0,EXPLORATORY
supp_AQ5xQ4,M0_s43,0.16081123054027557,0.1273150029592216,0.1954178518305222,6.0,1.0,EXPLORATORY
supp_AQ5xQ4,M0_s44,0.16329611837863922,0.12855158979073167,0.19970712841798863,6.0,1.0,EXPLORATORY
supp_AQ5xQ4,M1_s42,0.16831891238689423,0.13471635539705554,0.2021189599103915,6.0,1.0,EXPLORATORY
supp_AQ5xQ4,M1_s42__cvar_cross_support,0.172386035323143,0.13672295104091367,0.20865535472209254,6.0,1.0,EXPLORATORY
supp_AQ5xQ4,M1_s42__cvar_diff_condition,0.1722285896539688,0.13876151603957018,0.20634484206481524,6.0,1.0,EXPLORATORY
supp_AQ5xQ4,M1_s42__cvar_shuffle,0.17088930308818817,0.1352397872445484,0.20789454223898543,6.0,1.0,EXPLORATORY
supp_AQ5xQ4,M1_s42__cvar_zero,0.16671235859394073,0.1316361528200408,0.2018748251721263,6.0,1.0,EXPLORATORY
supp_AQ5xQ4,M1_s43,0.16708095371723175,0.13373183681008718,0.20178591118504605,6.0,1.0,EXPLORATORY
supp_AQ5xQ4,M1_s43__cvar_cross_support,0.17223332822322845,0.13652701070532203,0.20948184235021472,6.0,1.0,EXPLORATORY
supp_AQ5xQ4,M1_s43__cvar_diff_condition,0.17258448898792267,0.1381023426850637,0.2099054673065742,6.0,1.0,EXPLORATORY
supp_AQ5xQ4,M1_s43__cvar_shuffle,0.1704973578453064,0.13462895698224506,0.208376782014966,6.0,1.0,EXPLORATORY
supp_AQ5xQ4,M1_s43__cvar_zero,0.1669013351202011,0.13172884657979012,0.20340287743601945,6.0,1.0,EXPLORATORY
supp_AQ5xQ4,M1_s44,0.16318504512310028,0.1274247677065432,0.19977505706871548,6.0,1.0,EXPLORATORY
supp_AQ5xQ4,M1_s44__cvar_cross_support,0.16681671142578125,0.12916908708090583,0.20610294040913382,6.0,1.0,EXPLORATORY
supp_AQ5xQ4,M1_s44__cvar_diff_condition,0.1662963181734085,0.13228746581201753,0.2013803437973062,6.0,1.0,EXPLORATORY
supp_AQ5xQ4,M1_s44__cvar_shuffle,0.16470378637313843,0.1284504186672469,0.2024818517578145,6.0,1.0,EXPLORATORY
supp_AQ5xQ4,M1_s44__cvar_zero,0.16240040957927704,0.12527409940958023,0.19969715133775018,6.0,1.0,EXPLORATORY
supp_AQ5xQ4,M2_s42,0.16440434753894806,0.1286338622060915,0.20048565122609338,6.0,1.0,EXPLORATORY
supp_AQ5xQ4,M2_s42__donor_native,0.16440434753894806,0.12910383210207024,0.20075784711710482,6.0,1.0,EXPLORATORY
supp_AQ5xQ4,M2_s42__donor_same_cond,0.16195662319660187,0.1289442277979106,0.19512590331335863,6.0,1.0,EXPLORATORY
supp_AQ5xQ4,M2_s42__donor_wrong_cond,0.17206048965454102,0.13476370725159845,0.2108596223212468,6.0,1.0,EXPLORATORY
supp_AQ5xQ4,M2_s42__donor_zero,0.161698579788208,0.12706307124268884,0.19697624569137892,6.0,1.0,EXPLORATORY
supp_AQ5xQ4,M2_s43,0.16469205915927887,0.13051011615122357,0.2009018420552214,6.0,1.0,EXPLORATORY
supp_AQ5xQ4,M2_s43__donor_native,0.16469205915927887,0.1306999196919302,0.199742351192981,6.0,1.0,EXPLORATORY
supp_AQ5xQ4,M2_s43__donor_same_cond,0.16513779759407043,0.1318517961112472,0.1995852511997024,6.0,1.0,EXPLORATORY
supp_AQ5xQ4,M2_s43__donor_wrong_cond,0.17397229373455048,0.13651852402836084,0.2120802695862949,6.0,1.0,EXPLORATORY
supp_AQ5xQ4,M2_s43__donor_zero,0.16509322822093964,0.13009979544828335,0.20181527252619466,6.0,1.0,EXPLORATORY
supp_AQ5xQ4,M2_s44,0.16657130420207977,0.1309392115683295,0.20262578409165144,6.0,1.0,EXPLORATORY
supp_AQ5xQ4,M2_s44__donor_native,0.16657130420207977,0.1305679792887531,0.20256293216953053,6.0,1.0,EXPLORATORY
supp_AQ5xQ4,M2_s44__donor_same_cond,0.16544970870018005,0.13139835403611264,0.2003530843726669,6.0,1.0,EXPLORATORY
supp_AQ5xQ4,M2_s44__donor_wrong_cond,0.17436927556991577,0.1350035653449595,0.2133957976475358,6.0,1.0,EXPLORATORY
supp_AQ5xQ4,M2_s44__donor_zero,0.16473685204982758,0.12814861396327615,0.2019480856096682,6.0,1.0,EXPLORATORY
supp_AQ5xQ4,M3_s42,0.16813425719738007,0.13468843042307224,0.2017131863782803,6.0,1.0,EXPLORATORY
supp_AQ5xQ4,M3_s43,0.16716055572032928,0.13374726567417383,0.2019212640201052,6.0,1.0,EXPLORATORY
supp_AQ5xQ4,M3_s44,0.16324035823345184,0.12748051046704253,0.20062406019618115,6.0,1.0,EXPLORATORY
supp_AQ5xQ4,command-copy,0.15906532108783722,0.1106980152738591,0.20937213224048415,6.0,1.0,EXPLORATORY
supp_AQ5xQ4,persistence,0.3492155969142914,0.3095110034880539,0.3855687075604995,6.0,1.0,EXPLORATORY
supp_AQ5xQ4,persistence_OLD_wrong_axis,0.3237591087818146,0.2907483484596014,0.35591253141562146,6.0,1.0,EXPLORATORY
supp_AQ5xQ4,ridge_multioutput,0.16960851346159048,0.13403613413789833,0.20737629453079007,6.0,1.0,EXPLORATORY
