probe,representation,metric,train,train_raw_acc,chance,val,A_unseen_anchor_seen_family,B_seen_anchor_unseen_family,C_unseen_anchor_unseen_family,supp_AQ5xQ4,train_rmse_mixed,train_target_std_vx,train_target_std_wz,note,val_rmse_mixed,val_target_std_vx,val_target_std_wz,A_unseen_anchor_seen_family_rmse_mixed,A_unseen_anchor_seen_family_target_std_vx,A_unseen_anchor_seen_family_target_std_wz,B_seen_anchor_unseen_family_rmse_mixed,B_seen_anchor_unseen_family_target_std_vx,B_seen_anchor_unseen_family_target_std_wz,C_unseen_anchor_unseen_family_rmse_mixed,C_unseen_anchor_unseen_family_target_std_vx,C_unseen_anchor_unseen_family_target_std_wz,supp_AQ5xQ4_rmse_mixed,supp_AQ5xQ4_target_std_vx,supp_AQ5xQ4_target_std_wz,val_R2_vx,val_R2_vy,val_R2_wz,A_unseen_anchor_seen_family_R2_vx,A_unseen_anchor_seen_family_R2_vy,A_unseen_anchor_seen_family_R2_wz,B_seen_anchor_unseen_family_R2_vx,B_seen_anchor_unseen_family_R2_vy,B_seen_anchor_unseen_family_R2_wz,C_unseen_anchor_unseen_family_R2_vx,C_unseen_anchor_unseen_family_R2_vy,C_unseen_anchor_unseen_family_R2_wz,supp_AQ5xQ4_R2_vx,supp_AQ5xQ4_R2_vy,supp_AQ5xQ4_R2_wz,val_n_known_family,val_n_Q4,A_unseen_anchor_seen_family_n_known_family,A_unseen_anchor_seen_family_n_Q4,train_cv,train_in_sample
A_friction_condition,M1_context_c_t,balanced_accuracy,0.8013888888888889,0.8013888888888889,0.3333333333333333,0.8263888888888888,0.75,0.8041666666666667,0.75,0.8125,,,,,,,,,,,,,,,,,,,,,,,,,,,,,,,,,,,,,,,,
A_friction_condition,M1_state_latent,balanced_accuracy,0.7444444444444445,0.7444444444444445,0.3333333333333333,0.6319444444444445,0.7708333333333334,0.5958333333333333,0.6458333333333334,0.5416666666666666,,,,,,,,,,,,,,,,,,,,,,,,,,,,,,,,,,,,,,,,
A_friction_condition,M1_ctx_gru_hidden,balanced_accuracy,0.986111111111111,0.9861111111111112,0.3333333333333333,0.923611111111111,0.8576388888888888,0.9,0.8333333333333334,0.8541666666666666,,,,,,,,,,,,,,,,,,,,,,,,,,,,,,,,,,,,,,,,
A_friction_condition,M0_fast_state_gru,balanced_accuracy,0.9458333333333334,0.9458333333333333,0.3333333333333333,0.9236111111111112,0.8541666666666666,0.7999999999999999,0.7604166666666666,0.7708333333333334,,,,,,,,,,,,,,,,,,,,,,,,,,,,,,,,,,,,,,,,
A_friction_condition,RAW_proprio_last,balanced_accuracy,0.6236111111111112,0.6236111111111111,0.3333333333333333,0.5277777777777778,0.607638888888889,0.5291666666666667,0.4791666666666667,0.375,,,,,,,,,,,,,,,,,,,,,,,,,,,,,,,,,,,,,,,,
B_current_vxvywz__REFERENCE,IDENTITY(raw last frame),R2_mean_over_axes,1.0,,,,,,,,0.0,0.11621273308992386,0.2551213204860687,identity 参照：区分线性映射迁移问题与表示缺失,,,,,,,,,,,,,,,,,,,,,,,,,,,,,,,,,,,,
B_current_vxvywz__REFERENCE,IDENTITY(raw last frame),R2_mean_over_axes,,,,1.0,,,,,,,,identity 参照：区分线性映射迁移问题与表示缺失,0.0,0.12075304239988327,0.2461705058813095,,,,,,,,,,,,,,,,,,,,,,,,,,,,,,,,,
B_current_vxvywz__REFERENCE,IDENTITY(raw last frame),R2_mean_over_axes,,,,,1.0,,,,,,,identity 参照：区分线性映射迁移问题与表示缺失,,,,0.0,0.11141904443502426,0.24751779437065125,,,,,,,,,,,,,,,,,,,,,,,,,,,,,,
B_current_vxvywz__REFERENCE,IDENTITY(raw last frame),R2_mean_over_axes,,,,,,1.0,,,,,,identity 参照：区分线性映射迁移问题与表示缺失,,,,,,,0.0,0.2195507436990738,0.2494821846485138,,,,,,,,,,,,,,,,,,,,,,,,,,,
B_current_vxvywz__REFERENCE,IDENTITY(raw last frame),R2_mean_over_axes,,,,,,,1.0,,,,,identity 参照：区分线性映射迁移问题与表示缺失,,,,,,,,,,0.0,0.20574866235256195,0.26077985763549805,,,,,,,,,,,,,,,,,,,,,,,,
B_current_vxvywz__REFERENCE,IDENTITY(raw last frame),R2_mean_over_axes,,,,,,,,1.0,,,,identity 参照：区分线性映射迁移问题与表示缺失,,,,,,,,,,,,,0.0,0.24491602182388306,0.27339017391204834,,,,,,,,,,,,,,,,,,,,,
B_current_vxvywz,M1_context_c_t,R2_mean_over_axes,0.5139253749720257,,,0.4826005515786112,0.5309478749497606,-0.7266410789335057,-1.719123548105647,-1.0478236474921143,,,,,0.14337028218574377,0.12075304239988327,0.2461705058813095,0.1309896516845988,0.11141904443502426,0.24751779437065125,0.19003534838068906,0.2195507436990738,0.2494821846485138,0.1901694386520793,0.20574866235256195,0.26077985763549805,0.20897200455102571,0.24491602182388306,0.27339017391204834,0.5617334286855562,0.7027949482579093,0.18327327779236813,0.6203158249357328,0.6376875577500649,0.33484024216348396,0.6180558526747991,-2.409316611701297,-0.3886624777740191,0.5564401987900123,-5.454644370875618,-0.2591664722313356,0.4607463012002433,-3.326011574387012,-0.278205669289574,,,,,,
B_current_vxvywz,M1_state_latent,R2_mean_over_axes,0.8221986566336547,,,0.7326067481472639,0.7831905974856038,-4.096644480993098,-5.506787653124948,-6.440897554378904,,,,,0.08213529726830802,0.12075304239988327,0.2461705058813095,0.06878833485278447,0.11141904443502426,0.24751779437065125,0.16764291214000782,0.2195507436990738,0.2494821846485138,0.1605988860954578,0.20574866235256195,0.26077985763549805,0.18222842502148384,0.24491602182388306,0.27339017391204834,,,,,,,,,,,,,,,,,,,,,
B_current_vxvywz,M1_ctx_gru_hidden,R2_mean_over_axes,0.9536891904960086,,,0.8446707677906792,0.8838945849861856,-0.07277559383898953,-0.41958182469953104,-0.5915317367245152,,,,,0.07637495257813667,0.12075304239988327,0.2461705058813095,0.06428513709542241,0.11141904443502426,0.24751779437065125,0.19834651574456516,0.2195507436990738,0.2494821846485138,0.20002467067157145,0.20574866235256195,0.26077985763549805,0.23195312569274415,0.24491602182388306,0.27339017391204834,,,,,,,,,,,,,,,,,,,,,
B_current_vxvywz,M0_fast_state_gru,R2_mean_over_axes,0.9559385129781915,,,0.9025042181487516,0.9211856214396233,0.24095642071885728,0.2030180118327333,-0.992655534529749,,,,,0.0631709335976769,0.12075304239988327,0.2461705058813095,0.05305335507313137,0.11141904443502426,0.24751779437065125,0.1444419933238688,0.2195507436990738,0.2494821846485138,0.13727075660817695,0.20574866235256195,0.26077985763549805,0.16632072718136515,0.24491602182388306,0.27339017391204834,,,,,,,,,,,,,,,,,,,,,
B_current_vxvywz,RAW_proprio_last,R2_mean_over_axes,0.9899716932805139,,,0.9757666448119168,0.9848431322535073,0.5155597263013177,0.27870496728413363,0.019341016450623694,,,,,0.02214596699355448,0.12075304239988327,0.2461705058813095,0.015578271941879676,0.11141904443502426,0.24751779437065125,0.04372908135020294,0.2195507436990738,0.2494821846485138,0.04224612492056533,0.20574866235256195,0.26077985763549805,0.05248880583197411,0.24491602182388306,0.27339017391204834,,,,,,,,,,,,,,,,,,,,,
C_command_family(Q1-Q3 only),M1_context_c_t,balanced_accuracy,0.5638888888888889,,0.3333333333333333,0.5833333333333334,0.611111111111111,,,,,,,,,,,,,,,,,,,,,,,,,,,,,,,,,,,,,,144.0,0.0,288.0,0.0,,
C_command_family(Q1-Q3 only),M1_state_latent,balanced_accuracy,0.6555555555555556,,0.3333333333333333,0.6597222222222223,0.6388888888888888,,,,,,,,,,,,,,,,,,,,,,,,,,,,,,,,,,,,,,144.0,0.0,288.0,0.0,,
C_command_family(Q1-Q3 only),M1_ctx_gru_hidden,balanced_accuracy,0.6680555555555556,,0.3333333333333333,0.6458333333333334,0.6458333333333334,,,,,,,,,,,,,,,,,,,,,,,,,,,,,,,,,,,,,,144.0,0.0,288.0,0.0,,
C_command_family(Q1-Q3 only),M0_fast_state_gru,balanced_accuracy,0.6611111111111111,,0.3333333333333333,0.6527777777777777,0.6631944444444444,,,,,,,,,,,,,,,,,,,,,,,,,,,,,,,,,,,,,,144.0,0.0,288.0,0.0,,
C_command_family(Q1-Q3 only),RAW_proprio_last,balanced_accuracy,0.6083333333333334,,0.3333333333333333,0.5833333333333334,0.576388888888889,,,,,,,,,,,,,,,,,,,,,,,,,,,,,,,,,,,,,,144.0,0.0,288.0,0.0,,
"D_anchor_id(train anchors, 5-fold CV)",M1_context_c_t,balanced_accuracy,,,0.2,,,,,,,,,train 只有 AQ0-4；val/AQ5 与 test/AQ6-7 是未见 anchor，跨 anchor 探针不适用 -> 只报 train 内部 CV,,,,,,,,,,,,,,,,,,,,,,,,,,,,,,,,,,,0.32083333333333336,
"D_anchor_id(train anchors, 5-fold CV)",M1_state_latent,balanced_accuracy,,,0.2,,,,,,,,,train 只有 AQ0-4；val/AQ5 与 test/AQ6-7 是未见 anchor，跨 anchor 探针不适用 -> 只报 train 内部 CV,,,,,,,,,,,,,,,,,,,,,,,,,,,,,,,,,,,0.30694444444444446,
"D_anchor_id(train anchors, 5-fold CV)",M1_ctx_gru_hidden,balanced_accuracy,,,0.2,,,,,,,,,train 只有 AQ0-4；val/AQ5 与 test/AQ6-7 是未见 anchor，跨 anchor 探针不适用 -> 只报 train 内部 CV,,,,,,,,,,,,,,,,,,,,,,,,,,,,,,,,,,,0.6944444444444444,
"D_anchor_id(train anchors, 5-fold CV)",M0_fast_state_gru,balanced_accuracy,,,0.2,,,,,,,,,train 只有 AQ0-4；val/AQ5 与 test/AQ6-7 是未见 anchor，跨 anchor 探针不适用 -> 只报 train 内部 CV,,,,,,,,,,,,,,,,,,,,,,,,,,,,,,,,,,,0.6097222222222223,
"D_anchor_id(train anchors, 5-fold CV)",RAW_proprio_last,balanced_accuracy,,,0.2,,,,,,,,,train 只有 AQ0-4；val/AQ5 与 test/AQ6-7 是未见 anchor，跨 anchor 探针不适用 -> 只报 train 内部 CV,,,,,,,,,,,,,,,,,,,,,,,,,,,,,,,,,,,0.20833333333333334,
