split,model,input_mode,n_windows,n_seeds,MAE_vx@0.25s,MAE_vx@0.5s,MAE_vx@1.0s,MAE_vx@2.0s,MAE_vx_horizon,MAE_vy@0.25s,MAE_vy@0.5s,MAE_vy@1.0s,MAE_vy@2.0s,MAE_vy_horizon,MAE_wz@0.25s,MAE_wz@0.5s,MAE_wz@1.0s,MAE_wz@2.0s,MAE_wz_horizon,traj_dxy_err_m
A_unseen_anchor_seen_family,M0,privileged,288,3,0.037219300866127014,0.040875986218452454,0.04064807668328285,0.03929632902145386,0.0383763462305069,0.03542613610625267,0.04297732561826706,0.04118543118238449,0.04193901643157005,0.04462715610861778,0.08466753363609314,0.09858087450265884,0.09839822351932526,0.07657907158136368,0.09395457059144974,0.024972889572381973
A_unseen_anchor_seen_family,M0,deployable,288,3,0.036643724888563156,0.04119822755455971,0.04061867296695709,0.03991125896573067,0.038456957787275314,0.03604474291205406,0.04398178681731224,0.04171033948659897,0.04073001816868782,0.04445112124085426,0.08503017574548721,0.09872681647539139,0.09869847446680069,0.07643923163414001,0.09418816864490509,0.02519279345870018
A_unseen_anchor_seen_family,M1,privileged,288,3,0.03869331628084183,0.038027722388505936,0.03989870846271515,0.03815869987010956,0.03781161084771156,0.03279806300997734,0.03933539241552353,0.04146341234445572,0.039306920021772385,0.04273925721645355,0.0860808789730072,0.09416870027780533,0.10246923565864563,0.07407012581825256,0.09245438128709793,0.024080943316221237
A_unseen_anchor_seen_family,M1,deployable,288,3,0.038572441786527634,0.03767264634370804,0.04019986093044281,0.03797757998108864,0.037757836282253265,0.03312946856021881,0.03876308724284172,0.04143271595239639,0.03881558030843735,0.042566899210214615,0.08676034957170486,0.09488018602132797,0.1006908267736435,0.07404650747776031,0.09255106002092361,0.023567885160446167
A_unseen_anchor_seen_family,M0,privileged_v061_ref,288,3,0.037212371826171875,0.040874335914850235,0.04065116122364998,0.03929436579346657,0.038376569747924805,0.03541994094848633,0.042977478355169296,0.041186410933732986,0.04193757101893425,0.04462737962603569,0.08466434478759766,0.09857958555221558,0.09839904308319092,0.07657965272665024,0.09395497292280197,0.02497379295527935
A_unseen_anchor_seen_family,M1,privileged_v061_ref,288,3,0.03869287669658661,0.03802590072154999,0.03989674150943756,0.03816083446145058,0.03781149536371231,0.03279795125126839,0.03933574631810188,0.04146343469619751,0.03930767625570297,0.042739205062389374,0.08607962727546692,0.09416630864143372,0.10247120261192322,0.07406987249851227,0.09245486557483673,0.024080738425254822
B_seen_anchor_unseen_family,M0,privileged,240,3,0.15921740233898163,0.16020828485488892,0.25332608819007874,0.1877841353416443,0.216990664601326,0.052926573902368546,0.061391595751047134,0.04984589293599129,0.08883965015411377,0.06361567229032516,0.15052102506160736,0.13589797914028168,0.19178730249404907,0.13356727361679077,0.17670688033103943,0.11667291074991226
B_seen_anchor_unseen_family,M0,deployable,240,3,0.1578182429075241,0.16110830008983612,0.24794965982437134,0.18451523780822754,0.21721796691417694,0.05378888547420502,0.06814045459032059,0.05143437907099724,0.08906100690364838,0.06440982222557068,0.15451253950595856,0.1346961408853531,0.1929776966571808,0.13851642608642578,0.17661340534687042,0.11827336996793747
B_seen_anchor_unseen_family,M1,privileged,240,3,0.17361213266849518,0.16948242485523224,0.25667303800582886,0.17639729380607605,0.224615678191185,0.07439890503883362,0.05071418359875679,0.05470212176442146,0.06245964393019676,0.0614645779132843,0.14705748856067657,0.14606314897537231,0.2045247107744217,0.12893518805503845,0.17962345480918884,0.1088542640209198
B_seen_anchor_unseen_family,M1,deployable,240,3,0.17374257743358612,0.16254211962223053,0.24141046404838562,0.1760060042142868,0.2255018800497055,0.07965151965618134,0.0509323850274086,0.06055821105837822,0.06720975786447525,0.06279534101486206,0.14370575547218323,0.14580869674682617,0.2060566246509552,0.12984204292297363,0.1795564740896225,0.10966461151838303
B_seen_anchor_unseen_family,M0,privileged_v061_ref,240,3,0.15921731293201447,0.1602059304714203,0.2533215582370758,0.1877787560224533,0.2169894427061081,0.05292199179530144,0.061393897980451584,0.04983657971024513,0.08885291963815689,0.0636146292090416,0.15051314234733582,0.13589376211166382,0.19179128110408783,0.13355593383312225,0.17670288681983948,0.11666509509086609
B_seen_anchor_unseen_family,M1,privileged_v061_ref,240,3,0.17361238598823547,0.16948136687278748,0.25667381286621094,0.1763978898525238,0.22461426258087158,0.07439815253019333,0.05071186274290085,0.05470144376158714,0.06246720999479294,0.06146416440606117,0.14705641567707062,0.14607049524784088,0.2045295238494873,0.12893646955490112,0.17962537705898285,0.10885442048311234
C_unseen_anchor_unseen_family,M0,privileged,96,3,0.15333276987075806,0.16421057283878326,0.2642703950405121,0.1748400181531906,0.22303864359855652,0.05565314367413521,0.05695633217692375,0.05105958506464958,0.08252068608999252,0.0652257427573204,0.14319278299808502,0.13265512883663177,0.2009771317243576,0.14886748790740967,0.19099397957324982,0.11340776085853577
C_unseen_anchor_unseen_family,M0,deployable,96,3,0.1541186422109604,0.16516956686973572,0.2580393850803375,0.17165803909301758,0.2233435958623886,0.056477662175893784,0.06279175728559494,0.05206570029258728,0.08290377259254456,0.06588558852672577,0.14721466600894928,0.13186940550804138,0.19888536632061005,0.1550244837999344,0.19171254336833954,0.11504781991243362
C_unseen_anchor_unseen_family,M1,privileged,96,3,0.16189788281917572,0.18073485791683197,0.26948872208595276,0.16265808045864105,0.23084034025669098,0.0724988654255867,0.05045675113797188,0.056391406804323196,0.060544054955244064,0.06441577523946762,0.14630447328090668,0.15763486921787262,0.21725203096866608,0.1443793624639511,0.19247393310070038,0.10633905977010727
C_unseen_anchor_unseen_family,M1,deployable,96,3,0.1618710607290268,0.17426957190036774,0.254776269197464,0.15869839489459991,0.23166082799434662,0.0749698355793953,0.052153538912534714,0.059129152446985245,0.06598248332738876,0.06558967381715775,0.14502079784870148,0.16536098718643188,0.22032280266284943,0.14382502436637878,0.1934695541858673,0.10651981085538864
C_unseen_anchor_unseen_family,M0,privileged_v061_ref,96,3,0.1533317118883133,0.1642090082168579,0.26426997780799866,0.17483563721179962,0.22303931415081024,0.05564970150589943,0.05695381760597229,0.0510515458881855,0.0825224295258522,0.06522167474031448,0.14318345487117767,0.13265001773834229,0.2009832262992859,0.14885355532169342,0.19099046289920807,0.11340177804231644
C_unseen_anchor_unseen_family,M1,privileged_v061_ref,96,3,0.16189421713352203,0.18073123693466187,0.2694900333881378,0.16265785694122314,0.23083755373954773,0.07249765843153,0.050453606992959976,0.05639070272445679,0.060548651963472366,0.06441542506217957,0.14630474150180817,0.15763765573501587,0.21725566685199738,0.1443776935338974,0.19247548282146454,0.10633816570043564
supp_AQ5xQ4,M0,privileged,48,3,0.17353232204914093,0.16552729904651642,0.24387125670909882,0.19745929539203644,0.21360066533088684,0.05074421688914299,0.05585678294301033,0.04579814150929451,0.08218149095773697,0.06186262518167496,0.1501874327659607,0.16272510588169098,0.24738436937332153,0.1680174618959427,0.19365587830543518,0.11116653680801392
supp_AQ5xQ4,M0,deployable,48,3,0.17253069579601288,0.16641713678836823,0.23902809619903564,0.19490374624729156,0.21393083035945892,0.05158450827002525,0.06297442317008972,0.04625621438026428,0.08328752964735031,0.06297607719898224,0.1523255854845047,0.1596514880657196,0.24355094134807587,0.17266923189163208,0.19392305612564087,0.11240843683481216
supp_AQ5xQ4,M1,privileged,48,3,0.1892823427915573,0.1602892428636551,0.2417660504579544,0.1956009715795517,0.22017626464366913,0.0691307932138443,0.04931791499257088,0.05099259316921234,0.05949980020523071,0.061400216072797775,0.14150042831897736,0.1497671902179718,0.276169091463089,0.154599130153656,0.19532927870750427,0.10465260595083237
supp_AQ5xQ4,M1,deployable,48,3,0.1888107806444168,0.15384460985660553,0.22790558636188507,0.19627100229263306,0.22147825360298157,0.07170239090919495,0.05116135999560356,0.05502878502011299,0.06320648640394211,0.062401190400123596,0.1420793980360031,0.1604790985584259,0.2735831141471863,0.15724484622478485,0.19721584022045135,0.10497047752141953
supp_AQ5xQ4,M0,privileged_v061_ref,48,3,0.1735323816537857,0.1655234396457672,0.24386578798294067,0.1974540799856186,0.2135993391275406,0.05073663592338562,0.055861275643110275,0.045790333300828934,0.08219567686319351,0.06186185032129288,0.15017937123775482,0.1627185195684433,0.24738426506519318,0.16800810396671295,0.19365142285823822,0.11116208881139755
supp_AQ5xQ4,M1,privileged_v061_ref,48,3,0.18928544223308563,0.16028939187526703,0.24176733195781708,0.19560092687606812,0.22017498314380646,0.06912999600172043,0.04931720718741417,0.050993576645851135,0.059503551572561264,0.061399511992931366,0.14150068163871765,0.14976651966571808,0.276170939207077,0.15459971129894257,0.19533008337020874,0.10465354472398758
