split,model,horizon,n_windows,n_valid_planar,inst_MAE_vx,inst_MAE_vy,inst_MAE_wz,traj_dx_err_m,traj_dy_err_m,traj_dxy_err_m,traj_dx_err_m_se2,traj_dy_err_m_se2,net_yaw_err_rad,traj_dxy_err_m_valid_planar,net_yaw_err_rad_valid_planar
A_unseen_anchor_seen_family,command-copy,0.5s,288,288,0.06036173552274704,0.06573667377233505,0.11172334104776382,0.025217377209914318,0.02372216487251803,0.040292731705303134,0.02516631204865211,0.02368336660318931,0.028056013122016492,0.040292731705303134,0.028056013122016492
A_unseen_anchor_seen_family,command-copy,1.0s,288,288,0.060332417488098145,0.10735278576612473,0.11235528439283371,0.042701990565707906,0.053472021402136694,0.08104156659511519,0.04293438293267538,0.054384284459001564,0.04712889435575637,0.08104156659511519,0.04712889435575637
A_unseen_anchor_seen_family,command-copy,2.0s,288,288,0.06548008322715759,0.06412489712238312,0.08877018094062805,0.0399809801110022,0.07836706872467886,0.10137787758949396,0.041500554507620316,0.0853209459123985,0.04546655851118903,0.10137787758949396,0.04546655851118903
A_unseen_anchor_seen_family,ridge_multioutput,0.5s,288,288,0.04170357382813075,0.041224343257137495,0.09735840504612296,0.010988418296476118,0.011335230303034871,0.01767340184553041,0.010851403980404675,0.01152734448021562,0.01678756109170116,0.01767340184553041,0.01678756109170116
A_unseen_anchor_seen_family,ridge_multioutput,1.0s,288,288,0.03889417120577425,0.05378402471025421,0.10240252812705439,0.018818490653355217,0.02381803971986925,0.0339011634281611,0.018553582960396282,0.02553403127324171,0.03246678491618374,0.0339011634281611,0.03246678491618374
A_unseen_anchor_seen_family,ridge_multioutput,2.0s,288,288,0.04115756865222177,0.053694132357574115,0.08089048208848554,0.033017762158673074,0.040889370282830004,0.05908013262398796,0.03467130052322651,0.04835331826446699,0.03797399739071948,0.05908013262398796,0.03797399739071948
A_unseen_anchor_seen_family,M0,0.5s,288,288,0.040874335914850235,0.042977478355169296,0.09857958555221558,0.0091556930228571,0.010262935982329031,0.015416673451313768,0.009079498050236036,0.010400575081484216,0.015076602591096987,0.015416673451313768,0.015076602591096987
A_unseen_anchor_seen_family,M0,1.0s,288,288,0.04065116122364998,0.041186410933732986,0.09839904308319092,0.01648139181405587,0.016293732773502108,0.02585389083784035,0.016545446667747578,0.017552593716363942,0.025202373872095823,0.02585389083784035,0.025202373872095823
A_unseen_anchor_seen_family,M0,2.0s,288,288,0.03929436579346657,0.04193757101893425,0.07657965272665024,0.027811244756665163,0.022316553378047402,0.03989829707863395,0.02888735412696608,0.02599120641766575,0.03386855216015218,0.03989829707863395,0.03386855216015218
A_unseen_anchor_seen_family,M1,0.5s,288,288,0.03802590072154999,0.03933574631810188,0.09416630864143372,0.00985109805679579,0.01028408457401317,0.015888026888608978,0.009679057216854463,0.010522771198751744,0.015619752869283583,0.015888026888608978,0.015619752869283583
A_unseen_anchor_seen_family,M1,1.0s,288,288,0.03989674150943756,0.04146343469619751,0.10247120261192322,0.01645405975308371,0.015845447660352584,0.02558969977386317,0.016291878180782583,0.017323503790848106,0.02860695430732374,0.02558969977386317,0.02860695430732374
A_unseen_anchor_seen_family,M1,2.0s,288,288,0.03816083446145058,0.03930767625570297,0.07406987249851227,0.025827626567968803,0.02293642188308839,0.0388641221662225,0.027286488300167215,0.0277317499695789,0.0385716878440541,0.0388641221662225,0.0385716878440541
A_unseen_anchor_seen_family,M2,0.5s,288,288,0.039334993809461594,0.04548385366797447,0.0956445038318634,0.009425156352359607,0.011725777219645718,0.017032820938336603,0.009301812558595746,0.011962158263040782,0.01715804311135405,0.017032820938336603,0.01715804311135405
A_unseen_anchor_seen_family,M2,1.0s,288,288,0.04034339636564255,0.04542732983827591,0.10326821357011795,0.01681064816202128,0.019596157940600118,0.02937839977873523,0.01653155863968984,0.021222251924570366,0.03328079575455403,0.02937839977873523,0.03328079575455403
A_unseen_anchor_seen_family,M2,2.0s,288,288,0.04328356310725212,0.04402584955096245,0.07905063033103943,0.029916399692459055,0.03661276930475524,0.05377870694269211,0.03163555242114361,0.04339483096777921,0.03984510819447795,0.05377870694269211,0.03984510819447795
B_seen_anchor_unseen_family,command-copy,0.5s,240,240,0.1845441460609436,0.03688245639204979,0.1841772347688675,0.03195977723555065,0.04805998249500644,0.0633528303273982,0.03427279899516989,0.04697228941439578,0.04349850838383039,0.0633528303273982,0.04349850838383039
B_seen_anchor_unseen_family,command-copy,1.0s,240,240,0.3100856840610504,0.04011232778429985,0.20721085369586945,0.09183140908773788,0.11783000052285347,0.16153920601094976,0.09551711848140829,0.11362600954207434,0.11339770863845515,0.16153920601094976,0.11339770863845515
B_seen_anchor_unseen_family,command-copy,2.0s,240,240,0.18905383348464966,0.030548037961125374,0.11602192372083664,0.19079389775579136,0.18033500800393173,0.2810511309542399,0.15362400093916867,0.18245168822653648,0.10976540778642546,0.2810511309542399,0.10976540778642546
B_seen_anchor_unseen_family,ridge_multioutput,0.5s,240,240,0.1482820421312995,0.07004158459250592,0.16380999276445357,0.023306717068343235,0.026112577420329384,0.03877950856106669,0.023458988604733572,0.025631418214537828,0.02553437749956385,0.03877950856106669,0.02553437749956385
B_seen_anchor_unseen_family,ridge_multioutput,1.0s,240,240,0.23800495547095926,0.08859162074721993,0.24402763126549376,0.05771397706420061,0.06504121329065303,0.09600127825900814,0.058222600315579465,0.06409770118274631,0.10610966833727696,0.09600127825900814,0.10610966833727696
B_seen_anchor_unseen_family,ridge_multioutput,2.0s,240,240,0.1843003815593864,0.054771363630232675,0.1347747539216724,0.11090944212197398,0.1367318329366811,0.1938694317659517,0.0950223740941229,0.15610366373035353,0.10947556831317592,0.1938694317659517,0.10947556831317592
B_seen_anchor_unseen_family,M0,0.5s,240,240,0.1602059304714203,0.061393897980451584,0.13589376211166382,0.022996396921201243,0.031288887701009425,0.043091229163341,0.02345383201162651,0.03148570721848145,0.027516591787028175,0.043091229163341,0.027516591787028175
B_seen_anchor_unseen_family,M0,1.0s,240,240,0.2533215582370758,0.04983657971024513,0.19179128110408783,0.044240655497504035,0.05311922041681815,0.07576076476281017,0.04738300990634971,0.052637591706963076,0.07289844682501574,0.07576076476281017,0.07289844682501574
B_seen_anchor_unseen_family,M0,2.0s,240,240,0.1877787560224533,0.08885291963815689,0.13355593383312225,0.1041548036516081,0.12721301349097033,0.17938414417990747,0.08303967452772767,0.13639578450756878,0.11279760363429503,0.17938414417990747,0.11279760363429503
B_seen_anchor_unseen_family,M1,0.5s,240,240,0.16948136687278748,0.05071186274290085,0.14607049524784088,0.026469959485651028,0.034112406393299495,0.04817802745189224,0.026636402932705805,0.034099515243365866,0.027196994721152556,0.04817802745189224,0.027196994721152556
B_seen_anchor_unseen_family,M1,1.0s,240,240,0.25667381286621094,0.05470144376158714,0.2045295238494873,0.047003944574438246,0.05708314751328089,0.08126870456937446,0.04988499348728119,0.05714059218963698,0.07539690907601522,0.08126870456937446,0.07539690907601522
B_seen_anchor_unseen_family,M1,2.0s,240,240,0.1763978898525238,0.06246720999479294,0.12893646955490112,0.10114974648692814,0.12249550805522644,0.1733982239258681,0.07958222544543925,0.13446580082801335,0.1247889098923307,0.1733982239258681,0.1247889098923307
B_seen_anchor_unseen_family,M2,0.5s,240,240,0.16615304350852966,0.0669919103384018,0.1352088451385498,0.024598135270575652,0.030162819606035025,0.043169828151353264,0.024693342726942017,0.02999149296860872,0.029561848103783282,0.043169828151353264,0.029561848103783282
B_seen_anchor_unseen_family,M2,1.0s,240,240,0.2757124602794647,0.06150703504681587,0.22256098687648773,0.055839978374506063,0.06456275853231902,0.09398585300220455,0.05770598203398958,0.06477224551855051,0.0891968738920531,0.09398585300220455,0.0891968738920531
B_seen_anchor_unseen_family,M2,2.0s,240,240,0.16993717849254608,0.05499400570988655,0.1277415007352829,0.10148424687669963,0.11646583224262205,0.16787309828915004,0.08152884580972253,0.13008537264349837,0.10435356050375878,0.16787309828915004,0.10435356050375878
C_unseen_anchor_unseen_family,command-copy,0.5s,96,96,0.1773340106010437,0.03318146988749504,0.16979092359542847,0.06243872656621038,0.016837269427086427,0.06709996849179158,0.061174422534276664,0.020889526535131517,0.04482257892999356,0.06709996849179158,0.04482257892999356
C_unseen_anchor_unseen_family,command-copy,1.0s,96,96,0.32706764340400696,0.042417239397764206,0.2150799036026001,0.1364739000276057,0.07405420758560154,0.16443703887034833,0.13638684998756553,0.07451683731826318,0.11006776615046765,0.16443703887034833,0.11006776615046765
C_unseen_anchor_unseen_family,command-copy,2.0s,96,96,0.19650311768054962,0.02852438949048519,0.12427413463592529,0.18096914317640653,0.2104920119843814,0.28842056540850725,0.21259170703336747,0.13604388539487253,0.10826561382325724,0.28842056540850725,0.10826561382325724
C_unseen_anchor_unseen_family,ridge_multioutput,0.5s,96,96,0.16831048374246968,0.06391510713071515,0.19143324223475258,0.03407731926530493,0.021173845338035967,0.043369251077788475,0.03352921396543591,0.02158764373578372,0.032869097616587316,0.043369251077788475,0.032869097616587316
C_unseen_anchor_unseen_family,ridge_multioutput,1.0s,96,96,0.24731556254979203,0.09909028864041797,0.2641339534209943,0.07043290498230974,0.055556972186872035,0.09902285883269013,0.06752364587508737,0.057010715675143576,0.1076720689807756,0.09902285883269013,0.1076720689807756
C_unseen_anchor_unseen_family,ridge_multioutput,2.0s,96,96,0.1651333210091676,0.048149211897493056,0.15683793941656696,0.16282066481393623,0.0840516657338929,0.1922219303988544,0.18369278356820043,0.045902082523472554,0.09870175390637137,0.1922219303988544,0.09870175390637137
C_unseen_anchor_unseen_family,M0,0.5s,96,96,0.1642090082168579,0.05695381760597229,0.13265001773834229,0.04524131775078646,0.015813785780509255,0.04964788309456245,0.04530344581922446,0.017248835752678267,0.03483740716677445,0.04964788309456245,0.03483740716677445
C_unseen_anchor_unseen_family,M0,1.0s,96,96,0.26426997780799866,0.0510515458881855,0.2009832262992859,0.06674149099564314,0.03863601274696115,0.08269191662071265,0.0646947248628426,0.04514367768272024,0.0787553468708934,0.08269191662071265,0.0787553468708934
C_unseen_anchor_unseen_family,M0,2.0s,96,96,0.17483563721179962,0.0825224295258522,0.14885355532169342,0.15253299008384766,0.07906488458008654,0.17709713446307132,0.16230134840002866,0.0392277517992391,0.09606807998772766,0.17709713446307132,0.09606807998772766
C_unseen_anchor_unseen_family,M1,0.5s,96,96,0.18073123693466187,0.050453606992959976,0.15763765573501587,0.04784676884192673,0.01982677853521302,0.054339149269994835,0.0481965592320571,0.020026797998703185,0.03527389970341136,0.054339149269994835,0.03527389970341136
C_unseen_anchor_unseen_family,M1,1.0s,96,96,0.2694900333881378,0.05639070272445679,0.21725566685199738,0.07092258667835116,0.03914282849922275,0.08561863968808557,0.06918513430484607,0.04568724836176776,0.08111554133958261,0.08561863968808557,0.08111554133958261
C_unseen_anchor_unseen_family,M1,2.0s,96,96,0.16265785694122314,0.060548651963472366,0.1443776935338974,0.1495080029849698,0.07802198519650506,0.1728502816886431,0.16126070799704498,0.036655436830007194,0.11573083426927777,0.1728502816886431,0.11573083426927777
C_unseen_anchor_unseen_family,M2,0.5s,96,96,0.1775239109992981,0.07060141861438751,0.14877353608608246,0.039671902713066594,0.018302228859137314,0.046086501931475905,0.03979068219947971,0.019060872284331197,0.036841315641640206,0.046086501931475905,0.036841315641640206
C_unseen_anchor_unseen_family,M2,1.0s,96,96,0.2861517369747162,0.06466561555862427,0.228463277220726,0.07709323656162075,0.044841279228131053,0.09547172264114344,0.07607768519689832,0.04892110474799835,0.09407811745757733,0.09547172264114344,0.09407811745757733
C_unseen_anchor_unseen_family,M2,2.0s,96,96,0.15374411642551422,0.0522993803024292,0.1418607085943222,0.14084676235897917,0.08146581325204866,0.16820431230814684,0.15620502787971294,0.04026562859739685,0.10123226383916532,0.16820431230814684,0.10123226383916532
supp_AQ5xQ4,command-copy,0.5s,48,48,0.19255171716213226,0.036052826792001724,0.18061299622058868,0.06245049511571982,0.016440605337481495,0.06613209324622114,0.061118218700600434,0.021063553427687527,0.04589515645056963,0.06613209324622114,0.04589515645056963
supp_AQ5xQ4,command-copy,1.0s,48,48,0.3087731599807739,0.0410812608897686,0.25360700488090515,0.13665880465053262,0.07337181552765727,0.16297511732025535,0.1364297721889233,0.0785200876814575,0.11017145620038112,0.16297511732025535,0.11017145620038112
supp_AQ5xQ4,command-copy,2.0s,48,48,0.1942186802625656,0.02139413356781006,0.12125376611948013,0.15892123644764874,0.2027067572921563,0.2696492212700628,0.19164707305686712,0.1320837147574851,0.09815512605321904,0.2696492212700628,0.09815512605321904
supp_AQ5xQ4,ridge_multioutput,0.5s,48,48,0.13685308370976146,0.06716745886069068,0.19374568213192797,0.03162305769088238,0.019461487161890837,0.04120894432457653,0.031104890900406874,0.01994858051510415,0.02615914302043861,0.04120894432457653,0.02615914302043861
supp_AQ5xQ4,ridge_multioutput,1.0s,48,48,0.22275522655935753,0.10527008685606909,0.28722808304248637,0.06460632995619324,0.05843990535985465,0.09699713123326455,0.063564902557393,0.0587265332745616,0.10285859726570824,0.09699713123326455,0.10285859726570824
supp_AQ5xQ4,ridge_multioutput,2.0s,48,48,0.2056659931613428,0.047833608139296276,0.17483703078843305,0.1682353075482583,0.08641008943444199,0.19511745574675943,0.19033451109289787,0.0533171246500815,0.11583422150685845,0.19511745574675943,0.11583422150685845
supp_AQ5xQ4,M0,0.5s,48,48,0.1655234396457672,0.055861275643110275,0.1627185195684433,0.0360425089709112,0.014426625598184598,0.040550109352956665,0.03610400111235521,0.015100470381825493,0.03241847170284018,0.040550109352956665,0.03241847170284018
supp_AQ5xQ4,M0,1.0s,48,48,0.24386578798294067,0.045790333300828934,0.24738426506519318,0.06403481088166214,0.0349528432287469,0.076013081675031,0.06438533920020395,0.03867435204396557,0.07572572631761432,0.076013081675031,0.07572572631761432
supp_AQ5xQ4,M0,2.0s,48,48,0.1974540799856186,0.08219567686319351,0.16800810396671295,0.14962015011125693,0.09257429646900607,0.18296767525975888,0.15961559123186808,0.05408091588154762,0.1180259805211487,0.18296767525975888,0.1180259805211487
supp_AQ5xQ4,M1,0.5s,48,48,0.16028939187526703,0.04931720718741417,0.14976651966571808,0.04053521924896377,0.017162909934018936,0.04640902870530957,0.04086991750465071,0.01708940250420171,0.031887337138565876,0.04640902870530957,0.031887337138565876
supp_AQ5xQ4,M1,1.0s,48,48,0.24176733195781708,0.050993576645851135,0.276170939207077,0.06659923641224674,0.038260230171601524,0.07979496488126156,0.06703088835107714,0.040959909585673776,0.07758542095931868,0.07979496488126156,0.07758542095931868
supp_AQ5xQ4,M1,2.0s,48,48,0.19560092687606812,0.059503551572561264,0.15459971129894257,0.14714074561057236,0.08682965993365899,0.17541763714846362,0.15977257846574963,0.046330576378839465,0.13291970377516313,0.17541763714846362,0.13291970377516313
supp_AQ5xQ4,M2,0.5s,48,48,0.1497848480939865,0.06469721347093582,0.1517055779695511,0.03455330636850786,0.017454687677849082,0.041400330435317136,0.03433364326340374,0.01754716448710494,0.03376340542066222,0.041400330435317136,0.03376340542066222
supp_AQ5xQ4,M2,1.0s,48,48,0.259405255317688,0.05993935465812683,0.2705574333667755,0.06885401455236584,0.04248586132848375,0.08475160049267838,0.06894641206573815,0.04588074786222115,0.08974683681784275,0.08475160049267838,0.08974683681784275
supp_AQ5xQ4,M2,2.0s,48,48,0.18922944366931915,0.05495185777544975,0.14617423713207245,0.1542467997393382,0.08915963088895379,0.18307235328193872,0.16939950760970435,0.049191814908986935,0.1089138911338523,0.18307235328193872,0.1089138911338523
