dataset,cell_id,cell_type,values,n_windows,split_of_cell
train_R0,c022,single,"[-0.65, 0.0, 0.0]",96,single_or_zero
train_R0,c122,single,"[-0.35, 0.0, 0.0]",84,single_or_zero
train_R0,c202,single,"[0.0, -0.65, 0.0]",87,single_or_zero
train_R0,c212,single,"[0.0, -0.35, 0.0]",99,single_or_zero
train_R0,c220,single,"[0.0, 0.0, -0.65]",117,single_or_zero
train_R0,c221,single,"[0.0, 0.0, -0.35]",84,single_or_zero
train_R0,c222,zero,"[0.0, 0.0, 0.0]",207,single_or_zero
train_R0,c223,single,"[0.0, 0.0, 0.35]",93,single_or_zero
train_R0,c224,single,"[0.0, 0.0, 0.65]",90,single_or_zero
train_R0,c232,single,"[0.0, 0.35, 0.0]",78,single_or_zero
train_R0,c242,single,"[0.0, 0.65, 0.0]",93,single_or_zero
train_R0,c322,single,"[0.35, 0.0, 0.0]",84,single_or_zero
train_R0,c422,single,"[0.65, 0.0, 0.0]",84,single_or_zero
train_R1,c022,single,"[-0.65, 0.0, 0.0]",96,single_or_zero
train_R1,c023,double,"[-0.65, 0.0, 0.35]",24,XW_train
train_R1,c024,double,"[-0.65, 0.0, 0.65]",18,XW_train
train_R1,c032,double,"[-0.65, 0.35, 0.0]",27,XY_train
train_R1,c042,double,"[-0.65, 0.65, 0.0]",27,XY_train
train_R1,c122,single,"[-0.35, 0.0, 0.0]",84,single_or_zero
train_R1,c123,double,"[-0.35, 0.0, 0.35]",9,XW_train
train_R1,c124,double,"[-0.35, 0.0, 0.65]",15,XW_train
train_R1,c132,double,"[-0.35, 0.35, 0.0]",24,XY_train
train_R1,c142,double,"[-0.35, 0.65, 0.0]",18,XY_train
train_R1,c202,single,"[0.0, -0.65, 0.0]",87,single_or_zero
train_R1,c203,double,"[0.0, -0.65, 0.35]",21,YW_train
train_R1,c204,double,"[0.0, -0.65, 0.65]",15,YW_train
train_R1,c212,single,"[0.0, -0.35, 0.0]",99,single_or_zero
train_R1,c213,double,"[0.0, -0.35, 0.35]",18,YW_train
train_R1,c214,double,"[0.0, -0.35, 0.65]",15,YW_train
train_R1,c220,single,"[0.0, 0.0, -0.65]",117,single_or_zero
train_R1,c221,single,"[0.0, 0.0, -0.35]",84,single_or_zero
train_R1,c222,zero,"[0.0, 0.0, 0.0]",939,single_or_zero
train_R1,c223,single,"[0.0, 0.0, 0.35]",93,single_or_zero
train_R1,c224,single,"[0.0, 0.0, 0.65]",90,single_or_zero
train_R1,c230,double,"[0.0, 0.35, -0.65]",15,YW_train
train_R1,c231,double,"[0.0, 0.35, -0.35]",9,YW_train
train_R1,c232,single,"[0.0, 0.35, 0.0]",78,single_or_zero
train_R1,c240,double,"[0.0, 0.65, -0.65]",24,YW_train
train_R1,c241,double,"[0.0, 0.65, -0.35]",24,YW_train
train_R1,c242,single,"[0.0, 0.65, 0.0]",93,single_or_zero
train_R1,c243,double,"[0.0, 0.65, 0.35]",21,YW_train
train_R1,c244,double,"[0.0, 0.65, 0.65]",12,YW_train
train_R1,c302,double,"[0.35, -0.65, 0.0]",21,XY_train
train_R1,c312,double,"[0.35, -0.35, 0.0]",18,XY_train
train_R1,c320,double,"[0.35, 0.0, -0.65]",24,XW_train
train_R1,c321,double,"[0.35, 0.0, -0.35]",15,XW_train
train_R1,c322,single,"[0.35, 0.0, 0.0]",84,single_or_zero
train_R1,c402,double,"[0.65, -0.65, 0.0]",18,XY_train
train_R1,c412,double,"[0.65, -0.35, 0.0]",24,XY_train
train_R1,c420,double,"[0.65, 0.0, -0.65]",18,XW_train
train_R1,c421,double,"[0.65, 0.0, -0.35]",21,XW_train
train_R1,c422,single,"[0.65, 0.0, 0.0]",84,single_or_zero
train_R1,c423,double,"[0.65, 0.0, 0.35]",18,XW_train
train_R1,c424,double,"[0.65, 0.0, 0.65]",18,XW_train
train_R1,c432,double,"[0.65, 0.35, 0.0]",18,XY_train
train_R1,c442,double,"[0.65, 0.65, 0.0]",15,XY_train
val,c002,double,"[-0.65, -0.65, 0.0]",39,XY_val
val,c020,double,"[-0.65, 0.0, -0.65]",39,XW_val
val,c022,single,"[-0.65, 0.0, 0.0]",11,single_or_zero
val,c023,double,"[-0.65, 0.0, 0.35]",15,XW_train
val,c024,double,"[-0.65, 0.0, 0.65]",9,XW_train
val,c032,double,"[-0.65, 0.35, 0.0]",9,XY_train
val,c042,double,"[-0.65, 0.65, 0.0]",8,XY_train
val,c043,triple,"[-0.65, 0.65, 0.35]",60,triple_val
val,c044,triple,"[-0.65, 0.65, 0.65]",42,unused
val,c112,double,"[-0.35, -0.35, 0.0]",33,XY_val
val,c121,double,"[-0.35, 0.0, -0.35]",36,XW_val
val,c122,single,"[-0.35, 0.0, 0.0]",15,single_or_zero
val,c123,double,"[-0.35, 0.0, 0.35]",12,XW_train
val,c124,double,"[-0.35, 0.0, 0.65]",9,XW_train
val,c132,double,"[-0.35, 0.35, 0.0]",9,XY_train
val,c142,double,"[-0.35, 0.65, 0.0]",9,XY_train
val,c143,triple,"[-0.35, 0.65, 0.35]",75,triple_val
val,c144,triple,"[-0.35, 0.65, 0.65]",69,triple_val
val,c200,double,"[0.0, -0.65, -0.65]",33,YW_val
val,c202,single,"[0.0, -0.65, 0.0]",8,single_or_zero
val,c203,double,"[0.0, -0.65, 0.35]",12,YW_train
val,c204,double,"[0.0, -0.65, 0.65]",9,YW_train
val,c211,double,"[0.0, -0.35, -0.35]",42,YW_val
val,c212,single,"[0.0, -0.35, 0.0]",12,single_or_zero
val,c213,double,"[0.0, -0.35, 0.35]",9,YW_train
val,c214,double,"[0.0, -0.35, 0.65]",8,YW_train
val,c220,single,"[0.0, 0.0, -0.65]",6,single_or_zero
val,c221,single,"[0.0, 0.0, -0.35]",12,single_or_zero
val,c222,zero,"[0.0, 0.0, 0.0]",358,single_or_zero
val,c223,single,"[0.0, 0.0, 0.35]",9,single_or_zero
val,c224,single,"[0.0, 0.0, 0.65]",12,single_or_zero
val,c230,double,"[0.0, 0.35, -0.65]",6,YW_train
val,c232,single,"[0.0, 0.35, 0.0]",6,single_or_zero
val,c233,double,"[0.0, 0.35, 0.35]",24,YW_val
val,c240,double,"[0.0, 0.65, -0.65]",9,YW_train
val,c241,double,"[0.0, 0.65, -0.35]",9,YW_train
val,c242,single,"[0.0, 0.65, 0.0]",9,single_or_zero
val,c243,double,"[0.0, 0.65, 0.35]",9,YW_train
val,c244,double,"[0.0, 0.65, 0.65]",12,YW_train
val,c302,double,"[0.35, -0.65, 0.0]",12,XY_train
val,c312,double,"[0.35, -0.35, 0.0]",15,XY_train
val,c322,single,"[0.35, 0.0, 0.0]",9,single_or_zero
val,c323,double,"[0.35, 0.0, 0.35]",30,XW_val
val,c332,double,"[0.35, 0.35, 0.0]",48,XY_val
val,c413,triple,"[0.65, -0.35, 0.35]",60,unused
val,c422,single,"[0.65, 0.0, 0.0]",9,single_or_zero
test_all,c012,double,"[-0.65, -0.35, 0.0]",27,XY_test
test_all,c021,double,"[-0.65, 0.0, -0.35]",39,XW_test
test_all,c022,single,"[-0.65, 0.0, 0.0]",9,single_or_zero
test_all,c023,double,"[-0.65, 0.0, 0.35]",12,XW_train
test_all,c024,double,"[-0.65, 0.0, 0.65]",6,XW_train
test_all,c032,double,"[-0.65, 0.35, 0.0]",15,XY_train
test_all,c042,double,"[-0.65, 0.65, 0.0]",15,XY_train
test_all,c102,double,"[-0.35, -0.65, 0.0]",39,XY_test
test_all,c120,double,"[-0.35, 0.0, -0.65]",45,XW_test
test_all,c122,single,"[-0.35, 0.0, 0.0]",9,single_or_zero
test_all,c123,double,"[-0.35, 0.0, 0.35]",9,XW_train
test_all,c124,double,"[-0.35, 0.0, 0.65]",9,XW_train
test_all,c132,double,"[-0.35, 0.35, 0.0]",12,XY_train
test_all,c201,double,"[0.0, -0.65, -0.35]",33,YW_test
test_all,c202,single,"[0.0, -0.65, 0.0]",9,single_or_zero
test_all,c203,double,"[0.0, -0.65, 0.35]",6,YW_train
test_all,c204,double,"[0.0, -0.65, 0.65]",12,YW_train
test_all,c210,double,"[0.0, -0.35, -0.65]",33,YW_test
test_all,c212,single,"[0.0, -0.35, 0.0]",12,single_or_zero
test_all,c213,double,"[0.0, -0.35, 0.35]",12,YW_train
test_all,c214,double,"[0.0, -0.35, 0.65]",12,YW_train
test_all,c220,single,"[0.0, 0.0, -0.65]",6,single_or_zero
test_all,c221,single,"[0.0, 0.0, -0.35]",6,single_or_zero
test_all,c222,zero,"[0.0, 0.0, 0.0]",360,single_or_zero
test_all,c223,single,"[0.0, 0.0, 0.35]",9,single_or_zero
test_all,c224,single,"[0.0, 0.0, 0.65]",6,single_or_zero
test_all,c230,double,"[0.0, 0.35, -0.65]",9,YW_train
test_all,c231,double,"[0.0, 0.35, -0.35]",12,YW_train
test_all,c232,single,"[0.0, 0.35, 0.0]",15,single_or_zero
test_all,c234,double,"[0.0, 0.35, 0.65]",36,YW_test
test_all,c240,double,"[0.0, 0.65, -0.65]",6,YW_train
test_all,c241,double,"[0.0, 0.65, -0.35]",6,YW_train
test_all,c242,single,"[0.0, 0.65, 0.0]",12,single_or_zero
test_all,c243,double,"[0.0, 0.65, 0.35]",15,YW_train
test_all,c244,double,"[0.0, 0.65, 0.65]",15,YW_train
test_all,c302,double,"[0.35, -0.65, 0.0]",6,XY_train
test_all,c312,double,"[0.35, -0.35, 0.0]",9,XY_train
test_all,c322,single,"[0.35, 0.0, 0.0]",6,single_or_zero
test_all,c324,double,"[0.35, 0.0, 0.65]",30,XW_test
test_all,c342,double,"[0.35, 0.65, 0.0]",42,XY_test
test_all,c403,triple,"[0.65, -0.65, 0.35]",36,unused
test_all,c404,triple,"[0.65, -0.65, 0.65]",27,unused
test_all,c414,triple,"[0.65, -0.35, 0.65]",39,unused
test_all,c422,single,"[0.65, 0.0, 0.0]",9,single_or_zero
test_all,c430,triple,"[0.65, 0.35, -0.65]",48,unused
test_all,c431,triple,"[0.65, 0.35, -0.35]",42,unused
test_all,c440,triple,"[0.65, 0.65, -0.65]",33,triple_test
test_all,c441,triple,"[0.65, 0.65, -0.35]",24,unused
test_all,c443,triple,"[0.65, 0.65, 0.35]",27,triple_test
test_all,c444,triple,"[0.65, 0.65, 0.65]",30,triple_test
