episode_id,probe_name,condition,friction,seed,reset_state,duration_s,termination_reason
0,probe_1_straight,normal,1.0,143,default_pose_zero_vel,8.0,schedule_end
1,probe_1_straight,normal,1.0,143,default_pose_zero_vel,8.0,schedule_end
2,probe_1_straight,normal,1.0,143,default_pose_zero_vel,8.0,schedule_end
3,probe_1_straight,normal,1.0,143,default_pose_zero_vel,8.0,schedule_end
4,probe_1_straight,normal,1.0,143,default_pose_zero_vel,8.0,schedule_end
5,probe_1_straight,normal,1.0,143,default_pose_zero_vel,8.0,schedule_end
6,probe_1_straight,normal,1.0,143,default_pose_zero_vel,8.0,schedule_end
7,probe_1_straight,normal,1.0,143,default_pose_zero_vel,8.0,schedule_end
8,probe_2_accel_decel,normal,1.0,244,default_pose_zero_vel,10.0,schedule_end
9,probe_2_accel_decel,normal,1.0,244,default_pose_zero_vel,10.0,schedule_end
10,probe_2_accel_decel,normal,1.0,244,default_pose_zero_vel,10.0,schedule_end
11,probe_2_accel_decel,normal,1.0,244,default_pose_zero_vel,10.0,schedule_end
12,probe_2_accel_decel,normal,1.0,244,default_pose_zero_vel,10.0,schedule_end
13,probe_2_accel_decel,normal,1.0,244,default_pose_zero_vel,10.0,schedule_end
14,probe_2_accel_decel,normal,1.0,244,default_pose_zero_vel,10.0,schedule_end
15,probe_2_accel_decel,normal,1.0,244,default_pose_zero_vel,10.0,schedule_end
16,probe_3_turn,normal,1.0,345,default_pose_zero_vel,8.0,schedule_end
17,probe_3_turn,normal,1.0,345,default_pose_zero_vel,8.0,schedule_end
18,probe_3_turn,normal,1.0,345,default_pose_zero_vel,8.0,schedule_end
19,probe_3_turn,normal,1.0,345,default_pose_zero_vel,8.0,schedule_end
20,probe_3_turn,normal,1.0,345,default_pose_zero_vel,8.0,schedule_end
21,probe_3_turn,normal,1.0,345,default_pose_zero_vel,8.0,schedule_end
22,probe_3_turn,normal,1.0,345,default_pose_zero_vel,8.0,schedule_end
23,probe_3_turn,normal,1.0,345,default_pose_zero_vel,8.0,schedule_end
24,probe_4_lateral,normal,1.0,446,default_pose_zero_vel,8.0,schedule_end
25,probe_4_lateral,normal,1.0,446,default_pose_zero_vel,8.0,schedule_end
26,probe_4_lateral,normal,1.0,446,default_pose_zero_vel,8.0,schedule_end
27,probe_4_lateral,normal,1.0,446,default_pose_zero_vel,8.0,schedule_end
28,probe_4_lateral,normal,1.0,446,default_pose_zero_vel,8.0,schedule_end
29,probe_4_lateral,normal,1.0,446,default_pose_zero_vel,8.0,schedule_end
30,probe_4_lateral,normal,1.0,446,default_pose_zero_vel,8.0,schedule_end
31,probe_4_lateral,normal,1.0,446,default_pose_zero_vel,8.0,schedule_end
32,probe_1_straight,friction_low,0.3,143,default_pose_zero_vel,8.0,schedule_end
33,probe_1_straight,friction_low,0.3,143,default_pose_zero_vel,8.0,schedule_end
34,probe_1_straight,friction_low,0.3,143,default_pose_zero_vel,8.0,schedule_end
35,probe_1_straight,friction_low,0.3,143,default_pose_zero_vel,8.0,schedule_end
36,probe_1_straight,friction_low,0.3,143,default_pose_zero_vel,8.0,schedule_end
37,probe_1_straight,friction_low,0.3,143,default_pose_zero_vel,8.0,schedule_end
38,probe_1_straight,friction_low,0.3,143,default_pose_zero_vel,8.0,schedule_end
39,probe_1_straight,friction_low,0.3,143,default_pose_zero_vel,8.0,schedule_end
40,probe_2_accel_decel,friction_low,0.3,244,default_pose_zero_vel,10.0,schedule_end
41,probe_2_accel_decel,friction_low,0.3,244,default_pose_zero_vel,10.0,schedule_end
42,probe_2_accel_decel,friction_low,0.3,244,default_pose_zero_vel,10.0,schedule_end
43,probe_2_accel_decel,friction_low,0.3,244,default_pose_zero_vel,10.0,schedule_end
44,probe_2_accel_decel,friction_low,0.3,244,default_pose_zero_vel,10.0,schedule_end
45,probe_2_accel_decel,friction_low,0.3,244,default_pose_zero_vel,10.0,schedule_end
46,probe_2_accel_decel,friction_low,0.3,244,default_pose_zero_vel,10.0,schedule_end
47,probe_2_accel_decel,friction_low,0.3,244,default_pose_zero_vel,10.0,schedule_end
48,probe_3_turn,friction_low,0.3,345,default_pose_zero_vel,8.0,schedule_end
49,probe_3_turn,friction_low,0.3,345,default_pose_zero_vel,8.0,schedule_end
50,probe_3_turn,friction_low,0.3,345,default_pose_zero_vel,8.0,schedule_end
51,probe_3_turn,friction_low,0.3,345,default_pose_zero_vel,8.0,schedule_end
52,probe_3_turn,friction_low,0.3,345,default_pose_zero_vel,8.0,schedule_end
53,probe_3_turn,friction_low,0.3,345,default_pose_zero_vel,8.0,schedule_end
54,probe_3_turn,friction_low,0.3,345,default_pose_zero_vel,8.0,schedule_end
55,probe_3_turn,friction_low,0.3,345,default_pose_zero_vel,8.0,schedule_end
56,probe_4_lateral,friction_low,0.3,446,default_pose_zero_vel,8.0,schedule_end
57,probe_4_lateral,friction_low,0.3,446,default_pose_zero_vel,8.0,schedule_end
58,probe_4_lateral,friction_low,0.3,446,default_pose_zero_vel,8.0,schedule_end
59,probe_4_lateral,friction_low,0.3,446,default_pose_zero_vel,8.0,schedule_end
60,probe_4_lateral,friction_low,0.3,446,default_pose_zero_vel,8.0,schedule_end
61,probe_4_lateral,friction_low,0.3,446,default_pose_zero_vel,8.0,schedule_end
62,probe_4_lateral,friction_low,0.3,446,default_pose_zero_vel,8.0,schedule_end
63,probe_4_lateral,friction_low,0.3,446,default_pose_zero_vel,8.0,schedule_end
64,probe_1_straight,friction_vlow,0.15,143,default_pose_zero_vel,8.0,schedule_end
65,probe_1_straight,friction_vlow,0.15,143,default_pose_zero_vel,8.0,schedule_end
66,probe_1_straight,friction_vlow,0.15,143,default_pose_zero_vel,8.0,schedule_end
67,probe_1_straight,friction_vlow,0.15,143,default_pose_zero_vel,8.0,schedule_end
68,probe_1_straight,friction_vlow,0.15,143,default_pose_zero_vel,8.0,schedule_end
69,probe_1_straight,friction_vlow,0.15,143,default_pose_zero_vel,8.0,schedule_end
70,probe_1_straight,friction_vlow,0.15,143,default_pose_zero_vel,8.0,schedule_end
71,probe_1_straight,friction_vlow,0.15,143,default_pose_zero_vel,8.0,schedule_end
72,probe_2_accel_decel,friction_vlow,0.15,244,default_pose_zero_vel,10.0,schedule_end
73,probe_2_accel_decel,friction_vlow,0.15,244,default_pose_zero_vel,10.0,schedule_end
74,probe_2_accel_decel,friction_vlow,0.15,244,default_pose_zero_vel,10.0,schedule_end
75,probe_2_accel_decel,friction_vlow,0.15,244,default_pose_zero_vel,10.0,schedule_end
76,probe_2_accel_decel,friction_vlow,0.15,244,default_pose_zero_vel,10.0,schedule_end
77,probe_2_accel_decel,friction_vlow,0.15,244,default_pose_zero_vel,10.0,schedule_end
78,probe_2_accel_decel,friction_vlow,0.15,244,default_pose_zero_vel,10.0,schedule_end
79,probe_2_accel_decel,friction_vlow,0.15,244,default_pose_zero_vel,10.0,schedule_end
80,probe_3_turn,friction_vlow,0.15,345,default_pose_zero_vel,8.0,schedule_end
81,probe_3_turn,friction_vlow,0.15,345,default_pose_zero_vel,8.0,schedule_end
82,probe_3_turn,friction_vlow,0.15,345,default_pose_zero_vel,8.0,schedule_end
83,probe_3_turn,friction_vlow,0.15,345,default_pose_zero_vel,8.0,schedule_end
84,probe_3_turn,friction_vlow,0.15,345,default_pose_zero_vel,8.0,schedule_end
85,probe_3_turn,friction_vlow,0.15,345,default_pose_zero_vel,8.0,schedule_end
86,probe_3_turn,friction_vlow,0.15,345,default_pose_zero_vel,8.0,schedule_end
87,probe_3_turn,friction_vlow,0.15,345,default_pose_zero_vel,8.0,schedule_end
88,probe_4_lateral,friction_vlow,0.15,446,default_pose_zero_vel,8.0,schedule_end
89,probe_4_lateral,friction_vlow,0.15,446,default_pose_zero_vel,8.0,schedule_end
90,probe_4_lateral,friction_vlow,0.15,446,default_pose_zero_vel,8.0,schedule_end
91,probe_4_lateral,friction_vlow,0.15,446,default_pose_zero_vel,8.0,schedule_end
92,probe_4_lateral,friction_vlow,0.15,446,default_pose_zero_vel,8.0,schedule_end
93,probe_4_lateral,friction_vlow,0.15,446,default_pose_zero_vel,8.0,schedule_end
94,probe_4_lateral,friction_vlow,0.15,446,default_pose_zero_vel,8.0,schedule_end
95,probe_4_lateral,friction_vlow,0.15,446,default_pose_zero_vel,8.0,schedule_end
