split,episode_id,condition,command_family,anchor_group,anchor_seed,rep
train,0,normal,Q1_straight,AQ0,1000.0,0.0
train,1,normal,Q2_lateral,AQ0,1000.0,0.0
train,2,normal,Q3_turn,AQ0,1000.0,0.0
train,4,normal,Q1_straight,AQ0,1000.0,1.0
train,5,normal,Q2_lateral,AQ0,1000.0,1.0
train,6,normal,Q3_turn,AQ0,1000.0,1.0
train,8,normal,Q1_straight,AQ1,1017.0,0.0
train,9,normal,Q2_lateral,AQ1,1017.0,0.0
train,10,normal,Q3_turn,AQ1,1017.0,0.0
train,12,normal,Q1_straight,AQ1,1017.0,1.0
train,13,normal,Q2_lateral,AQ1,1017.0,1.0
train,14,normal,Q3_turn,AQ1,1017.0,1.0
train,16,normal,Q1_straight,AQ2,1034.0,0.0
train,17,normal,Q2_lateral,AQ2,1034.0,0.0
train,18,normal,Q3_turn,AQ2,1034.0,0.0
train,20,normal,Q1_straight,AQ2,1034.0,1.0
train,21,normal,Q2_lateral,AQ2,1034.0,1.0
train,22,normal,Q3_turn,AQ2,1034.0,1.0
train,24,normal,Q1_straight,AQ3,1051.0,0.0
train,25,normal,Q2_lateral,AQ3,1051.0,0.0
train,26,normal,Q3_turn,AQ3,1051.0,0.0
train,28,normal,Q1_straight,AQ3,1051.0,1.0
train,29,normal,Q2_lateral,AQ3,1051.0,1.0
train,30,normal,Q3_turn,AQ3,1051.0,1.0
train,32,normal,Q1_straight,AQ4,1068.0,0.0
train,33,normal,Q2_lateral,AQ4,1068.0,0.0
train,34,normal,Q3_turn,AQ4,1068.0,0.0
train,36,normal,Q1_straight,AQ4,1068.0,1.0
train,37,normal,Q2_lateral,AQ4,1068.0,1.0
train,38,normal,Q3_turn,AQ4,1068.0,1.0
train,80,friction_mid,Q1_straight,AQ0,1000.0,0.0
train,81,friction_mid,Q2_lateral,AQ0,1000.0,0.0
train,82,friction_mid,Q3_turn,AQ0,1000.0,0.0
train,84,friction_mid,Q1_straight,AQ0,1000.0,1.0
train,85,friction_mid,Q2_lateral,AQ0,1000.0,1.0
train,86,friction_mid,Q3_turn,AQ0,1000.0,1.0
train,88,friction_mid,Q1_straight,AQ1,1017.0,0.0
train,89,friction_mid,Q2_lateral,AQ1,1017.0,0.0
train,90,friction_mid,Q3_turn,AQ1,1017.0,0.0
train,92,friction_mid,Q1_straight,AQ1,1017.0,1.0
train,93,friction_mid,Q2_lateral,AQ1,1017.0,1.0
train,94,friction_mid,Q3_turn,AQ1,1017.0,1.0
train,96,friction_mid,Q1_straight,AQ2,1034.0,0.0
train,97,friction_mid,Q2_lateral,AQ2,1034.0,0.0
train,98,friction_mid,Q3_turn,AQ2,1034.0,0.0
train,100,friction_mid,Q1_straight,AQ2,1034.0,1.0
train,101,friction_mid,Q2_lateral,AQ2,1034.0,1.0
train,102,friction_mid,Q3_turn,AQ2,1034.0,1.0
train,104,friction_mid,Q1_straight,AQ3,1051.0,0.0
train,105,friction_mid,Q2_lateral,AQ3,1051.0,0.0
train,106,friction_mid,Q3_turn,AQ3,1051.0,0.0
train,108,friction_mid,Q1_straight,AQ3,1051.0,1.0
train,109,friction_mid,Q2_lateral,AQ3,1051.0,1.0
train,110,friction_mid,Q3_turn,AQ3,1051.0,1.0
train,112,friction_mid,Q1_straight,AQ4,1068.0,0.0
train,113,friction_mid,Q2_lateral,AQ4,1068.0,0.0
train,114,friction_mid,Q3_turn,AQ4,1068.0,0.0
train,116,friction_mid,Q1_straight,AQ4,1068.0,1.0
train,117,friction_mid,Q2_lateral,AQ4,1068.0,1.0
train,118,friction_mid,Q3_turn,AQ4,1068.0,1.0
train,160,friction_low,Q1_straight,AQ0,1000.0,0.0
train,161,friction_low,Q2_lateral,AQ0,1000.0,0.0
train,162,friction_low,Q3_turn,AQ0,1000.0,0.0
train,164,friction_low,Q1_straight,AQ0,1000.0,1.0
train,165,friction_low,Q2_lateral,AQ0,1000.0,1.0
train,166,friction_low,Q3_turn,AQ0,1000.0,1.0
train,168,friction_low,Q1_straight,AQ1,1017.0,0.0
train,169,friction_low,Q2_lateral,AQ1,1017.0,0.0
train,170,friction_low,Q3_turn,AQ1,1017.0,0.0
train,172,friction_low,Q1_straight,AQ1,1017.0,1.0
train,173,friction_low,Q2_lateral,AQ1,1017.0,1.0
train,174,friction_low,Q3_turn,AQ1,1017.0,1.0
train,176,friction_low,Q1_straight,AQ2,1034.0,0.0
train,177,friction_low,Q2_lateral,AQ2,1034.0,0.0
train,178,friction_low,Q3_turn,AQ2,1034.0,0.0
train,180,friction_low,Q1_straight,AQ2,1034.0,1.0
train,181,friction_low,Q2_lateral,AQ2,1034.0,1.0
train,182,friction_low,Q3_turn,AQ2,1034.0,1.0
train,184,friction_low,Q1_straight,AQ3,1051.0,0.0
train,185,friction_low,Q2_lateral,AQ3,1051.0,0.0
train,186,friction_low,Q3_turn,AQ3,1051.0,0.0
train,188,friction_low,Q1_straight,AQ3,1051.0,1.0
train,189,friction_low,Q2_lateral,AQ3,1051.0,1.0
train,190,friction_low,Q3_turn,AQ3,1051.0,1.0
train,192,friction_low,Q1_straight,AQ4,1068.0,0.0
train,193,friction_low,Q2_lateral,AQ4,1068.0,0.0
train,194,friction_low,Q3_turn,AQ4,1068.0,0.0
train,196,friction_low,Q1_straight,AQ4,1068.0,1.0
train,197,friction_low,Q2_lateral,AQ4,1068.0,1.0
train,198,friction_low,Q3_turn,AQ4,1068.0,1.0
val,40,normal,Q1_straight,AQ5,1085.0,0.0
val,41,normal,Q2_lateral,AQ5,1085.0,0.0
val,42,normal,Q3_turn,AQ5,1085.0,0.0
val,44,normal,Q1_straight,AQ5,1085.0,1.0
val,45,normal,Q2_lateral,AQ5,1085.0,1.0
val,46,normal,Q3_turn,AQ5,1085.0,1.0
val,120,friction_mid,Q1_straight,AQ5,1085.0,0.0
val,121,friction_mid,Q2_lateral,AQ5,1085.0,0.0
val,122,friction_mid,Q3_turn,AQ5,1085.0,0.0
val,124,friction_mid,Q1_straight,AQ5,1085.0,1.0
val,125,friction_mid,Q2_lateral,AQ5,1085.0,1.0
val,126,friction_mid,Q3_turn,AQ5,1085.0,1.0
val,200,friction_low,Q1_straight,AQ5,1085.0,0.0
val,201,friction_low,Q2_lateral,AQ5,1085.0,0.0
val,202,friction_low,Q3_turn,AQ5,1085.0,0.0
val,204,friction_low,Q1_straight,AQ5,1085.0,1.0
val,205,friction_low,Q2_lateral,AQ5,1085.0,1.0
val,206,friction_low,Q3_turn,AQ5,1085.0,1.0
A_unseen_anchor_seen_family,48,normal,Q1_straight,AQ6,1102.0,0.0
A_unseen_anchor_seen_family,49,normal,Q2_lateral,AQ6,1102.0,0.0
A_unseen_anchor_seen_family,50,normal,Q3_turn,AQ6,1102.0,0.0
A_unseen_anchor_seen_family,52,normal,Q1_straight,AQ6,1102.0,1.0
A_unseen_anchor_seen_family,53,normal,Q2_lateral,AQ6,1102.0,1.0
A_unseen_anchor_seen_family,54,normal,Q3_turn,AQ6,1102.0,1.0
A_unseen_anchor_seen_family,56,normal,Q1_straight,AQ7,1119.0,0.0
A_unseen_anchor_seen_family,57,normal,Q2_lateral,AQ7,1119.0,0.0
A_unseen_anchor_seen_family,58,normal,Q3_turn,AQ7,1119.0,0.0
A_unseen_anchor_seen_family,60,normal,Q1_straight,AQ7,1119.0,1.0
A_unseen_anchor_seen_family,61,normal,Q2_lateral,AQ7,1119.0,1.0
A_unseen_anchor_seen_family,62,normal,Q3_turn,AQ7,1119.0,1.0
A_unseen_anchor_seen_family,128,friction_mid,Q1_straight,AQ6,1102.0,0.0
A_unseen_anchor_seen_family,129,friction_mid,Q2_lateral,AQ6,1102.0,0.0
A_unseen_anchor_seen_family,130,friction_mid,Q3_turn,AQ6,1102.0,0.0
A_unseen_anchor_seen_family,132,friction_mid,Q1_straight,AQ6,1102.0,1.0
A_unseen_anchor_seen_family,133,friction_mid,Q2_lateral,AQ6,1102.0,1.0
A_unseen_anchor_seen_family,134,friction_mid,Q3_turn,AQ6,1102.0,1.0
A_unseen_anchor_seen_family,136,friction_mid,Q1_straight,AQ7,1119.0,0.0
A_unseen_anchor_seen_family,137,friction_mid,Q2_lateral,AQ7,1119.0,0.0
A_unseen_anchor_seen_family,138,friction_mid,Q3_turn,AQ7,1119.0,0.0
A_unseen_anchor_seen_family,140,friction_mid,Q1_straight,AQ7,1119.0,1.0
A_unseen_anchor_seen_family,141,friction_mid,Q2_lateral,AQ7,1119.0,1.0
A_unseen_anchor_seen_family,142,friction_mid,Q3_turn,AQ7,1119.0,1.0
A_unseen_anchor_seen_family,208,friction_low,Q1_straight,AQ6,1102.0,0.0
A_unseen_anchor_seen_family,209,friction_low,Q2_lateral,AQ6,1102.0,0.0
A_unseen_anchor_seen_family,210,friction_low,Q3_turn,AQ6,1102.0,0.0
A_unseen_anchor_seen_family,212,friction_low,Q1_straight,AQ6,1102.0,1.0
A_unseen_anchor_seen_family,213,friction_low,Q2_lateral,AQ6,1102.0,1.0
A_unseen_anchor_seen_family,214,friction_low,Q3_turn,AQ6,1102.0,1.0
A_unseen_anchor_seen_family,216,friction_low,Q1_straight,AQ7,1119.0,0.0
A_unseen_anchor_seen_family,217,friction_low,Q2_lateral,AQ7,1119.0,0.0
A_unseen_anchor_seen_family,218,friction_low,Q3_turn,AQ7,1119.0,0.0
A_unseen_anchor_seen_family,220,friction_low,Q1_straight,AQ7,1119.0,1.0
A_unseen_anchor_seen_family,221,friction_low,Q2_lateral,AQ7,1119.0,1.0
A_unseen_anchor_seen_family,222,friction_low,Q3_turn,AQ7,1119.0,1.0
B_seen_anchor_unseen_family,3,normal,Q4_combo,AQ0,1000.0,0.0
B_seen_anchor_unseen_family,7,normal,Q4_combo,AQ0,1000.0,1.0
B_seen_anchor_unseen_family,11,normal,Q4_combo,AQ1,1017.0,0.0
B_seen_anchor_unseen_family,15,normal,Q4_combo,AQ1,1017.0,1.0
B_seen_anchor_unseen_family,19,normal,Q4_combo,AQ2,1034.0,0.0
B_seen_anchor_unseen_family,23,normal,Q4_combo,AQ2,1034.0,1.0
B_seen_anchor_unseen_family,27,normal,Q4_combo,AQ3,1051.0,0.0
B_seen_anchor_unseen_family,31,normal,Q4_combo,AQ3,1051.0,1.0
B_seen_anchor_unseen_family,35,normal,Q4_combo,AQ4,1068.0,0.0
B_seen_anchor_unseen_family,39,normal,Q4_combo,AQ4,1068.0,1.0
B_seen_anchor_unseen_family,83,friction_mid,Q4_combo,AQ0,1000.0,0.0
B_seen_anchor_unseen_family,87,friction_mid,Q4_combo,AQ0,1000.0,1.0
B_seen_anchor_unseen_family,91,friction_mid,Q4_combo,AQ1,1017.0,0.0
B_seen_anchor_unseen_family,95,friction_mid,Q4_combo,AQ1,1017.0,1.0
B_seen_anchor_unseen_family,99,friction_mid,Q4_combo,AQ2,1034.0,0.0
B_seen_anchor_unseen_family,103,friction_mid,Q4_combo,AQ2,1034.0,1.0
B_seen_anchor_unseen_family,107,friction_mid,Q4_combo,AQ3,1051.0,0.0
B_seen_anchor_unseen_family,111,friction_mid,Q4_combo,AQ3,1051.0,1.0
B_seen_anchor_unseen_family,115,friction_mid,Q4_combo,AQ4,1068.0,0.0
B_seen_anchor_unseen_family,119,friction_mid,Q4_combo,AQ4,1068.0,1.0
B_seen_anchor_unseen_family,163,friction_low,Q4_combo,AQ0,1000.0,0.0
B_seen_anchor_unseen_family,167,friction_low,Q4_combo,AQ0,1000.0,1.0
B_seen_anchor_unseen_family,171,friction_low,Q4_combo,AQ1,1017.0,0.0
B_seen_anchor_unseen_family,175,friction_low,Q4_combo,AQ1,1017.0,1.0
B_seen_anchor_unseen_family,179,friction_low,Q4_combo,AQ2,1034.0,0.0
B_seen_anchor_unseen_family,183,friction_low,Q4_combo,AQ2,1034.0,1.0
B_seen_anchor_unseen_family,187,friction_low,Q4_combo,AQ3,1051.0,0.0
B_seen_anchor_unseen_family,191,friction_low,Q4_combo,AQ3,1051.0,1.0
B_seen_anchor_unseen_family,195,friction_low,Q4_combo,AQ4,1068.0,0.0
B_seen_anchor_unseen_family,199,friction_low,Q4_combo,AQ4,1068.0,1.0
C_unseen_anchor_unseen_family,51,normal,Q4_combo,AQ6,1102.0,0.0
C_unseen_anchor_unseen_family,55,normal,Q4_combo,AQ6,1102.0,1.0
C_unseen_anchor_unseen_family,59,normal,Q4_combo,AQ7,1119.0,0.0
C_unseen_anchor_unseen_family,63,normal,Q4_combo,AQ7,1119.0,1.0
C_unseen_anchor_unseen_family,131,friction_mid,Q4_combo,AQ6,1102.0,0.0
C_unseen_anchor_unseen_family,135,friction_mid,Q4_combo,AQ6,1102.0,1.0
C_unseen_anchor_unseen_family,139,friction_mid,Q4_combo,AQ7,1119.0,0.0
C_unseen_anchor_unseen_family,143,friction_mid,Q4_combo,AQ7,1119.0,1.0
C_unseen_anchor_unseen_family,211,friction_low,Q4_combo,AQ6,1102.0,0.0
C_unseen_anchor_unseen_family,215,friction_low,Q4_combo,AQ6,1102.0,1.0
C_unseen_anchor_unseen_family,219,friction_low,Q4_combo,AQ7,1119.0,0.0
C_unseen_anchor_unseen_family,223,friction_low,Q4_combo,AQ7,1119.0,1.0
supp_AQ5xQ4,43,normal,Q4_combo,AQ5,1085.0,0.0
supp_AQ5xQ4,47,normal,Q4_combo,AQ5,1085.0,1.0
supp_AQ5xQ4,123,friction_mid,Q4_combo,AQ5,1085.0,0.0
supp_AQ5xQ4,127,friction_mid,Q4_combo,AQ5,1085.0,1.0
supp_AQ5xQ4,203,friction_low,Q4_combo,AQ5,1085.0,0.0
supp_AQ5xQ4,207,friction_low,Q4_combo,AQ5,1085.0,1.0
support,64,normal,random_dwell,,,
support,65,normal,random_dwell,,,
support,66,normal,random_dwell,,,
support,67,normal,random_dwell,,,
support,68,normal,random_dwell,,,
support,69,normal,random_dwell,,,
support,70,normal,random_dwell,,,
support,71,normal,random_dwell,,,
support,72,normal,random_dwell,,,
support,73,normal,random_dwell,,,
support,74,normal,random_dwell,,,
support,75,normal,random_dwell,,,
support,76,normal,random_dwell,,,
support,77,normal,random_dwell,,,
support,78,normal,random_dwell,,,
support,79,normal,random_dwell,,,
support,144,friction_mid,random_dwell,,,
support,145,friction_mid,random_dwell,,,
support,146,friction_mid,random_dwell,,,
support,147,friction_mid,random_dwell,,,
support,148,friction_mid,random_dwell,,,
support,149,friction_mid,random_dwell,,,
support,150,friction_mid,random_dwell,,,
support,151,friction_mid,random_dwell,,,
support,152,friction_mid,random_dwell,,,
support,153,friction_mid,random_dwell,,,
support,154,friction_mid,random_dwell,,,
support,155,friction_mid,random_dwell,,,
support,156,friction_mid,random_dwell,,,
support,157,friction_mid,random_dwell,,,
support,158,friction_mid,random_dwell,,,
support,159,friction_mid,random_dwell,,,
support,224,friction_low,random_dwell,,,
support,225,friction_low,random_dwell,,,
support,226,friction_low,random_dwell,,,
support,227,friction_low,random_dwell,,,
support,228,friction_low,random_dwell,,,
support,229,friction_low,random_dwell,,,
support,230,friction_low,random_dwell,,,
support,231,friction_low,random_dwell,,,
support,232,friction_low,random_dwell,,,
support,233,friction_low,random_dwell,,,
support,234,friction_low,random_dwell,,,
support,235,friction_low,random_dwell,,,
support,236,friction_low,random_dwell,,,
support,237,friction_low,random_dwell,,,
support,238,friction_low,random_dwell,,,
support,239,friction_low,random_dwell,,,
