file,condition,n_ticks,n_grid,old_hold_vs_new_mismatch,n_cmd_step_events,max_abs_label_diff,mean_abs_label_diff,max_diff_vx,max_diff_vy,max_diff_wz,mean_diff_wz,algebra_residual_max,comp_time_max,comp_filter_max,comp_time_mean,comp_filter_mean,old_residual_std_vx,new_residual_std_vx,old_residual_std_wz,new_residual_std_wz
ep_00160.npz,friction_low,200,80,36,4,0.28009716804523405,0.006731350563817777,0.28009716804523405,3.190003178277223e-09,9.824473790054356e-09,1.5096828410482334e-09,2.9005953305905052e-08,0.4000000059604645,0.11999308548188348,0.0066666667660077415,0.004062947804571263,0.15971141954164336,0.17102444171905518,0.08774425919168427,0.08774425834417343
ep_00161.npz,friction_low,200,80,36,3,0.7001301142454952,0.00870211710608542,1.667033351637759e-09,0.7001301142454952,1.0317056764463928e-08,1.6496059684914195e-09,3.1600119021479856e-08,1.0,0.2998698966837128,0.008333333333333333,0.005366614703491155,0.027695723014873865,0.02769572101533413,0.11000747422255949,0.11000747233629227
ep_00162.npz,friction_low,200,80,36,3,1.120208218391134,0.0139233874607226,1.7714185118755665e-09,3.190003178277223e-09,1.120208218391134,0.04177016138212704,3.6392671820539846e-08,1.600000023841858,0.4797918418433958,0.013333333532015483,0.008586583653535871,0.029610096086411564,0.02961009554564953,0.21261635992085728,0.2567996680736542
ep_00163.npz,friction_low,200,80,36,3,0.8401561529891421,0.020885081423832184,0.8401561529891421,3.348454680196511e-09,0.8401561495851912,0.031327622399143905,3.5985374680080895e-08,1.2000000476837158,0.3598438903193662,0.020000000794728596,0.01287987580017902,0.37641883755055966,0.3885117471218109,0.29476473720489693,0.31276264786720276
ep_00164.npz,friction_low,202,81,37,4,0.11961493765217557,0.002174824989116645,0.11961493765217557,3.3237255447904346e-09,9.824473790054356e-09,1.7739776551148333e-09,3.1387505816660166e-08,0.0,0.11961492029905085,0.0,0.0021748237408196333,0.1585075203161716,0.1583247035741806,0.09245142370852182,0.09245142340660095
ep_00165.npz,friction_low,204,82,37,3,0.1499161540025883,0.002715524702350102,1.8245402896854834e-09,0.1499161540025883,1.0385895032882786e-08,2.029402819473524e-09,2.93263604511651e-08,0.0,0.14991614625003874,0.0,0.002715523854176436,0.026769355226543255,0.026769354939460754,0.11891595277691669,0.11891594529151917
ep_00166.npz,friction_low,204,82,37,3,0.23986578576519246,0.0043448384908132695,1.8537748419644728e-09,3.190003178277223e-09,0.23986578576519246,0.013034514459067458,5.180914897096045e-08,0.0,0.23986583757434143,0.0,0.004344838231425459,0.026732598964740242,0.02673259936273098,0.2379707064187756,0.2497195452451706
ep_00167.npz,friction_low,204,82,37,3,0.17989936871173318,0.006517257487182455,0.17989936871173318,3.536823930949673e-09,0.17989935403955548,0.009775884876224127,3.663582742730043e-08,0.0,0.1798993826486054,0.0,0.006517257508995969,0.3843967346965079,0.3896418809890747,0.3044131784539479,0.3086054027080536
ep_00168.npz,friction_low,200,80,36,4,0.28009716121112493,0.00673135040609919,0.28009716121112493,3.3148782607739236e-09,1.2407299465611032e-08,1.7646625918578104e-09,2.9581980864890056e-08,0.4000000059604645,0.11999308548188348,0.0066666667660077415,0.004062947804571263,0.16421723278643002,0.17484253644943237,0.11044010071836007,0.11044009774923325
ep_00169.npz,friction_low,200,80,36,3,0.7001301157729893,0.008702117073198467,2.658838565983146e-09,0.7001301157729893,7.416191077913581e-09,1.619358375741693e-09,2.5995523067479098e-08,1.0,0.2998698966837128,0.008333333333333333,0.005366614703491155,0.03415030250519551,0.03415030241012573,0.11356468887838471,0.11356468498706818
ep_00170.npz,friction_low,200,80,36,3,1.1202081783833968,0.013923386481681089,2.2600372961978366e-09,2.4146133981162166e-09,1.1202081783833968,0.04177015834765127,2.982168711973543e-08,1.600000023841858,0.4797918418433958,0.013333333532015483,0.008586583653535871,0.03566970496786018,0.035669706761837006,0.23249328726469295,0.277698814868927
ep_00171.npz,friction_low,200,80,36,3,0.8401561759768241,0.020885080229350643,0.8401561759768241,3.656934102758136e-09,0.8401561444044798,0.0313276186040233,5.3626470597478715e-08,1.2000000476837158,0.3598438903193662,0.020000000794728596,0.01287987580017902,0.39575134369892123,0.4078797996044159,0.3200480696230571,0.33901843428611755
ep_00172.npz,friction_low,210,84,37,4,0.05040322662437474,0.0014190495121945217,0.05040322662437474,2.4146133981162166e-09,1.376735242475391e-08,1.4797752556099693e-09,2.929583875488362e-08,0.0,0.05040323108503464,0.0,0.0014190485505222808,0.16622507835009234,0.168036550283432,0.0978096672546176,0.09780966490507126
ep_00173.npz,friction_low,207,83,37,3,0.1258952768435987,0.0018520504638290022,3.4675571025655216e-09,0.1258952768435987,1.3705355517146245e-08,1.673350993286219e-09,2.690882672240491e-08,0.0,0.12589526328401385,0.0,0.0018520497570610702,0.03284661393578658,0.032846614718437195,0.12405747332786775,0.12405747920274734
ep_00174.npz,friction_low,207,83,37,3,0.20143240630801862,0.002963280889871405,2.8505985072424522e-09,3.242903931499619e-09,0.20143240630801862,0.008889841557330655,2.971864598855234e-08,0.0,0.2014324242559994,0.0,0.002963279655454059,0.03525859701893594,0.035258594900369644,0.22899733895948635,0.24157531559467316
ep_00175.npz,friction_low,207,83,37,3,0.15107434599573044,0.004444920593226789,0.15107434599573044,2.4146133981162166e-09,0.1510743377505286,0.006667381580606999,2.850691194211663e-08,0.0,0.15107432194397058,0.0,0.004444919593571782,0.39906409467944143,0.4027823209762573,0.29504473246935037,0.299288809299469
ep_00176.npz,friction_low,200,80,36,4,0.2800971708534732,0.006731350060460346,0.2800971708534732,3.455479832825681e-09,1.3368615270348272e-08,1.8623211315987061e-09,3.0070292811323895e-08,0.4000000059604645,0.11999308548188348,0.0066666667660077415,0.004062947804571263,0.15651068566506085,0.1680862456560135,0.10601228789793045,0.10601229220628738
ep_00177.npz,friction_low,200,80,36,3,0.7001301305352325,0.00870211775001656,3.578202192877633e-09,0.7001301305352325,1.1689748002918776e-08,2.134499238522366e-09,3.2902117197419756e-08,1.0,0.2998698966837128,0.008333333333333333,0.005366614703491155,0.03088617442425708,0.030886175110936165,0.11078907772467761,0.11078907549381256
ep_00178.npz,friction_low,200,80,36,3,1.1202082082040252,0.01392338704903205,3.402892273518532e-09,3.4582765540136506e-09,1.1202082082040252,0.04177016004828349,2.9088417896616647e-08,1.600000023841858,0.4797918418433958,0.013333333532015483,0.008586583653535871,0.03489210300136035,0.03489210084080696,0.20764006784919528,0.2522027790546417
ep_00179.npz,friction_low,200,80,36,3,0.8401561901830106,0.020885080478274025,0.8401561901830106,3.455479832825681e-09,0.8401561859397257,0.03132762043244447,3.2818660955502565e-08,1.2000000476837158,0.3598438903193662,0.020000000794728596,0.01287987580017902,0.3804223382520981,0.3920075297355652,0.3061087248703394,0.32543614506721497
ep_00180.npz,friction_low,204,82,37,4,0.28006709109186256,0.005846749624834119,0.28006709109186256,3.480801605282302e-09,5.867482916199762e-09,1.5200908915041288e-09,2.9713672966558136e-08,0.4000000059604645,0.20004512800126661,0.0032520325687842642,0.004545089374347071,0.14977540229122607,0.14968900382518768,0.0987152450028822,0.09871524572372437
ep_00181.npz,friction_low,205,82,37,3,0.3500838431236088,0.006633671209173003,3.5187985164553126e-09,0.3500838431236088,1.4338220055698514e-08,1.755887009279846e-09,3.513977631097731e-08,0.5,0.29986989668371267,0.0020325203252032522,0.005819980952831965,0.029914510439954193,0.029914511367678642,0.112221154992014,0.1122211441397667
ep_00182.npz,friction_low,205,82,37,3,0.5601341797855123,0.010613874455160047,3.402892273518532e-09,3.4582765540136506e-09,0.5601341797855123,0.03184162232323659,3.137496884519919e-08,0.800000011920929,0.4797918418433959,0.0032520325687842642,0.009311969663290282,0.03412650981299147,0.034126508980989456,0.1932777360537025,0.18367718160152435
ep_00183.npz,friction_low,205,82,37,3,0.42010064637733624,0.015920811095519544,0.42010064637733624,3.489774177967142e-09,0.4201006384814442,0.02388121722983493,2.860924208647475e-08,0.6000000238418579,0.3598438903193662,0.004878048974324048,0.013967954841833342,0.3751913125634436,0.37352651357650757,0.30156796599350155,0.2954440116882324
ep_00184.npz,friction_low,200,80,36,4,0.2800971752802492,0.006731350481171567,0.2800971752802492,3.2387936083067004e-09,7.3750508478021e-09,1.5289384202058984e-09,2.6525540208766074e-08,0.4000000059604645,0.11999308548188348,0.0066666667660077415,0.004062947804571263,0.1657772584390201,0.1760103553533554,0.10761922988184984,0.10761923342943192
ep_00185.npz,friction_low,200,80,36,3,0.7001301078403646,0.008702117180650436,3.5510629020629736e-09,0.7001301078403646,9.89271137230574e-09,1.8755361067842148e-09,3.4739175369669084e-08,1.0,0.2998698966837128,0.008333333333333333,0.005366614703491155,0.02957520388705841,0.029575202614068985,0.10843605627686832,0.10843605548143387
ep_00186.npz,friction_low,200,80,36,3,1.1202082020803186,0.01392338663907694,3.5510629020629736e-09,3.2387936083067004e-09,1.1202082020803186,0.041770158916729125,2.916600017055515e-08,1.600000023841858,0.4797918418433958,0.013333333532015483,0.008586583653535871,0.031255988491883796,0.03125598654150963,0.22460993184369926,0.267150342464447
ep_00187.npz,friction_low,200,80,36,3,0.8401561945107159,0.020885081466793153,0.8401561678607004,3.6882027293350106e-09,0.8401561945107159,0.03132762245884702,3.714636626073187e-08,1.2000000476837158,0.3598438903193662,0.020000000794728596,0.01287987580017902,0.39344678410127937,0.4049159288406372,0.30317151884505295,0.3243030905723572
ep_00188.npz,friction_low,199,80,36,4,0.2800971854244064,0.0039279248999121935,0.2800971854244064,3.2387936083067004e-09,7.246486105616512e-09,1.5129354226595331e-09,2.8033940280280945e-08,0.4000000059604645,0.1998028623507646,0.0016666666915019354,0.003260448214383817,0.16492283037910405,0.16597072780132294,0.09721711331694995,0.09721711277961731
ep_00189.npz,friction_low,198,80,36,3,0.7001301116922751,0.0053103666055704275,3.5510629020629736e-09,0.7001301116922751,1.4016418414808385e-08,1.8842483800454377e-09,3.392972214300016e-08,1.0,0.2998698966837128,0.004166666666666667,0.0036426143806186978,0.0286687890280291,0.028668789193034172,0.10719110603387833,0.10719110071659088
ep_00190.npz,friction_low,198,80,36,3,1.120208171734038,0.008496585131945804,3.5510629020629736e-09,3.2387936083067004e-09,1.120208171734038,0.025489754178245005,2.8158185227944443e-08,1.600000023841858,0.4797918418433958,0.0066666667660077415,0.005828183095836617,0.03232461840965484,0.032324619591236115,0.22742076880879536,0.2614942193031311
ep_00191.npz,friction_low,198,80,36,3,0.8401561684904069,0.012744876506794537,0.8401561684904069,3.5253520380695846e-09,0.8401561354570166,0.01911731318407337,2.757253336760357e-08,1.2000000476837158,0.3598438903193662,0.010000000397364298,0.008742274860871637,0.35694995223860165,0.3657854497432709,0.25604209385734383,0.27222970128059387
ep_00192.npz,friction_low,200,80,36,4,0.28009717971883197,0.006731350716131401,0.28009717971883197,3.568896594918769e-09,7.363151532935319e-09,1.6522842301335601e-09,2.7772509458845462e-08,0.4000000059604645,0.11999308548188348,0.0066666667660077415,0.004062947804571263,0.1631340947064817,0.1741904467344284,0.09839809218083202,0.09839808940887451
ep_00193.npz,friction_low,200,80,36,3,0.7001301054073337,0.00870211717580027,2.021322803580361e-09,0.7001301054073337,1.2226172574347771e-08,2.093400048980672e-09,2.5700134798078977e-08,1.0,0.2998698966837128,0.008333333333333333,0.005366614703491155,0.031045960153114824,0.031045960262417793,0.10527838390442358,0.105278380215168
ep_00194.npz,friction_low,200,80,36,3,1.1202081465112363,0.013923386652951276,2.021322803580361e-09,3.4600936699158424e-09,1.1202081465112363,0.04177015885759244,3.548722576907082e-08,1.600000023841858,0.4797918418433958,0.013333333532015483,0.008586583653535871,0.03097617320629424,0.030976172536611557,0.20854110092308936,0.2519731819629669
ep_00195.npz,friction_low,200,80,36,3,0.8401561399657345,0.020885080985214282,0.8401561079420008,3.4600936699158424e-09,0.8401561399657345,0.031327620890290474,4.942234882454599e-08,1.2000000476837158,0.3598438903193662,0.020000000794728596,0.01287987580017902,0.3617301428280999,0.37476208806037903,0.2621059403717431,0.28228646516799927
ep_00196.npz,friction_low,202,81,37,4,0.27945405734133244,0.005834648862547127,0.27945405734133244,3.4600936699158424e-09,1.342435007600784e-08,1.5878211216551551e-09,2.8757447312344198e-08,0.4000000059604645,0.20051095791595563,0.0016460905595080842,0.00518070544037312,0.17621229498152116,0.1719508022069931,0.10551945484610271,0.10551945120096207
ep_00197.npz,friction_low,203,82,37,3,0.35004623834327264,0.006633365806950005,2.021322803580361e-09,0.35004623834327264,1.2941307747649233e-08,1.6849096399303865e-09,2.667706139325432e-08,0.5,0.29986989668371267,0.0020325203252032522,0.005819980952831963,0.029333602522241063,0.029333602637052536,0.1027259658946417,0.10272596031427383
ep_00198.npz,friction_low,203,82,37,3,0.5600739888390431,0.010613384871459138,2.021322803580361e-09,3.4600936699158424e-09,0.5600739888390431,0.031840153410016385,2.9412234869852227e-08,0.800000011920929,0.4797918418433959,0.0032520325687842642,0.009311969663290297,0.029727182488951457,0.029727181419730186,0.21665824897497274,0.19880300760269165
ep_00199.npz,friction_low,203,82,37,3,0.4200555291535949,0.01592007739078131,0.4200555291535949,3.6054046553823937e-09,0.4200555025830477,0.023880114712913136,4.0915331844804115e-08,0.6000000238418579,0.3598438903193662,0.004878048974324048,0.013967954841833333,0.35274860635107175,0.34697577357292175,0.2624105264176224,0.2541898190975189
ep_00200.npz,friction_low,200,80,36,4,0.2800971576776183,0.00673134992862158,0.2800971576776183,3.3800875987033407e-09,9.190250171986492e-09,1.3961798258876045e-09,2.77400387105331e-08,0.4000000059604645,0.11999308548188348,0.0066666667660077415,0.004062947804571263,0.15603204548879862,0.16743160784244537,0.08455792639017526,0.0845579281449318
ep_00201.npz,friction_low,200,80,36,3,0.7001301130243849,0.008702117155882417,3.2651711889819524e-09,0.7001301130243849,1.3690826305978732e-08,2.0255004754674466e-09,4.0077840768315554e-08,1.0,0.2998698966837128,0.008333333333333333,0.005366614703491155,0.03292766216689434,0.03292766213417053,0.12318777359983651,0.12318777292966843
ep_00202.npz,friction_low,200,80,36,3,1.1202081462546893,0.013923385861356972,3.2651711889819524e-09,3.637495721298123e-09,1.1202081462546893,0.04177015644596148,3.5743772774932125e-08,1.600000023841858,0.4797918418433958,0.013333333532015483,0.008586583653535871,0.03546387147411574,0.03546387329697609,0.21266859409936625,0.25696292519569397
ep_00203.npz,friction_low,200,80,36,3,0.8401561604432233,0.020885080285525957,0.8401561321577236,3.630917358443675e-09,0.8401561604432233,0.031327620187648245,4.542697018550257e-08,1.2000000476837158,0.3598438903193662,0.020000000794728596,0.01287987580017902,0.40182611821039493,0.4136160910129547,0.30021912184954286,0.31969067454338074
ep_00204.npz,friction_low,210,84,37,4,0.28006708875964487,0.0038371737044053766,0.28006708875964487,3.196040126995925e-09,6.898854931769449e-09,1.6262794853265446e-09,2.9625229047702817e-08,0.4000000059604645,0.20001504465391046,0.0015873016109542242,0.00320171906604381,0.16558781284821086,0.1644086241722107,0.08981819957354807,0.08981820195913315
ep_00205.npz,friction_low,213,86,37,3,0.35008385343956255,0.003365064775795279,3.2651711889819524e-09,0.35008385343956255,1.325030835053198e-08,1.876433034393275e-09,2.787084218969227e-08,0.5,0.14991614625003868,0.001937984496124031,0.0025892204190984627,0.032120843993181235,0.03212084248661995,0.10100154205802017,0.1010015457868576
ep_00206.npz,friction_low,213,86,37,3,0.5601341834310922,0.005384103559538566,3.2651711889819524e-09,1.8143070656950755e-09,0.5601341834310922,0.016152309660956952,2.968632106803426e-08,0.800000011920929,0.2398658375743411,0.0031007752400036004,0.004142752732289374,0.03728024906920038,0.03728024661540985,0.19621156421901065,0.20172151923179626
ep_00207.npz,friction_low,213,86,37,3,0.4201006392053097,0.008076154418619468,0.4201006392053097,2.942031007702184e-09,0.42010062553585326,0.01211423147244684,3.703428991252977e-08,0.6000000238418579,0.17989938264860533,0.0046511629755182785,0.0062141292527636005,0.3891515872973093,0.3919145166873932,0.2953376171617733,0.2960309386253357
ep_00208.npz,friction_low,200,80,36,4,0.2800971684970004,0.006731350169860693,0.2800971684970004,3.0652741733749878e-09,7.2119259730829555e-09,1.5289552529284514e-09,2.8572897381451412e-08,0.4000000059604645,0.11999308548188348,0.0066666667660077415,0.004062947804571263,0.16200133181874027,0.1728224903345108,0.094989234260485,0.09498923271894455
ep_00209.npz,friction_low,200,80,36,3,0.7001300951006597,0.008702117213015167,6.452433587433859e-09,0.7001300951006597,1.256400006255376e-08,1.6327021672146725e-09,2.338420279635045e-08,1.0,0.2998698966837128,0.008333333333333333,0.005366614703491155,0.0355607897599153,0.035560790449380875,0.09292840248274621,0.09292840212583542
ep_00210.npz,friction_low,200,80,36,3,1.120208164078786,0.013923387134286709,6.452433587433859e-09,2.994118578070193e-09,1.120208164078786,0.04177016024613658,5.116053203302329e-08,1.600000023841858,0.4797918418433958,0.013333333532015483,0.008586583653535871,0.03850164983500048,0.03850165009498596,0.2138920695391085,0.2568890452384949
ep_00211.npz,friction_low,200,80,36,3,0.8401561427284072,0.020885080025590433,0.8401561386530028,2.994118578070193e-09,0.8401561427284072,0.031327620000853346,3.523751457290558e-08,1.2000000476837158,0.3598438903193662,0.020000000794728596,0.01287987580017902,0.3982455537614616,0.41014912724494934,0.3095911394841481,0.32908084988594055
ep_00212.npz,friction_low,209,84,37,4,0.2800971838225374,0.004642093503362444,0.2800971838225374,3.450188468256954e-09,1.2407742167042102e-08,1.6806714166018693e-09,2.964197143295877e-08,0.4000000059604645,0.11996300213452721,0.0031746032219084484,0.0033711863007503113,0.16825302288268074,0.17191970348358154,0.10228286692303629,0.10228286683559418
ep_00213.npz,friction_low,210,84,37,3,0.7001301338231565,0.005879531515683002,6.452433587433859e-09,0.7001301338231565,8.780092153326535e-09,1.7598178886002782e-09,3.050686925298862e-08,1.0,0.2998698966837128,0.003968253968253968,0.004291196220287959,0.033439528255131294,0.033439528197050095,0.12044486478805311,0.1204448714852333
ep_00214.npz,friction_low,210,84,37,3,1.1202081496994725,0.009407249024132596,6.452433587433859e-09,3.3317124753518e-09,1.1202081496994725,0.028221745964300524,3.2298989649515164e-08,1.600000023841858,0.4797918418433958,0.006349206443816897,0.006865914054770821,0.037086112374430366,0.037086114287376404,0.2092052646036816,0.23781953752040863
ep_00215.npz,friction_low,210,84,37,3,0.840156178167164,0.014110874058806533,0.840156178167164,3.568650860930056e-09,0.8401561680725347,0.021166311026742483,3.163141804041203e-08,1.2000000476837158,0.3598438903193662,0.009523809902251714,0.010298871337931451,0.3829412252860378,0.3920269310474396,0.2659495170939628,0.2754444181919098
ep_00216.npz,friction_low,200,80,36,4,0.2800971647520193,0.006731350408356099,0.2800971647520193,3.3750167938162434e-09,1.1731414562010656e-08,1.5422084542250116e-09,2.973262680505684e-08,0.4000000059604645,0.11999308548188348,0.0066666667660077415,0.004062947804571263,0.1512358492162998,0.16233468055725098,0.09481855923042386,0.09481855481863022
ep_00217.npz,friction_low,200,80,36,3,0.7001301024496316,0.008702117259238371,4.19086779168687e-09,0.7001301024496316,1.3381717622884537e-08,1.2010635677098431e-09,2.4799174047629435e-08,1.0,0.2998698966837128,0.008333333333333333,0.005366614703491155,0.03158861022135374,0.031588610261678696,0.09845114782263971,0.0984511524438858
ep_00218.npz,friction_low,200,80,36,3,1.1202081641790143,0.013923385924211584,4.19086779168687e-09,2.488715067361369e-09,1.1202081641790143,0.04177015676591829,3.1822857349261824e-08,1.600000023841858,0.4797918418433958,0.013333333532015483,0.008586583653535871,0.03254168514021177,0.03254168480634689,0.21224880513718777,0.25443729758262634
ep_00219.npz,friction_low,200,80,36,3,0.8401562127694524,0.020885081613515655,0.8401561519022254,3.3379944780476123e-09,0.8401562127694524,0.031327622865308574,5.540510278345678e-08,1.2000000476837158,0.3598438903193662,0.020000000794728596,0.01287987580017902,0.37286535532055554,0.3860320746898651,0.2642791540898075,0.28406184911727905
ep_00220.npz,friction_low,198,80,36,4,0.28021593870723105,0.0040865470433936605,0.28021593870723105,3.300728981803225e-09,6.806084251742561e-09,1.315328408905671e-09,2.9236992771242143e-08,0.4000000059604645,0.12060612065573709,0.0016666666915019354,0.0034180807742683105,0.16626635106737167,0.16556191444396973,0.09180133741739735,0.09180133789777756
ep_00221.npz,friction_low,195,78,35,3,0.2998699041421806,0.0046197366974045214,4.19086779168687e-09,0.2998699041421806,7.207488522675831e-09,1.7433121787551323e-09,1.623523110394487e-08,0.0,0.29986989668371267,0.0,0.004619735820490724,0.030941648392372626,0.03094164840877056,0.10101724492833132,0.10101725161075592
ep_00222.npz,friction_low,195,78,35,3,0.479791869567358,0.007391578144220641,4.19086779168687e-09,3.6517892876286595e-09,0.479791869567358,0.022174733406627515,5.06486474982637e-08,0.0,0.4797918418433959,0.0,0.007391577422928222,0.03396533574062563,0.0339653342962265,0.20440238819808293,0.17917203903198242
ep_00223.npz,friction_low,195,78,35,3,0.35984390765081264,0.01108736651759851,0.35984387136466245,3.6314751344912466e-09,0.35984390765081264,0.01663104991782138,3.5530427267005393e-08,0.0,0.3598438903193662,0.0,0.01108736640975007,0.38384626862359095,0.3780319392681122,0.28719349699919494,0.2797534465789795
ep_00224.npz,friction_low,400,160,37,7,1.0355948108987807,0.020722899143927078,0.9549556089713631,1.0355948108987807,0.49889361164289214,0.020046449284747227,7.944498725542815e-08,1.4791450500488281,0.4435502656377089,0.012485533269743125,0.015725103470048327,0.3328534360748978,0.3403957486152649,0.22268425633120478,0.23764270544052124
ep_00225.npz,friction_low,306,123,37,6,1.0020237508395164,0.02758715604322232,0.9360774200809625,1.0020237508395164,0.514369214475793,0.01753046472408545,5.730734953246497e-08,1.431189477443695,0.4291657250691764,0.021218866190613125,0.019093653052789237,0.4226578527992724,0.434308260679245,0.5561513879332762,0.5638353824615479
ep_00226.npz,friction_low,400,160,37,7,0.884332977026685,0.020391770861146623,0.884332977026685,0.8603463567035678,0.7961948739986284,0.020418204021749303,5.6079341392845095e-08,1.2630958557128906,0.37876285927269565,0.012316544974843661,0.015462466995973426,0.33397745997366574,0.3446882367134094,0.27809615716511715,0.2909472584724426
ep_00227.npz,friction_low,400,160,37,7,0.8478394295132841,0.02978230450292729,0.7951475805023882,0.8156009531873281,0.8478394295132841,0.027036077078055894,5.30451022551226e-08,1.2109625339508057,0.4288329638650817,0.0199392548451821,0.02180117566407377,0.45017762058729804,0.4638814628124237,0.3301270398848468,0.34544816613197327
ep_00228.npz,friction_low,400,160,37,7,0.8888562781937921,0.022165953063088845,0.6553568205536573,0.8888562781937921,0.45865461693806664,0.02132182865858261,5.483493537017381e-08,1.2695507407188416,0.4321717977151671,0.012230395960311094,0.017271330140540535,0.2804608161543891,0.2897082269191742,0.3040676690285756,0.3204162120819092
ep_00229.npz,friction_low,400,160,37,7,0.8321966465393,0.022272799131676537,0.4208093923141098,0.8015785759203911,0.8321966465393,0.031197311506405118,4.516531354470388e-08,1.1886190474033356,0.3564224460293491,0.01550115824987491,0.016068601893436906,0.19260049846223487,0.19887541234493256,0.2740875568572314,0.29798126220703125
ep_00230.npz,friction_low,400,160,37,7,0.9960730842567878,0.022836610916280305,0.9960730842567878,0.4519806946177183,0.8907648631638561,0.023911326287055296,7.22008449693945e-08,1.4227018356323242,0.42662877232457863,0.015257913433015347,0.016729596680065864,0.37024534019984306,0.38095900416374207,0.2619038129440698,0.2805991768836975
ep_00231.npz,friction_low,400,160,37,7,1.0536713148995325,0.02946960607080251,1.0536713148995325,0.9891196450580457,0.44094674088106367,0.023829501282533017,6.494151005842497e-08,1.5049630403518677,0.45129174244404485,0.017062297587593398,0.022640665153993,0.5492143222686109,0.5649570226669312,0.3217078051220585,0.33450594544410706
ep_00232.npz,friction_low,400,160,37,7,0.966245799143707,0.023928916380437086,0.966245799143707,0.22931971940972085,0.876205437630325,0.02668532235912035,3.792075520259175e-08,1.3800982236862183,0.41385243623890045,0.01645361495514711,0.017343046558259724,0.4663451982833995,0.478780061006546,0.2794609997589647,0.2984854280948639
ep_00233.npz,friction_low,400,160,37,7,0.8961878422707632,0.019365054289556514,0.8373001084595271,0.8961878422707632,0.18536888722792677,0.007580666938217129,3.964113515220191e-08,1.2800254225730896,0.38383756435471295,0.015285409366091093,0.013246498809649628,0.39421395890462413,0.40650853514671326,0.1652941232812702,0.16988086700439453
ep_00234.npz,friction_low,400,160,37,7,0.9202544151264882,0.02402837660624422,0.8561975499186878,0.46107222446536855,0.9202544151264882,0.03155155852361992,4.2080259721188895e-08,1.3143901228904724,0.3941356750717292,0.015332791209220886,0.01789076800648106,0.360849229206984,0.37148892879486084,0.3212195145687737,0.3466957211494446
ep_00235.npz,friction_low,400,160,37,7,1.0723149913534924,0.02482387806529605,0.6385982133553927,1.0723149913534924,0.9482971256404475,0.027012039648594728,6.929697449198358e-08,1.5315953493118286,0.4592803637049883,0.014336632626752058,0.01908545885182532,0.330653061180862,0.3420429229736328,0.30840876271325046,0.329233855009079
ep_00236.npz,friction_low,400,160,37,7,0.9510637029023674,0.02734214505909592,0.9510637029023674,0.9076170336115723,0.4286300383075521,0.0283112395415152,3.3722716286099796e-08,1.3584039807319641,0.40734030084829137,0.018051787341634432,0.02011649261656486,0.35788035322766615,0.36751917004585266,0.31024846313463583,0.32810693979263306
ep_00237.npz,friction_low,400,160,37,7,0.9544009517021701,0.0276701824271121,0.6884012024304731,0.9544009517021701,0.5550297520516743,0.020093708187736793,7.164631643519215e-08,1.3631841540336609,0.4087831855373879,0.015907257236540316,0.021303483614485967,0.4443286330645,0.45354804396629333,0.31606783161222224,0.32675307989120483
ep_00238.npz,friction_low,400,160,37,7,0.8678035885070199,0.025235766322110154,0.503667652776674,0.7649788015862747,0.8678035885070199,0.027404065972792796,3.643376045303626e-08,1.2394817471504211,0.37167816542917764,0.017441181217630705,0.01825505862976702,0.3066473982796601,0.3155463933944702,0.28038600420035337,0.30332186818122864
ep_00239.npz,friction_low,400,160,37,7,0.8659247397142174,0.02236678491423078,0.7061233632120436,0.8659247397142174,0.4517742920088397,0.02288567660224706,5.704903288661356e-08,1.2368106245994568,0.41690554374317224,0.0115095521012942,0.01775993955563649,0.34846836279978827,0.3577139377593994,0.35162829240480287,0.3708604574203491
ep_00080.npz,friction_mid,200,80,36,4,0.28009716762727,0.006731349451363632,0.28009716762727,2.964913869973884e-09,6.559064263944592e-09,1.2517429818861373e-09,2.8066734936160742e-08,0.4000000059604645,0.11999308548188348,0.0066666667660077415,0.004062947804571263,0.12162744353225423,0.1351541429758072,0.0823402432252454,0.08234024047851562
ep_00081.npz,friction_mid,200,80,36,3,0.7001300918244442,0.008702116820796125,4.607062453754196e-09,0.7001300918244442,1.0699411856496255e-08,1.3367659434866978e-09,2.5109577195259192e-08,1.0,0.2998698966837128,0.008333333333333333,0.005366614703491155,0.034410343887153555,0.03441034257411957,0.08375481152458011,0.08375480771064758
ep_00082.npz,friction_mid,200,80,36,3,1.1202081846126952,0.01392338724625841,4.607062453754196e-09,1.844285738017426e-09,1.1202081846126952,0.041770160581276465,4.1276626561170815e-08,1.600000023841858,0.4797918418433958,0.013333333532015483,0.008586583653535871,0.036995467938733824,0.03699547052383423,0.1711533701204396,0.21502095460891724
ep_00083.npz,friction_mid,200,80,36,3,0.840156169453697,0.020885079264378343,0.8401561600984249,3.5678553444995487e-09,0.840156169453697,0.0313276189545715,2.934763054796008e-08,1.2000000476837158,0.3598438903193662,0.020000000794728596,0.01287987580017902,0.26178144703629525,0.28268957138061523,0.16148795135539126,0.19237881898880005
ep_00084.npz,friction_mid,202,81,37,4,0.11961493938765355,0.0021748242724558054,0.11961493938765355,3.3301889718062583e-09,4.586869828404616e-09,1.1925938801587387e-09,2.8059369105992715e-08,0.0,0.11961492029905085,0.0,0.0021748237408196333,0.1399019064727676,0.13937552273273468,0.07344121196553112,0.07344120740890503
ep_00085.npz,friction_mid,204,82,37,3,0.1499161732273755,0.0027155250811180358,4.607062453754196e-09,0.1499161732273755,4.971881267801237e-09,1.1091782769663872e-09,3.529524023049291e-08,0.0,0.14991614625003874,0.0,0.002715523854176436,0.03339882737998023,0.0333988294005394,0.07542510569319137,0.07542510330677032
ep_00086.npz,friction_mid,204,82,37,3,0.23986587722882757,0.0043448389113863355,4.607062453754196e-09,3.5446208190847983e-09,0.23986587722882757,0.013034515383335154,3.965448613918454e-08,0.0,0.23986583757434143,0.0,0.004344838231425459,0.03483418231874548,0.034834183752536774,0.2640493252373178,0.2729707956314087
ep_00087.npz,friction_mid,204,82,37,3,0.17989936415694963,0.006517256898323903,0.17989936415694963,3.710966589576259e-09,0.1798993567643844,0.009775885095243115,3.654658825569257e-08,0.0,0.1798993826486054,0.0,0.006517257508995969,0.25699349127744864,0.263855516910553,0.19571355921946512,0.20412442088127136
ep_00088.npz,friction_mid,200,80,36,4,0.28009717637362136,0.0067313501227763955,0.28009717637362136,3.325907577123033e-09,6.407417291187656e-09,1.176883573154018e-09,2.8232529980520837e-08,0.4000000059604645,0.11999308548188348,0.0066666667660077415,0.004062947804571263,0.1216400708923021,0.13566960394382477,0.06966723320075262,0.06966723501682281
ep_00089.npz,friction_mid,200,80,36,3,0.7001301089957315,0.008702117052398569,3.5073830784160265e-09,0.7001301089957315,6.59258325708123e-09,1.40906931344432e-09,2.6577456568865898e-08,1.0,0.2998698966837128,0.008333333333333333,0.005366614703491155,0.035790157600118264,0.035790156573057175,0.08465328986912107,0.08465328812599182
ep_00090.npz,friction_mid,200,80,36,3,1.1202082291870792,0.013923387068875784,3.5073830784160265e-09,3.260281211669991e-09,1.1202082291870792,0.04177015980531693,4.71886170694269e-08,1.600000023841858,0.4797918418433958,0.013333333532015483,0.008586583653535871,0.040464755720398586,0.04046475887298584,0.1842395841951526,0.23145708441734314
ep_00091.npz,friction_mid,200,80,36,3,0.8401561675153297,0.020885081244835513,0.8401561675153297,3.4912172180989742e-09,0.8401561359956975,0.03132762165167672,2.9041903326643137e-08,1.2000000476837158,0.3598438903193662,0.020000000794728596,0.01287987580017902,0.30494630544092444,0.3245997428894043,0.17913270004238735,0.21424123644828796
ep_00092.npz,friction_mid,210,84,37,4,0.05040322403180758,0.001419048623877706,0.05040322403180758,2.5610536885656288e-09,7.212157926428375e-09,1.3496267626724389e-09,2.9128170653258678e-08,0.0,0.05040323108503464,0.0,0.0014190485505222808,0.12271717471126271,0.12531031668186188,0.0727706520515159,0.07277065515518188
ep_00093.npz,friction_mid,207,83,37,3,0.12589524514210093,0.0018520502620049761,3.5073830784160265e-09,0.12589524514210093,7.405254742742784e-09,1.368976452236597e-09,2.919222197306226e-08,0.0,0.12589526328401385,0.0,0.0018520497570610702,0.03505111939976317,0.035051118582487106,0.08458530961141435,0.08458530902862549
ep_00094.npz,friction_mid,207,83,37,3,0.201432420479573,0.0029632794919926334,3.5073830784160265e-09,2.786101307994393e-09,0.201432420479573,0.00888983710567795,3.1540588030232186e-08,0.0,0.2014324242559994,0.0,0.002963279655454059,0.03781311400081703,0.03781311586499214,0.17115800515637988,0.183230459690094
ep_00095.npz,friction_mid,207,83,37,3,0.15107435991710294,0.004444920633935402,0.15107435991710294,3.6832668859343443e-09,0.15107433220820188,0.006667380898615777,3.7973132360757944e-08,0.0,0.15107432194397058,0.0,0.004444919593571782,0.2666056365341744,0.2724151611328125,0.19348602697677797,0.20046241581439972
ep_00096.npz,friction_mid,200,80,36,4,0.28009717839819964,0.006731350155542925,0.28009717839819964,1.85330076285517e-09,6.796623819305125e-09,1.4523791568336278e-09,2.7902484545094808e-08,0.4000000059604645,0.11999308548188348,0.0066666667660077415,0.004062947804571263,0.12490211521155499,0.1394709199666977,0.08318920273878229,0.08318920433521271
ep_00097.npz,friction_mid,200,80,36,3,0.7001300828876145,0.008702117661206328,3.7162719845884595e-09,0.7001300828876145,1.2469265342485158e-08,1.8249741227114105e-09,2.718246827626558e-08,1.0,0.2998698966837128,0.008333333333333333,0.005366614703491155,0.043971536332023275,0.04397153481841087,0.10212968936966724,0.10212969034910202
ep_00098.npz,friction_mid,200,80,36,3,1.1202081577819847,0.013923386732778919,3.7162719845884595e-09,3.3342903577038285e-09,1.1202081577819847,0.04177015913959433,4.4627717743495054e-08,1.600000023841858,0.4797918418433958,0.013333333532015483,0.008586583653535871,0.038142276725216404,0.03814227506518364,0.19496450274564467,0.2429368793964386
ep_00099.npz,friction_mid,200,80,36,3,0.8401561712837615,0.02088508135485307,0.8401561302446643,3.563309175502738e-09,0.8401561712837615,0.03132762236968085,2.9959003389201655e-08,1.2000000476837158,0.3598438903193662,0.020000000794728596,0.01287987580017902,0.2943429750315458,0.31387513875961304,0.19723572000364514,0.22696010768413544
ep_00100.npz,friction_mid,204,82,37,4,0.28006707965931527,0.005846749519792874,0.28006707965931527,3.2046364450977194e-09,7.198001333863502e-09,1.5064986708041254e-09,3.49680427946808e-08,0.4000000059604645,0.20004512800126661,0.0032520325687842642,0.004545089374347071,0.1268410666152729,0.1274968981742859,0.08398964804887539,0.08398964256048203
ep_00101.npz,friction_mid,205,82,37,3,0.3500838649705474,0.006633671273626727,3.7162719845884595e-09,0.3500838649705474,6.786342127140799e-09,1.3130941155922591e-09,2.891527794979254e-08,0.5,0.29986989668371267,0.0020325203252032522,0.005819980952831965,0.04265603241408783,0.042656030505895615,0.09560285118452595,0.095602847635746
ep_00102.npz,friction_mid,205,82,37,3,0.5601341728437824,0.010613874304058475,3.7162719845884595e-09,3.5092170141970414e-09,0.5601341728437824,0.031841621624988874,4.4627717743495054e-08,0.800000011920929,0.4797918418433959,0.0032520325687842642,0.009311969663290282,0.04007437438759123,0.04007437452673912,0.17433127952616648,0.16696740686893463
ep_00103.npz,friction_mid,205,82,37,3,0.4201006554104645,0.015920811290872496,0.42010064566917854,3.563309175502738e-09,0.4201006554104645,0.023881216237328647,2.978879276582802e-08,0.6000000238418579,0.3598438903193662,0.004878048974324048,0.013967954841833342,0.2971421022687812,0.28921496868133545,0.1857621375250632,0.17605800926685333
ep_00104.npz,friction_mid,200,80,36,4,0.28009718453432275,0.006731350113570611,0.28009718453432275,2.5078209370255067e-09,7.141862934378906e-09,1.213771607305519e-09,2.809967980521577e-08,0.4000000059604645,0.11999308548188348,0.0066666667660077415,0.004062947804571263,0.12071975965640694,0.13384772837162018,0.07659138197838207,0.0765913799405098
ep_00105.npz,friction_mid,200,80,36,3,0.7001301188459479,0.008702116884010595,5.1413680535183914e-09,0.7001301188459479,7.141862934378906e-09,1.4444359099880324e-09,2.927187214840643e-08,1.0,0.2998698966837128,0.008333333333333333,0.005366614703491155,0.03808225248336142,0.03808225318789482,0.08679354990337973,0.08679354935884476
ep_00106.npz,friction_mid,200,80,36,3,1.1202081825658843,0.013923387142472243,5.1413680535183914e-09,3.513143040367872e-09,1.1202081825658843,0.04177016021460493,2.90529609259238e-08,1.600000023841858,0.4797918418433958,0.013333333532015483,0.008586583653535871,0.03479734007789015,0.034797340631484985,0.1651465048198461,0.21093542873859406
ep_00107.npz,friction_mid,200,80,36,3,0.8401561693784716,0.02088507998762249,0.8401561649368352,3.667262715723041e-09,0.8401561693784716,0.031327619501996994,2.780101293620163e-08,1.2000000476837158,0.3598438903193662,0.020000000794728596,0.01287987580017902,0.2386855747986641,0.2577081322669983,0.2039554753973912,0.22994208335876465
ep_00108.npz,friction_mid,199,80,36,4,0.28009718331921774,0.003927925176327883,0.28009718331921774,1.810311914263174e-09,7.141862934378906e-09,1.330077432592472e-09,2.995786124726507e-08,0.4000000059604645,0.1998028623507646,0.0016666666915019354,0.003260448214383817,0.12621482488239522,0.12716424465179443,0.07593838102674122,0.075938381254673
ep_00109.npz,friction_mid,198,80,36,3,0.7001300855413826,0.005310365753303636,5.1413680535183914e-09,0.7001300855413826,7.141862934378906e-09,1.2687812219478247e-09,2.939742593799366e-08,1.0,0.2998698966837128,0.004166666666666667,0.0036426143806186978,0.03715311016586326,0.03715310990810394,0.07557219549943689,0.07557220011949539
ep_00110.npz,friction_mid,198,80,36,3,1.1202081789944995,0.008496585306051954,5.1413680535183914e-09,6.5290358952641014e-09,1.1202081789944995,0.025489754513280068,2.795390219301197e-08,1.600000023841858,0.4797918418433958,0.0066666667660077415,0.005828183095836617,0.033196904139962145,0.03319690376520157,0.17003879300494365,0.20344407856464386
ep_00111.npz,friction_mid,198,80,36,3,0.8401561445666217,0.012744876747796735,0.8401561417818106,3.5399033704308636e-09,0.8401561445666217,0.019117315795949944,3.567815953786635e-08,1.2000000476837158,0.3598438903193662,0.010000000397364298,0.008742274860871637,0.29961245504580847,0.3131318986415863,0.22970842889385154,0.24945034086704254
ep_00112.npz,friction_mid,200,80,36,4,0.2800971811389808,0.006731350003682917,0.2800971811389808,2.8400394674887863e-09,7.428246462382049e-09,1.4279166920812097e-09,2.8581548072725838e-08,0.4000000059604645,0.11999308548188348,0.0066666667660077415,0.004062947804571263,0.12403413765089294,0.13676054775714874,0.07794142160719388,0.0779414251446724
ep_00113.npz,friction_mid,200,80,36,3,0.7001301128450421,0.008702116925361224,3.6468967568037414e-09,0.7001301128450421,6.3982147635588404e-09,1.3516479442914497e-09,2.775391316767184e-08,1.0,0.2998698966837128,0.008333333333333333,0.005366614703491155,0.03961812964120619,0.039618127048015594,0.08490596740536378,0.08490597456693649
ep_00114.npz,friction_mid,200,80,36,3,1.1202082249085556,0.013923386987526702,3.2514774067626817e-09,3.0409509910178656e-09,1.1202082249085556,0.041770159690560804,4.2910093533965465e-08,1.600000023841858,0.4797918418433958,0.013333333532015483,0.008586583653535871,0.0412221010809689,0.04122209921479225,0.18679088769228286,0.22919848561286926
ep_00115.npz,friction_mid,200,80,36,3,0.8401561839350657,0.020885080466328487,0.8401561839350657,2.9414213564837866e-09,0.8401561108574187,0.031327619287241364,4.6506930917455946e-08,1.2000000476837158,0.3598438903193662,0.020000000794728596,0.01287987580017902,0.2764753449637941,0.29613029956817627,0.20832253981942112,0.23610584437847137
ep_00116.npz,friction_mid,202,81,37,4,0.27945404447278843,0.005834648341724305,0.27945404447278843,3.5095912703786425e-09,7.220269548913194e-09,1.1951954775647146e-09,2.7983626083027957e-08,0.4000000059604645,0.20051095791595563,0.0016460905595080842,0.00518070544037312,0.13384350847597234,0.12914985418319702,0.07477803508357961,0.07477803528308868
ep_00117.npz,friction_mid,203,82,37,3,0.35004624827880604,0.006633366098628571,2.9026204356741303e-09,0.35004624827880604,6.637404126319524e-09,1.457629920336776e-09,2.9104257892598184e-08,0.5,0.29986989668371267,0.0020325203252032522,0.005819980952831963,0.03937065445004819,0.03937065228819847,0.08910717001287542,0.08910717070102692
ep_00118.npz,friction_mid,203,82,37,3,0.5600740315757122,0.01061338448709656,3.4534466397673214e-09,3.279331514671746e-09,0.5600740315757122,0.03184015221148547,5.9047550737822974e-08,0.800000011920929,0.4797918418433959,0.0032520325687842642,0.009311969663290297,0.043075015151336826,0.043075013905763626,0.1987848234296141,0.18518470227718353
ep_00119.npz,friction_mid,203,82,37,3,0.4200555411080553,0.01592007652714897,0.42005550505413036,3.224661412892793e-09,0.4200555411080553,0.023880116885562443,2.925711495294081e-08,0.6000000238418579,0.3598438903193662,0.004878048974324048,0.013967954841833333,0.26592912278877534,0.2573975920677185,0.18326825012769585,0.1727420687675476
ep_00120.npz,friction_mid,200,80,36,4,0.2800971592832055,0.006731349906492556,0.2800971592832055,2.057122611143214e-09,7.069453716868068e-09,1.2879507515576044e-09,2.7778931988020616e-08,0.4000000059604645,0.11999308548188348,0.0066666667660077415,0.004062947804571263,0.12059846923884246,0.13473714888095856,0.06887589026095856,0.06887588649988174
ep_00121.npz,friction_mid,200,80,36,3,0.7001301131532367,0.00870211712056825,5.7504243311523595e-09,0.7001301131532367,7.2384538918335295e-09,1.2844220325563053e-09,3.138483822828775e-08,1.0,0.2998698966837128,0.008333333333333333,0.005366614703491155,0.03678892911920123,0.036788929253816605,0.07628092373324755,0.07628092169761658
ep_00122.npz,friction_mid,200,80,36,3,1.1202081547675238,0.013923387204295753,5.7504243311523595e-09,3.2418983608728524e-09,1.1202081547675238,0.041770160438284035,2.8268939966658024e-08,1.600000023841858,0.4797918418433958,0.013333333532015483,0.008586583653535871,0.030215812299971338,0.030215810984373093,0.24414107326162757,0.27513575553894043
ep_00123.npz,friction_mid,200,80,36,3,0.8401561820762795,0.020885080324205278,0.8401561441151062,3.6096722416667504e-09,0.8401561820762795,0.03132761980391337,2.956332489922886e-08,1.2000000476837158,0.3598438903193662,0.020000000794728596,0.01287987580017902,0.21635557719834694,0.2391889989376068,0.17930793040908005,0.20800773799419403
ep_00124.npz,friction_mid,210,84,37,4,0.2800670941065878,0.003837172349622144,0.2800670941065878,1.9866320949413208e-09,5.568904948294318e-09,1.1503014432028084e-09,2.958802602925914e-08,0.4000000059604645,0.20001504465391046,0.0015873016109542242,0.00320171906604381,0.12653282725139997,0.12579648196697235,0.06955306516771337,0.06955306977033615
ep_00125.npz,friction_mid,213,86,37,3,0.3500838581417383,0.0033650652178570536,5.7504243311523595e-09,0.3500838581417383,6.93679480523457e-09,1.296354190469138e-09,2.901723428205827e-08,0.5,0.14991614625003868,0.001937984496124031,0.0025892204190984627,0.03536388614774822,0.03536388650536537,0.07743524746324212,0.07743524760007858
ep_00126.npz,friction_mid,213,86,37,3,0.5601341680800228,0.00538410409411878,5.7504243311523595e-09,3.635730327911091e-09,0.5601341680800228,0.016152311023367134,2.970632517751426e-08,0.800000011920929,0.2398658375743411,0.0031007752400036004,0.004142752732289374,0.03909276172808328,0.039092760533094406,0.2153191648603882,0.22081992030143738
ep_00127.npz,friction_mid,213,86,37,3,0.4201006375239554,0.008076154789955327,0.4201006375239554,5.594751467663528e-09,0.4201006347814639,0.012114232635898819,2.971885837421695e-08,0.6000000238418579,0.17989938264860533,0.0046511629755182785,0.0062141292527636005,0.24705311132170538,0.24972276389598846,0.18969948238723972,0.19397583603858948
ep_00128.npz,friction_mid,200,80,36,4,0.28009718436668624,0.006731350913866746,0.28009718436668624,3.554854285936493e-09,8.223984993005473e-09,1.4566633533130391e-09,2.605816051826082e-08,0.4000000059604645,0.11999308548188348,0.0066666667660077415,0.004062947804571263,0.14195251317152555,0.15446321666240692,0.07825494395519285,0.07825494557619095
ep_00129.npz,friction_mid,200,80,36,3,0.700130096643516,0.00870211660685249,6.052865070271807e-09,0.700130096643516,6.952553949224338e-09,1.4105665276933302e-09,3.0162288056079234e-08,1.0,0.2998698966837128,0.008333333333333333,0.005366614703491155,0.04667446574284144,0.046674467623233795,0.07450604045352102,0.07450603693723679
ep_00130.npz,friction_mid,200,80,36,3,1.120208186111609,0.013923386489572535,6.052865070271807e-09,1.8546877644798343e-09,1.120208186111609,0.04177015814928746,3.743731502581227e-08,1.600000023841858,0.4797918418433958,0.013333333532015483,0.008586583653535871,0.04706787145051874,0.04706786945462227,0.19500970517760854,0.23917807638645172
ep_00131.npz,friction_mid,200,80,36,3,0.8401561537595648,0.02088508060516932,0.8401561537595648,3.6463361080540935e-09,0.8401561453415431,0.03132762075771461,2.983214408835977e-08,1.2000000476837158,0.3598438903193662,0.020000000794728596,0.01287987580017902,0.2842091759088455,0.30412977933883667,0.1984266473574561,0.22726133465766907
ep_00132.npz,friction_mid,209,84,37,4,0.28009717603053874,0.004642093153136736,0.28009717603053874,1.7895909129594934e-09,4.706951467481346e-09,1.0849146889734047e-09,2.920236163994616e-08,0.4000000059604645,0.11996300213452721,0.0031746032219084484,0.0033711863007503113,0.12163412725854723,0.12741059064865112,0.07164417140104404,0.07164417207241058
ep_00133.npz,friction_mid,210,84,37,3,0.700130072315448,0.005879530744291335,6.052865070271807e-09,0.700130072315448,1.1342935368752194e-08,1.3242179499723566e-09,3.100083922902286e-08,1.0,0.2998698966837128,0.003968253968253968,0.004291196220287959,0.042949431354419774,0.042949430644512177,0.08049543859435807,0.0804954394698143
ep_00134.npz,friction_mid,210,84,37,3,1.1202081823280747,0.009407249429965774,6.052865070271807e-09,3.089482752960393e-09,1.1202081823280747,0.028221746824292078,2.8412470598482287e-08,1.600000023841858,0.4797918418433958,0.006349206443816897,0.006865914054770821,0.046925609589776096,0.046925608068704605,0.18105672040190668,0.21632884442806244
ep_00135.npz,friction_mid,210,84,37,3,0.8401561531244801,0.014110873626331172,0.8401561454448114,2.8737622698171705e-09,0.8401561531244801,0.0211663112365058,2.93925901395653e-08,1.2000000476837158,0.3598438903193662,0.009523809902251714,0.010298871337931451,0.26203910660913937,0.27535322308540344,0.19189231316468205,0.2080748975276947
ep_00136.npz,friction_mid,200,80,36,4,0.28009718504658276,0.006731349559470856,0.28009718504658276,2.132935106313738e-09,7.047655348202397e-09,1.1720309112029541e-09,2.8650190553314303e-08,0.4000000059604645,0.11999308548188348,0.0066666667660077415,0.004062947804571263,0.121799154939885,0.1354389190673828,0.07659800139067052,0.07659799605607986
ep_00137.npz,friction_mid,200,80,36,3,0.7001301200217234,0.008702116825937396,5.807204078722705e-09,0.7001301200217234,7.4476871059214744e-09,1.216683220791909e-09,2.9166462356400302e-08,1.0,0.2998698966837128,0.008333333333333333,0.005366614703491155,0.045309317940785396,0.04530932009220123,0.08933627173699596,0.08933627605438232
ep_00138.npz,friction_mid,200,80,36,3,1.120208169148896,0.013923386737229707,5.807204078722705e-09,2.6934721120142058e-09,1.120208169148896,0.04177015902156901,5.1693657798779213e-08,1.600000023841858,0.4797918418433958,0.013333333532015483,0.008586583653535871,0.045985654103764324,0.04598565027117729,0.1948323975150075,0.24169887602329254
ep_00139.npz,friction_mid,200,80,36,3,0.840156153953934,0.020885079579637835,0.8401561536490405,3.486439206779046e-09,0.840156153953934,0.03132761997245664,2.8709915445013223e-08,1.2000000476837158,0.3598438903193662,0.020000000794728596,0.01287987580017902,0.28066525648702156,0.30147528648376465,0.16874787846540815,0.20101967453956604
ep_00140.npz,friction_mid,198,80,36,4,0.2802159350692608,0.004086547620234223,0.2802159350692608,2.7848241490602277e-09,8.727198075320075e-09,1.2005025273497586e-09,2.746636573736083e-08,0.4000000059604645,0.12060612065573709,0.0016666666915019354,0.0034180807742683105,0.12296509308520698,0.12249518930912018,0.08075911814690566,0.08075912296772003
ep_00141.npz,friction_mid,195,78,35,3,0.2998698856071679,0.004619736240907877,5.807204078722705e-09,0.2998698856071679,7.42694425404089e-09,1.344213050209569e-09,2.8749178038189882e-08,0.0,0.29986989668371267,0.0,0.004619735820490724,0.04399325425445735,0.043993256986141205,0.07822809241991772,0.07822809368371964
ep_00142.npz,friction_mid,195,78,35,3,0.47979185198699703,0.007391577334285889,5.807204078722705e-09,3.223330213852904e-09,0.47979185198699703,0.022174730757052823,4.313543855438695e-08,0.0,0.4797918418433959,0.0,0.007391577422928222,0.04663507064781531,0.04663507267832756,0.2086656963038942,0.1798158437013626
ep_00143.npz,friction_mid,195,78,35,3,0.35984388418457014,0.011087366350616504,0.35984388418457014,3.008857288322453e-09,0.35984384778365586,0.01663104737058636,4.253571034285031e-08,0.0,0.3598438903193662,0.0,0.01108736640975007,0.2846520019498099,0.2747853696346283,0.18678939239396333,0.17142166197299957
ep_00144.npz,friction_mid,400,160,37,7,1.0355948065543028,0.020722897265925095,0.9549555898640105,1.0355948065543028,0.49889360082430323,0.020046447781384064,6.393030316242942e-08,1.4791450500488281,0.4435502656377089,0.012485533269743125,0.015725103470048327,0.2363187941196609,0.2472810596227646,0.20826469688594573,0.2249632626771927
ep_00145.npz,friction_mid,400,160,37,7,1.0020237635561875,0.024193629610648453,0.9360774320455572,1.0020237635561875,0.514369267228683,0.01821153689520219,5.583292950195329e-08,1.431189477443695,0.4291657250691764,0.016312003384033838,0.017664249633345726,0.24629289373397706,0.26233407855033875,0.20488920232747934,0.2244020700454712
ep_00146.npz,friction_mid,400,160,37,7,0.8843329742963442,0.02039177167052281,0.8843329742963442,0.860346347007348,0.7961948720538321,0.02041820355044094,6.189875290107949e-08,1.2630958557128906,0.37876285927269565,0.012316544974843661,0.015462466995973426,0.24705820844657267,0.26219046115875244,0.17033453428262443,0.19357830286026
ep_00147.npz,friction_mid,400,160,37,7,0.8478394279989263,0.02978230561928099,0.7951475725306838,0.8156009866990195,0.8478394279989263,0.027036076957392983,5.7649065909881614e-08,1.2109625339508057,0.4288329638650817,0.0199392548451821,0.02180117566407377,0.35478074420826927,0.37643271684646606,0.23341386396544178,0.254047155380249
ep_00148.npz,friction_mid,400,160,37,7,0.8888561892161451,0.022165952684596,0.6553568121014783,0.8888561892161451,0.45865462061873424,0.0213218291008239,6.307250222103988e-08,1.2695507407188416,0.4321717977151671,0.012230395960311094,0.017271330140540535,0.21834703244531545,0.2309347540140152,0.23717760606208305,0.2593245208263397
ep_00149.npz,friction_mid,400,160,37,7,0.8321966297932877,0.022272799371789328,0.42080938393712686,0.8015785913279103,0.8321966297932877,0.031197312450206488,4.27129567825979e-08,1.1886190474033356,0.3564224460293491,0.01550115824987491,0.016068601893436906,0.16127268094219008,0.17038099467754364,0.22469769181951466,0.2534058094024658
ep_00150.npz,friction_mid,400,160,37,7,0.9960730510512781,0.022836610876015514,0.9960730510512781,0.4519806942105695,0.8907648493832989,0.02391132667979002,6.316445277931848e-08,1.4227018356323242,0.42662877232457863,0.015257913433015347,0.016729596680065864,0.29836842254019996,0.3149261176586151,0.20198529037287208,0.22405122220516205
ep_00151.npz,friction_mid,400,160,37,7,1.0536713027312374,0.02946960784626178,1.0536713027312374,0.9891196407239318,0.44094673503751913,0.02382949978863916,5.8958310233947486e-08,1.5049630403518677,0.45129174244404485,0.017062297587593398,0.022640665153993,0.46547707545108435,0.48990339040756226,0.24257663875036295,0.2626241445541382
ep_00152.npz,friction_mid,400,160,37,7,0.966245829275949,0.02392891529986912,0.966245829275949,0.22931972209172435,0.8762054192265745,0.0266853214761605,5.2055036503517726e-08,1.3800982236862183,0.41385243623890045,0.01645361495514711,0.017343046558259724,0.3603584391151237,0.3816870450973511,0.22494567669514076,0.24942007660865784
ep_00153.npz,friction_mid,400,160,37,7,0.8961879029402211,0.019365053976656683,0.8373000797727472,0.8961879029402211,0.1853688686670001,0.007580664935817373,4.472184444992422e-08,1.2800254225730896,0.38383756435471295,0.015285409366091093,0.013246498809649628,0.3142672743483308,0.3342158794403076,0.15211207152902115,0.15726131200790405
ep_00154.npz,friction_mid,400,160,37,7,0.9202543811370951,0.024028376651527926,0.8561975127537758,0.46107222262530134,0.9202543811370951,0.03155155869788158,6.668164809209287e-08,1.3143901228904724,0.3941356750717292,0.015332791209220886,0.01789076800648106,0.25717038033938266,0.27231505513191223,0.21837712123836714,0.25244325399398804
ep_00155.npz,friction_mid,400,160,37,7,1.0723149649561,0.024823877725646957,0.6385982070591689,1.0723149649561,0.9482971229476242,0.027012039877007767,4.106509055024077e-08,1.5315953493118286,0.4592803637049883,0.014336632626752058,0.01908545885182532,0.236404043490279,0.2533528804779053,0.2391905566579747,0.26339471340179443
ep_00156.npz,friction_mid,400,160,37,7,0.9510636776878745,0.027342144420262764,0.9510636776878745,0.9076170632384946,0.4286300289125321,0.028311238299046727,6.216719011797878e-08,1.3584039807319641,0.40734030084829137,0.018051787341634432,0.02011649261656486,0.2869337875152426,0.30211523175239563,0.22016604406420218,0.24386084079742432
ep_00157.npz,friction_mid,400,160,37,7,0.9544009549672487,0.027670183398406354,0.6884012360951302,0.9544009549672487,0.5550297318346498,0.020093710365647322,6.425703891199674e-08,1.3631841540336609,0.4087831855373879,0.015907257236540316,0.021303483614485967,0.3376700739357002,0.35168933868408203,0.2597356732556108,0.2750859558582306
ep_00158.npz,friction_mid,400,160,37,7,0.8678035973251521,0.02523576577452963,0.5036676342696875,0.764978822529907,0.8678035973251521,0.027404064450565056,3.6301843753250296e-08,1.2394817471504211,0.37167816542917764,0.017441181217630705,0.01825505862976702,0.21695517966687936,0.23131433129310608,0.22936871251297247,0.2556847929954529
ep_00159.npz,friction_mid,400,160,37,7,0.8659247068458766,0.022366785673559764,0.7061233756117833,0.8659247068458766,0.45177432464887435,0.022885677162145245,6.731276119831264e-08,1.2368106245994568,0.41690554374317224,0.0115095521012942,0.01775993955563649,0.23590761995887966,0.2494596391916275,0.2434922546133699,0.2696392834186554
ep_00000.npz,normal,200,80,36,4,0.28009716462224654,0.006731349471153014,0.28009716462224654,3.2989201509403543e-09,7.2699259112685155e-09,1.555684297561196e-09,2.8880231761618802e-08,0.4000000059604645,0.11999308548188348,0.0066666667660077415,0.004062947804571263,0.0957398244416283,0.11026480048894882,0.08559536498691443,0.08559536188840866
ep_00001.npz,normal,200,80,36,3,0.7001300877280978,0.008702116972710757,3.0042414111974836e-09,0.7001300877280978,6.480436243183618e-09,1.56908115113804e-09,2.1577737041589273e-08,1.0,0.2998698966837128,0.008333333333333333,0.005366614703491155,0.0424313926068686,0.04243139177560806,0.08795365433477753,0.08795365691184998
ep_00002.npz,normal,200,80,36,3,1.1202081750953081,0.013923387038293412,3.2270407318568672e-09,3.286732302987261e-09,1.1202081750953081,0.041770159884118405,2.996275239031121e-08,1.600000023841858,0.4797918418433958,0.013333333532015483,0.008586583653535871,0.03752299041126606,0.03752299025654793,0.29527288092677834,0.32033154368400574
ep_00003.npz,normal,200,80,36,3,0.8401561975641532,0.020885080738430793,0.8401561975641532,2.319718264698345e-09,0.8401561445800236,0.031327620461917075,4.019980354152963e-08,1.2000000476837158,0.3598438903193662,0.020000000794728596,0.01287987580017902,0.20145736369193493,0.22536149621009827,0.1700066249524483,0.1993449181318283
ep_00004.npz,normal,202,81,37,4,0.11961489415106963,0.0021748244910465395,0.11961489415106963,3.4987992086898956e-09,6.778200445367588e-09,1.3538615646521598e-09,2.9267315126979554e-08,0.0,0.11961492029905085,0.0,0.0021748237408196333,0.10930192764873997,0.11010375618934631,0.09055303161789276,0.09055303037166595
ep_00005.npz,normal,204,82,37,3,0.14991614631383476,0.0027155247749458353,3.1056540256146903e-09,0.14991614631383476,6.198320939843072e-09,1.2235724473424315e-09,2.8442427080221933e-08,0.0,0.14991614625003874,0.0,0.002715523854176436,0.03716179117927002,0.03716178983449936,0.08895376008732493,0.08895376324653625
ep_00006.npz,normal,204,82,37,3,0.2398658416411088,0.004344838724263573,2.8759430947822295e-09,5.82373443913653e-09,0.2398658416411088,0.013034514976030944,2.9788352118309547e-08,0.0,0.23986583757434143,0.0,0.004344838231425459,0.03911231594507531,0.03911231458187103,0.22243326423608312,0.2338215559720993
ep_00007.npz,normal,204,82,37,3,0.1798994056563702,0.006517258637652713,0.17989938372388148,3.65722452322359e-09,0.1798994056563702,0.0097758861008587,3.020585154223099e-08,0.0,0.1798993826486054,0.0,0.006517257508995969,0.20710148341265486,0.2148718237876892,0.16226415869731411,0.17293065786361694
ep_00008.npz,normal,200,80,36,4,0.280097157759245,0.006731350057601308,0.280097157759245,3.606195342342744e-09,8.7493697287222e-09,1.5758699490869273e-09,2.758613559805667e-08,0.4000000059604645,0.11999308548188348,0.0066666667660077415,0.004062947804571263,0.10856286729798521,0.12022529542446136,0.08578265305933079,0.08578265458345413
ep_00009.npz,normal,200,80,36,3,0.7001300930604009,0.008702116626149736,2.9533169521034353e-09,0.7001300930604009,6.843722033522681e-09,1.7613922995688867e-09,2.5849803630961787e-08,1.0,0.2998698966837128,0.008333333333333333,0.005366614703491155,0.04192137979177755,0.041921377182006836,0.1049427546549457,0.10494275391101837
ep_00010.npz,normal,200,80,36,3,1.1202082115990066,0.013923386992624246,2.9533169521034353e-09,3.606195342342744e-09,1.1202082115990066,0.041770159479044354,3.124343350702219e-08,1.600000023841858,0.4797918418433958,0.013333333532015483,0.008586583653535871,0.04647422036957768,0.04647421836853027,0.23291847751682285,0.26653072237968445
ep_00011.npz,normal,200,80,36,3,0.8401561912483604,0.020885079991339046,0.8401561332391427,3.606195342342744e-09,0.8401561912483604,0.031327619093410905,3.388401076387382e-08,1.2000000476837158,0.3598438903193662,0.020000000794728596,0.01287987580017902,0.19533738090995642,0.2182747721672058,0.18577298712164267,0.21939726173877716
ep_00012.npz,normal,210,84,37,4,0.05040324298039556,0.0014190487203356455,0.05040324298039556,5.32862795554756e-09,6.843722033522681e-09,1.4026898547897449e-09,2.6065629099569776e-08,0.0,0.05040323108503464,0.0,0.0014190485505222808,0.11104807529699098,0.11461901664733887,0.08677170645826357,0.08677171170711517
ep_00013.npz,normal,207,83,37,3,0.12589526838498122,0.0018520501828326909,2.9753071395521857e-09,0.12589526838498122,7.383526512416694e-09,1.80171379448646e-09,2.9605793649967183e-08,0.0,0.12589526328401385,0.0,0.0018520497570610702,0.0406034075483606,0.040603406727313995,0.09995661777046592,0.09995662420988083
ep_00014.npz,normal,207,83,37,3,0.20143241939885703,0.0029632799697102996,3.5821457050611016e-09,3.7052876877829988e-09,0.20143241939885703,0.008889838278169639,3.021135153158383e-08,0.0,0.2014324242559994,0.0,0.002963279655454059,0.043651297658302925,0.04365129768848419,0.1999497937700999,0.2123129963874817
ep_00015.npz,normal,207,83,37,3,0.15107430546343958,0.004444919505970413,0.15107428986732208,3.606195342342744e-09,0.15107430546343958,0.006667378689009593,3.2076648504020255e-08,0.0,0.15107432194397058,0.0,0.004444919593571782,0.20110718050850926,0.2087702453136444,0.16092156347075975,0.16875949501991272
ep_00016.npz,normal,200,80,36,4,0.28009716061760226,0.006731350663742791,0.28009716061760226,6.614824271666819e-09,7.271419549814695e-09,1.5950115198775684e-09,2.9158506831272746e-08,0.4000000059604645,0.11999308548188348,0.0066666667660077415,0.004062947804571263,0.10116574293393871,0.11450700461864471,0.10483480998980627,0.10483480989933014
ep_00017.npz,normal,200,80,36,3,0.7001300801100863,0.00870211722785865,3.5927850278172357e-09,0.7001300801100863,9.698818026482314e-09,1.7184127364569903e-09,2.6430839739077783e-08,1.0,0.2998698966837128,0.008333333333333333,0.005366614703491155,0.0517456976213919,0.0517456978559494,0.1045912998910679,0.10459130257368088
ep_00018.npz,normal,200,80,36,3,1.1202081733066223,0.01392338708371788,4.2286008306025025e-09,3.4744602750436115e-09,1.1202081733066223,0.04177015972675817,3.0235180914495174e-08,1.600000023841858,0.4797918418433958,0.013333333532015483,0.008586583653535871,0.04924203399949428,0.049242034554481506,0.18677401279464398,0.23023869097232819
ep_00019.npz,normal,200,80,36,3,0.840156184298849,0.020885080492082566,0.840156184298849,3.5651446378404117e-09,0.8401561486754479,0.0313276223566908,2.9427841496953988e-08,1.2000000476837158,0.3598438903193662,0.020000000794728596,0.01287987580017902,0.21035945600864894,0.23545818030834198,0.1683944047939584,0.19926883280277252
ep_00020.npz,normal,204,82,37,4,0.2800670850626013,0.005846748844184797,0.2800670850626013,3.179941976405587e-09,5.367236488584837e-09,1.1625457000138139e-09,2.5831553007726882e-08,0.4000000059604645,0.20004512800126661,0.0032520325687842642,0.004545089374347071,0.10430934043595784,0.10668244957923889,0.09438136016380282,0.09438136219978333
ep_00021.npz,normal,205,82,37,3,0.35008386179437423,0.006633671588456037,3.5155736238801083e-09,0.35008386179437423,1.0177073350714494e-08,1.519784187451862e-09,2.841588414570495e-08,0.5,0.29986989668371267,0.0020325203252032522,0.005819980952831965,0.051210215219878896,0.05121021717786789,0.10384792543449957,0.1038479283452034
ep_00022.npz,normal,205,82,37,3,0.5601341732196687,0.010613874163399723,5.733622882031497e-09,6.102125971185757e-09,0.5601341732196687,0.03184162095359554,3.0235180914495174e-08,0.800000011920929,0.4797918418433959,0.0032520325687842642,0.009311969663290282,0.049114622303596915,0.04911462217569351,0.1809744630060384,0.18402099609375
ep_00023.npz,normal,205,82,37,3,0.4201006395656579,0.015920811404615674,0.42010062947547566,2.510429294999561e-09,0.4201006395656579,0.023881216235929384,3.24898425940745e-08,0.6000000238418579,0.3598438903193662,0.004878048974324048,0.013967954841833342,0.21583218552593356,0.20601658523082733,0.1608190104072024,0.15499399602413177
ep_00024.npz,normal,200,80,36,4,0.28009716454478617,0.006731349825369663,0.28009716454478617,3.6959439120298754e-09,9.172198611739901e-09,1.6463650878642346e-09,2.3408440297245647e-08,0.4000000059604645,0.11999308548188348,0.0066666667660077415,0.004062947804571263,0.09993404008399641,0.11284639686346054,0.08336169146410508,0.08336169272661209
ep_00025.npz,normal,200,80,36,3,0.7001301236640947,0.008702118046997971,4.7302781414071404e-09,0.7001301236640947,1.3333775028545602e-08,1.8845263617683643e-09,2.812236110649735e-08,1.0,0.2998698966837128,0.008333333333333333,0.005366614703491155,0.0398259539867135,0.039825957268476486,0.09483581091633371,0.0948358103632927
ep_00026.npz,normal,200,80,36,3,1.1202081842697913,0.013923386442782267,3.6278900300557027e-09,6.48886222531786e-09,1.1202081842697913,0.041770158027227236,2.8866067980359844e-08,1.600000023841858,0.4797918418433958,0.013333333532015483,0.008586583653535871,0.037883618588015026,0.03788361698389053,0.203138861099776,0.24312767386436462
ep_00027.npz,normal,200,80,36,3,0.8401561556408805,0.020885080860547956,0.8401561418070793,4.915027468355149e-09,0.8401561556408805,0.03132762231654792,2.9534338363834678e-08,1.2000000476837158,0.3598438903193662,0.020000000794728596,0.01287987580017902,0.21394098720727026,0.2387693226337433,0.1709095673298787,0.2047465294599533
ep_00028.npz,normal,199,80,36,4,0.28009718424028396,0.003927925538075261,0.28009718424028396,2.699157439223221e-09,9.9756432558884e-09,1.6509889671644136e-09,2.7889304421435668e-08,0.4000000059604645,0.1998028623507646,0.0016666666915019354,0.003260448214383817,0.10346277225578751,0.1044829860329628,0.08768098706090162,0.08768098056316376
ep_00029.npz,normal,198,80,36,3,0.7001300971541538,0.005310366130470784,6.566733934398883e-09,0.7001300971541538,8.112890415024054e-09,1.5029276516560255e-09,2.913301966334103e-08,1.0,0.2998698966837128,0.004166666666666667,0.0036426143806186978,0.04147611300627881,0.041476111859083176,0.0932733264974818,0.09327332675457001
ep_00030.npz,normal,198,80,36,3,1.1202082250007444,0.008496585431414657,3.318502764249054e-09,6.315804629286603e-09,1.1202082250007444,0.025489754927357028,4.3002282235082845e-08,1.600000023841858,0.4797918418433958,0.0066666667660077415,0.005828183095836617,0.036569778376710604,0.03656977787613869,0.19923185650895997,0.23347948491573334
ep_00031.npz,normal,198,80,36,3,0.8401561940077489,0.012744877889122149,0.8401561940077489,3.2662349075396335e-09,0.8401561674631013,0.019117315973040973,3.664339925935067e-08,1.2000000476837158,0.3598438903193662,0.010000000397364298,0.008742274860871637,0.18556145205363297,0.20352980494499207,0.18052109883728695,0.20335817337036133
ep_00032.npz,normal,200,80,36,4,0.28009717532092154,0.006731349686671806,0.28009717532092154,3.447006138856956e-09,7.207356045313418e-09,1.7134282159569855e-09,2.7781323574949113e-08,0.4000000059604645,0.11999308548188348,0.0066666667660077415,0.004062947804571263,0.1071954605218844,0.12201324105262756,0.08728222277630417,0.0872822254896164
ep_00033.npz,normal,200,80,36,3,0.7001300857668418,0.008702117564016402,3.698980663435769e-09,0.7001300857668418,6.147816616897117e-09,1.2895523717707403e-09,2.484770811328474e-08,1.0,0.2998698966837128,0.008333333333333333,0.005366614703491155,0.04348589823647167,0.04348589852452278,0.09164816796206861,0.091648168861866
ep_00034.npz,normal,200,80,36,3,1.1202081811863647,0.013923387108127483,3.698980663435769e-09,3.684196031583653e-09,1.1202081811863647,0.041770159734390765,2.8613882430139626e-08,1.600000023841858,0.4797918418433958,0.013333333532015483,0.008586583653535871,0.044917478844961146,0.044917479157447815,0.21435635539907105,0.25261905789375305
ep_00035.npz,normal,200,80,36,3,0.8401561464181841,0.02088508064782454,0.840156125529266,7.300345744587489e-09,0.8401561464181841,0.03132761981838004,3.183508362480936e-08,1.2000000476837158,0.3598438903193662,0.020000000794728596,0.01287987580017902,0.1794073750103,0.2038630098104477,0.17455808475193713,0.2024061381816864
ep_00036.npz,normal,202,81,37,4,0.27945408412740624,0.005834648586124465,0.27945408412740624,3.447006138856956e-09,6.8682773635142524e-09,1.357280772989619e-09,2.7892349874214517e-08,0.4000000059604645,0.20051095791595563,0.0016460905595080842,0.00518070544037312,0.11233222114016049,0.10385125130414963,0.07840203482056556,0.07840203493833542
ep_00037.npz,normal,203,82,37,3,0.3500462269043141,0.006633366048496474,3.917227764382858e-09,0.3500462269043141,7.300377913299627e-09,1.7289716625103414e-09,2.950852462380027e-08,0.5,0.29986989668371267,0.0020325203252032522,0.005819980952831963,0.047008454038787395,0.0470084547996521,0.09943544468061169,0.09943544119596481
ep_00038.npz,normal,203,82,37,3,0.5600739984191603,0.010613384448507129,3.698980663435769e-09,3.4921313063485115e-09,0.5600739984191603,0.03184015186473891,2.9392898226454633e-08,0.800000011920929,0.4797918418433959,0.0032520325687842642,0.009311969663290297,0.04525504734790533,0.04525504633784294,0.234821827639737,0.22088570892810822
ep_00039.npz,normal,203,82,37,3,0.42005553292893594,0.015920076954910815,0.42005553292893594,3.447006138856956e-09,0.42005552631787846,0.02388011598922541,4.3005984551314214e-08,0.6000000238418579,0.3598438903193662,0.004878048974324048,0.013967954841833333,0.1797953580293307,0.17214249074459076,0.1926495016569278,0.18165427446365356
ep_00040.npz,normal,200,80,36,4,0.28009719225599056,0.006731350520188317,0.28009719225599056,2.7326875623456814e-09,6.870193081098819e-09,1.4818579912380696e-09,2.9710547244654606e-08,0.4000000059604645,0.11999308548188348,0.0066666667660077415,0.004062947804571263,0.11482306343145442,0.12794461846351624,0.0855889227769702,0.08558891713619232
ep_00041.npz,normal,200,80,36,3,0.7001301154492197,0.008702117514396156,3.720458066625021e-09,0.7001301154492197,1.2322105003015338e-08,1.4866737847350156e-09,2.957293787630988e-08,1.0,0.2998698966837128,0.008333333333333333,0.005366614703491155,0.03775480598751327,0.03775480389595032,0.0886530924566336,0.0886530950665474
ep_00042.npz,normal,200,80,36,3,1.12020821046907,0.013923387069659206,3.591977632000365e-09,3.3346534145106688e-09,1.12020821046907,0.041770159589102046,2.8740190560760936e-08,1.600000023841858,0.4797918418433958,0.013333333532015483,0.008586583653535871,0.03607750994886858,0.03607751056551933,0.2922181211137706,0.31373199820518494
ep_00043.npz,normal,200,80,36,3,0.840156181397214,0.020885081213588726,0.840156181397214,3.663095521355686e-09,0.8401561683159999,0.03132762080263202,2.9767303177941073e-08,1.2000000476837158,0.3598438903193662,0.020000000794728596,0.01287987580017902,0.19895514041935233,0.2242976427078247,0.17836047339158326,0.20899267494678497
ep_00044.npz,normal,210,84,37,4,0.2800670908001873,0.0038371729773519574,0.2800670908001873,3.6051437113382434e-09,6.943699837336226e-09,1.267867435662016e-09,2.796821296779939e-08,0.4000000059604645,0.20001504465391046,0.0015873016109542242,0.00320171906604381,0.09781965294978129,0.09645009785890579,0.0766655315182996,0.07666553556919098
ep_00045.npz,normal,213,86,37,3,0.3500838542341551,0.0033650645127844894,6.008919001265767e-09,0.3500838542341551,6.035877159193959e-09,1.1461130597701578e-09,2.810105753647818e-08,0.5,0.14991614625003868,0.001937984496124031,0.0025892204190984627,0.04165522216743633,0.041655223816633224,0.08279258793495498,0.08279258757829666
ep_00046.npz,normal,213,86,37,3,0.5601341678736126,0.005384104026663552,3.4401560766728068e-09,6.976264510516472e-09,0.5601341678736126,0.01615231044604277,3.013700289322685e-08,0.800000011920929,0.2398658375743411,0.0031007752400036004,0.004142752732289374,0.0406877633667403,0.040687765926122665,0.28555672173519814,0.293887197971344
ep_00047.npz,normal,213,86,37,3,0.420100645210317,0.008076153739569426,0.4201006245999591,3.2987524517524847e-09,0.420100645210317,0.012114230862177316,4.7648842871339525e-08,0.6000000238418579,0.17989938264860533,0.0046511629755182785,0.0062141292527636005,0.17525360657529532,0.17980998754501343,0.15435484815881564,0.16027909517288208
ep_00048.npz,normal,200,80,36,4,0.2800971708762108,0.006731349315009077,0.2800971708762108,5.230265415212543e-09,5.897262927989644e-09,1.370225802563112e-09,2.739484977754003e-08,0.4000000059604645,0.11999308548188348,0.0066666667660077415,0.004062947804571263,0.11120966300779912,0.12537534534931183,0.07056608567790722,0.0705660879611969
ep_00049.npz,normal,200,80,36,3,0.7001301188658364,0.00870211737864441,3.2095506946605568e-09,0.7001301188658364,7.250295613880908e-09,1.867800281286783e-09,2.8604113855301705e-08,1.0,0.2998698966837128,0.008333333333333333,0.005366614703491155,0.04990322751837878,0.049903228878974915,0.0899022944767798,0.08990229666233063
ep_00050.npz,normal,200,80,36,3,1.1202081998408215,0.013923387137381471,3.514819615912934e-09,3.7239170219693918e-09,1.1202081998408215,0.041770160101394414,3.180988028539389e-08,1.600000023841858,0.4797918418433958,0.013333333532015483,0.008586583653535871,0.04800101834526505,0.048001017421483994,0.17828879402984757,0.2235841602087021
ep_00051.npz,normal,200,80,36,3,0.8401561867795566,0.02088508094534782,0.8401561554205461,5.775667222263081e-09,0.8401561867795566,0.03132762238784286,2.963304235326092e-08,1.2000000476837158,0.3598438903193662,0.020000000794728596,0.01287987580017902,0.22697965509477996,0.25057452917099,0.16645476226224176,0.20195910334587097
ep_00052.npz,normal,209,84,37,4,0.28009717547075524,0.004642093566340261,0.28009717547075524,3.2633882263155556e-09,7.449092231937016e-09,1.4513140423757171e-09,2.885664418528222e-08,0.4000000059604645,0.11996300213452721,0.0031746032219084484,0.0033711863007503113,0.10053351202340868,0.10923263430595398,0.07418662233773245,0.07418662309646606
ep_00053.npz,normal,210,84,37,3,0.7001300824274588,0.005879531022219256,3.5189371694333005e-09,0.7001300824274588,9.028268521671379e-09,1.5091315329112369e-09,2.908552981795154e-08,1.0,0.2998698966837128,0.003968253968253968,0.004291196220287959,0.05176709304628105,0.05176709219813347,0.07949869397554417,0.07949869334697723
ep_00054.npz,normal,210,84,37,3,1.120208165739654,0.009407249272547208,4.634129274760923e-09,5.6507739598643525e-09,1.120208165739654,0.028221746054197677,3.004314463872504e-08,1.600000023841858,0.4797918418433958,0.006349206443816897,0.006865914054770821,0.050225861469906756,0.050225865095853806,0.18433356195100972,0.20572209358215332
ep_00055.npz,normal,210,84,37,3,0.8401562098415825,0.014110873893274877,0.8401562098415825,3.661890249362365e-09,0.8401561731858225,0.021166311002153642,5.247723283696715e-08,1.2000000476837158,0.3598438903193662,0.009523809902251714,0.010298871337931451,0.20830981883421837,0.22376324236392975,0.16577757932055628,0.18877843022346497
ep_00056.npz,normal,200,80,36,4,0.2800971642595948,0.006731350261347828,0.2800971642595948,4.881617610141831e-09,1.0927473925725906e-08,1.777339322982588e-09,2.9526700418003315e-08,0.4000000059604645,0.11999308548188348,0.0066666667660077415,0.004062947804571263,0.1120644383560662,0.12501877546310425,0.09298786160965615,0.09298786520957947
ep_00057.npz,normal,200,80,36,3,0.7001301053598556,0.008702116858629155,6.438898525473746e-09,0.7001301053598556,7.445682986828572e-09,1.7130938026991986e-09,2.7699216975651808e-08,1.0,0.2998698966837128,0.008333333333333333,0.005366614703491155,0.049282852219850966,0.049282852560281754,0.09505326881311607,0.09505326300859451
ep_00058.npz,normal,200,80,36,3,1.120208206633372,0.01392338681297499,6.438898525473746e-09,3.6975908723757556e-09,1.120208206633372,0.04177015898343889,2.7173496564003585e-08,1.600000023841858,0.4797918418433958,0.013333333532015483,0.008586583653535871,0.04612565567492133,0.046125657856464386,0.20276492124535742,0.23338428139686584
ep_00059.npz,normal,200,80,36,3,0.84015615424609,0.02088508178431274,0.84015615424609,3.452227836930888e-09,0.8401561281360563,0.031327622419826395,2.9763985387454284e-08,1.2000000476837158,0.3598438903193662,0.020000000794728596,0.01287987580017902,0.20437642810470688,0.22990866005420685,0.1718312562201964,0.20198099315166473
ep_00060.npz,normal,198,80,36,4,0.2802159588638591,0.004086547870132287,0.2802159588638591,3.2879314687539463e-09,7.445682986828572e-09,1.8937385968175943e-09,2.8810592023198467e-08,0.4000000059604645,0.12060612065573709,0.0016666666915019354,0.0034180807742683105,0.11477935423047736,0.11524984985589981,0.0874910289426928,0.08749102801084518
ep_00061.npz,normal,195,78,35,3,0.2998699095917887,0.004619736899743696,6.438898525473746e-09,0.2998699095917887,1.3816539690125751e-08,1.8596141357093006e-09,2.293650458451424e-08,0.0,0.29986989668371267,0.0,0.004619735820490724,0.050646334512970605,0.0506463348865509,0.09595397979037211,0.09595397859811783
ep_00062.npz,normal,195,78,35,3,0.4797918629832205,0.007391577983471053,6.438898525473746e-09,5.9397748941592e-09,0.4797918629832205,0.02217473243667606,2.969955303910865e-08,0.0,0.4797918418433959,0.0,0.007391577422928222,0.044998602427415824,0.04499860107898712,0.20981405935213573,0.1922682225704193
ep_00063.npz,normal,195,78,35,3,0.3598438832446089,0.011087367501022842,0.3598438832446089,5.857564155942185e-09,0.35984387384702277,0.01663105108531036,2.917087782439154e-08,0.0,0.3598438903193662,0.0,0.01108736640975007,0.19441285455235854,0.18294520676136017,0.17771840927455004,0.16184045374393463
ep_00064.npz,normal,400,160,37,7,1.0355947444784475,0.020722898073566916,0.9549556171155456,1.0355947444784475,0.4988935862251759,0.020046449057142923,4.157608168853244e-08,1.4791450500488281,0.4435502656377089,0.012485533269743125,0.015725103470048327,0.17844684340399397,0.1929180771112442,0.16359830992332858,0.1864011138677597
ep_00065.npz,normal,400,160,37,7,1.0020237050469816,0.024193628548372575,0.9360774332161355,1.0020237050469816,0.514369213509259,0.018211539117647436,4.7327537111563345e-08,1.431189477443695,0.4291657250691764,0.016312003384033838,0.017664249633345726,0.17614170185912686,0.19571341574192047,0.1914545661591895,0.21122775971889496
ep_00066.npz,normal,400,160,37,7,0.8843330002477021,0.020391771014566528,0.8843330002477021,0.8603463910305882,0.796194902174856,0.020418203162943054,2.9794070099953274e-08,1.2630958557128906,0.37876285927269565,0.012316544974843661,0.015462466995973426,0.2042233327519303,0.2217469960451126,0.16227590360978766,0.1861768662929535
ep_00067.npz,normal,400,160,37,7,0.8478394634454953,0.029782304376107138,0.7951475815521822,0.8156009626076663,0.8478394634454953,0.027036077437988505,3.6607242570596554e-08,1.2109625339508057,0.4288329638650817,0.0199392548451821,0.02180117566407377,0.2795185486570242,0.30579328536987305,0.21246638778048718,0.23498587310314178
ep_00068.npz,normal,400,160,37,7,0.888856273738776,0.022165952060446515,0.6553567956458752,0.888856273738776,0.4586546038375742,0.021321829484652055,3.657319347372123e-08,1.2695507407188416,0.4321717977151671,0.012230395960311094,0.017271330140540535,0.17676587145682277,0.19200249016284943,0.19252738702190414,0.21925672888755798
ep_00069.npz,normal,400,160,37,7,0.8321966178911435,0.022272798559721044,0.4208094103432892,0.8015785527049588,0.8321966178911435,0.03119731132813288,2.9844410165402735e-08,1.1886190474033356,0.3564224460293491,0.01550115824987491,0.016068601893436906,0.135402578059199,0.1455581933259964,0.2250011809821026,0.2539862394332886
ep_00070.npz,normal,400,160,37,7,0.9960730657620136,0.022836610161222046,0.9960730657620136,0.45198069331516577,0.8907648789130957,0.023911324721558984,4.1467276168383194e-08,1.4227018356323242,0.42662877232457863,0.015257913433015347,0.016729596680065864,0.221670819029832,0.2440311312675476,0.1874547297116518,0.20914487540721893
ep_00071.npz,normal,400,160,37,7,1.0536712715981615,0.029469607147422024,1.0536712715981615,0.9891196272938632,0.4409467582384763,0.023829502281780376,6.906800986694606e-08,1.5049630403518677,0.45129174244404485,0.017062297587593398,0.022640665153993,0.36444642149463347,0.39508792757987976,0.22318346122063754,0.24628056585788727
ep_00072.npz,normal,400,160,37,7,0.966245781935609,0.02392891510749181,0.966245781935609,0.22931972228585062,0.8762054116175837,0.02668532145447241,4.5149877725414456e-08,1.3800982236862183,0.41385243623890045,0.01645361495514711,0.017343046558259724,0.2827106672199549,0.3079651892185211,0.18789367607783827,0.2168925404548645
ep_00073.npz,normal,400,160,37,7,0.8961878404910262,0.019365053383569055,0.8373001304642833,0.8961878404910262,0.18536888389716466,0.007580665906544268,3.1707506731315505e-08,1.2800254225730896,0.38383756435471295,0.015285409366091093,0.013246498809649628,0.24392756097620075,0.26679059863090515,0.1573902787237657,0.16312344372272491
ep_00074.npz,normal,400,160,37,7,0.920254440227156,0.024028377613724096,0.856197525796317,0.4610722057700898,0.920254440227156,0.031551559553342615,3.0499978542763984e-08,1.3143901228904724,0.3941356750717292,0.015332791209220886,0.01789076800648106,0.19629043285078698,0.21424585580825806,0.22573495770206115,0.26025569438934326
ep_00075.npz,normal,400,160,37,7,1.0723149890281625,0.02482387831897012,0.6385982002361836,1.0723149890281625,0.9482971613852302,0.02701204096890646,6.949982400694665e-08,1.5315953493118286,0.4592803637049883,0.014336632626752058,0.01908545885182532,0.19286295893219646,0.212701216340065,0.23261845469045941,0.25683853030204773
ep_00076.npz,normal,400,160,37,7,0.9510636891016988,0.027342144504343874,0.9510636891016988,0.9076170226054692,0.42863005130777204,0.028311238017122275,7.108895089258382e-08,1.3584039807319641,0.40734030084829137,0.018051787341634432,0.02011649261656486,0.22985931653458214,0.2480170577764511,0.1904726663227366,0.220021590590477
ep_00077.npz,normal,400,160,37,7,0.9544009963186886,0.027670182897113958,0.6884012267973474,0.9544009963186886,0.5550297439104529,0.020093708448594975,4.379939411158773e-08,1.3631841540336609,0.4087831855373879,0.015907257236540316,0.021303483614485967,0.26567605458971333,0.2832823693752289,0.20797936026009517,0.22938519716262817
ep_00078.npz,normal,400,160,37,7,0.8678035389907901,0.025235766157377153,0.5036676303163167,0.764978781342597,0.8678035389907901,0.027404065094845442,4.273045339786563e-08,1.2394817471504211,0.37167816542917764,0.017441181217630705,0.01825505862976702,0.1812171901961761,0.19785140454769135,0.21590077015858433,0.24324768781661987
ep_00079.npz,normal,400,160,37,7,0.8659247054429047,0.022366784181911535,0.7061233528223445,0.8659247054429047,0.45177427178513896,0.022885677131542985,3.580000285108298e-08,1.2368106245994568,0.41690554374317224,0.0115095521012942,0.01775993955563649,0.18829116847355515,0.20454008877277374,0.20690037606365802,0.2328234612941742
