tau_s,direction,window_class,N,E_correct,E_swap,dE_self,D_before,D_after,P_target,S_dir,S_mag,MAE_vx_correct,MAE_vx_swap,MAE_vy_correct,MAE_vy_swap,MAE_wz_correct,MAE_wz_swap
0.25,friction_low->normal,transition,2669,1.3629187,1.2935443,-0.069374345,1.8662856,1.0743803,0.7919054,0.38918093,0.94174683,0.068145804,0.057998925,0.068378404,0.09101741,0.14172146,0.10174761
0.25,friction_low->normal,steady,2841,1.3368729,1.0831348,-0.25373816,1.6599092,1.0720121,0.5878972,0.25603223,1.0471082,0.06827806,0.092386454,0.10415627,0.05425962,0.117727235,0.09359799
0.25,friction_vlow->normal,transition,1570,1.9961232,1.8879478,-0.10817529,2.3923025,1.0664234,1.3258791,0.4621688,1.0596501,0.12084687,0.08753376,0.10983631,0.14017501,0.19518751,0.12979954
0.25,friction_vlow->normal,steady,1105,1.947677,1.2331338,-0.7145434,2.2688656,1.0790282,1.1898373,0.2993939,1.3619132,0.124151886,0.08484317,0.13149378,0.06971272,0.18048033,0.116262786
0.25,normal->friction_low,transition,2669,1.0635899,1.8480957,0.7845057,1.3139713,1.3819197,-0.06794846,0.38052082,0.9357998,0.052792873,0.1040034,0.05474603,0.110145725,0.109067835,0.1624974
0.25,normal->friction_low,steady,2841,1.0524191,1.6350695,0.5826503,1.1253622,1.3941432,-0.26878098,0.23089932,1.0445162,0.05369237,0.12622365,0.056390967,0.097537465,0.10814628,0.13845327
0.25,normal->friction_vlow,transition,1570,1.0404445,2.3817043,1.3412597,1.9087328,2.0494516,-0.14071897,0.44883698,1.0602709,0.053115297,0.1512665,0.052999444,0.13356778,0.10662763,0.22082597
0.25,normal->friction_vlow,steady,1105,1.0585142,2.2395005,1.1809864,1.2739815,1.987124,-0.7131424,0.27896014,1.346135,0.054391652,0.19183084,0.057919193,0.12055592,0.10825291,0.19469486
0.5,friction_low->normal,transition,2669,1.3629187,1.2935443,-0.069374345,1.8662856,1.0743803,0.7919054,0.38918093,0.94174683,0.068145804,0.057998925,0.068378404,0.09101741,0.14172146,0.10174761
0.5,friction_low->normal,steady,2841,1.3368729,1.0831348,-0.25373816,1.6599092,1.0720121,0.5878972,0.25603223,1.0471082,0.06827806,0.092386454,0.10415627,0.05425962,0.117727235,0.09359799
0.5,friction_vlow->normal,transition,1570,1.9961232,1.8879478,-0.10817529,2.3923025,1.0664234,1.3258791,0.4621688,1.0596501,0.12084687,0.08753376,0.10983631,0.14017501,0.19518751,0.12979954
0.5,friction_vlow->normal,steady,1105,1.947677,1.2331338,-0.7145434,2.2688656,1.0790282,1.1898373,0.2993939,1.3619132,0.124151886,0.08484317,0.13149378,0.06971272,0.18048033,0.116262786
0.5,normal->friction_low,transition,2669,1.0635899,1.8480957,0.7845057,1.3139713,1.3819197,-0.06794846,0.38052082,0.9357998,0.052792873,0.1040034,0.05474603,0.110145725,0.109067835,0.1624974
0.5,normal->friction_low,steady,2841,1.0524191,1.6350695,0.5826503,1.1253622,1.3941432,-0.26878098,0.23089932,1.0445162,0.05369237,0.12622365,0.056390967,0.097537465,0.10814628,0.13845327
0.5,normal->friction_vlow,transition,1570,1.0404445,2.3817043,1.3412597,1.9087328,2.0494516,-0.14071897,0.44883698,1.0602709,0.053115297,0.1512665,0.052999444,0.13356778,0.10662763,0.22082597
0.5,normal->friction_vlow,steady,1105,1.0585142,2.2395005,1.1809864,1.2739815,1.987124,-0.7131424,0.27896014,1.346135,0.054391652,0.19183084,0.057919193,0.12055592,0.10825291,0.19469486
1.0,friction_low->normal,transition,3102,1.3412915,1.2536349,-0.0876567,1.8343458,1.0747477,0.7595981,0.37460804,0.95136756,0.06777085,0.057321977,0.06846569,0.08497111,0.13888095,0.10249205
1.0,friction_low->normal,steady,2408,1.3600496,1.0967112,-0.2633385,1.6639444,1.071113,0.59283143,0.25086266,1.0536606,0.06878485,0.099441975,0.110477306,0.055438805,0.11707183,0.09117356
1.0,friction_vlow->normal,transition,1718,2.0296104,1.8329457,-0.19666454,2.4324193,1.0720681,1.3603513,0.45245808,1.1051383,0.12901238,0.08348157,0.108968735,0.13483866,0.1967022,0.12999411
1.0,friction_vlow->normal,steady,957,1.880069,1.2306062,-0.64946276,2.1777587,1.0708442,1.1069143,0.29165336,1.3269979,0.11000436,0.09170153,0.1364006,0.0683955,0.17548671,0.113820046
1.0,normal->friction_low,transition,3102,1.0594221,1.8169614,0.75753933,1.2804453,1.3750951,-0.094649926,0.36035576,0.95084125,0.052154515,0.10620523,0.055928543,0.105144635,0.1084118,0.16182673
1.0,normal->friction_low,steady,2408,1.0557795,1.636871,0.58109146,1.1346353,1.4051325,-0.2704971,0.22997157,1.0446888,0.054676462,0.12738284,0.055163436,0.10171271,0.10882568,0.1349937
1.0,normal->friction_vlow,transition,1718,1.0467656,2.4258156,1.37905,1.8545834,2.0853486,-0.23076527,0.43906596,1.1079404,0.053224582,0.16111326,0.05484485,0.1343095,0.106747895,0.22386014
1.0,normal->friction_vlow,steady,957,1.0499612,2.1383204,1.0883591,1.2730256,1.9130428,-0.64001715,0.27022955,1.3047678,0.054392856,0.18042727,0.055367183,0.11721212,0.10828836,0.18520671
